Copyright 1986-2022 Xilinx, Inc. All Rights Reserved. Copyright 2022-2025 Advanced Micro Devices, Inc. All Rights Reserved.
------------------------------------------------------------------------------------------------------------------------------------------------------------------------------------------------------------------------------------------------------------
| Tool Version : Vivado v.2025.1 (win64) Build 6140274 Thu May 22 00:12:29 MDT 2025
| Date         : Sun Oct 12 16:53:01 2025
| Host         : LAPTOP-JP12RQ9T running 64-bit major release  (build 9200)
| Command      : report_timing_summary -max_paths 10 -routable_nets -report_unconstrained -file design_2_wrapper_timing_summary_routed.rpt -pb design_2_wrapper_timing_summary_routed.pb -rpx design_2_wrapper_timing_summary_routed.rpx -warn_on_violation
| Design       : design_2_wrapper
| Device       : 7z020-clg400
| Speed File   : -1  PRODUCTION 1.12 2019-11-22
| Design State : Routed
------------------------------------------------------------------------------------------------------------------------------------------------------------------------------------------------------------------------------------------------------------

Timing Summary Report

------------------------------------------------------------------------------------------------
| Timer Settings
| --------------
------------------------------------------------------------------------------------------------

  Enable Multi Corner Analysis               :  Yes
  Enable Pessimism Removal                   :  Yes
  Pessimism Removal Resolution               :  Nearest Common Node
  Enable Input Delay Default Clock           :  No
  Enable Preset / Clear Arcs                 :  No
  Disable Flight Delays                      :  No
  Ignore I/O Paths                           :  No
  Timing Early Launch at Borrowing Latches   :  No
  Borrow Time for Max Delay Exceptions       :  Yes
  Merge Timing Exceptions                    :  Yes
  Inter-SLR Compensation                     :  Conservative

  Corner  Analyze    Analyze    
  Name    Max Paths  Min Paths  
  ------  ---------  ---------  
  Slow    Yes        Yes        
  Fast    Yes        Yes        


------------------------------------------------------------------------------------------------
| Report Methodology
| ------------------
------------------------------------------------------------------------------------------------

Rule       Severity          Description                     Violations  
---------  ----------------  ------------------------------  ----------  
TIMING-17  Critical Warning  Non-clocked sequential cell     1000        
LUTAR-1    Warning           LUT drives async reset alert    385         
TIMING-18  Warning           Missing input or output delay   7           
TIMING-20  Warning           Non-clocked latch               192         
LATCH-1    Advisory          Existing latches in the design  1           

Note: This report is based on the most recent report_methodology run and may not be up-to-date. Run report_methodology on the current design for the latest report.



check_timing report

Table of Contents
-----------------
1. checking no_clock (2952)
2. checking constant_clock (0)
3. checking pulse_width_clock (0)
4. checking unconstrained_internal_endpoints (4927)
5. checking no_input_delay (0)
6. checking no_output_delay (7)
7. checking multiple_clock (0)
8. checking generated_clocks (0)
9. checking loops (0)
10. checking partial_input_delay (0)
11. checking partial_output_delay (0)
12. checking latch_loops (0)

1. checking no_clock (2952)
---------------------------
 There are 160 register/latch pins with no clock driven by root clock pin: design_2_i/axi_gpio_5/U0/gpio_core_1/Not_Dual.gpio_Data_Out_reg[0]/Q (HIGH)

 There are 1973 register/latch pins with no clock driven by root clock pin: design_2_i/top_onn_system_wrapp_0/inst/riya/onn_1/clk_div/divided_clk_reg/Q (HIGH)

 There are 33 register/latch pins with no clock driven by root clock pin: design_2_i/top_onn_system_wrapp_0/inst/riya/onn_1/clk_div1/divided_clk_reg/Q (HIGH)

 There is 1 register/latch pin with no clock driven by root clock pin: design_2_i/top_onn_system_wrapp_0/inst/riya/onn_1/phi_out_reg[0][0]/Q (HIGH)

 There is 1 register/latch pin with no clock driven by root clock pin: design_2_i/top_onn_system_wrapp_0/inst/riya/onn_1/phi_out_reg[0][1]/Q (HIGH)

 There is 1 register/latch pin with no clock driven by root clock pin: design_2_i/top_onn_system_wrapp_0/inst/riya/onn_1/phi_out_reg[0][2]/Q (HIGH)

 There is 1 register/latch pin with no clock driven by root clock pin: design_2_i/top_onn_system_wrapp_0/inst/riya/onn_1/phi_out_reg[0][3]/Q (HIGH)

 There is 1 register/latch pin with no clock driven by root clock pin: design_2_i/top_onn_system_wrapp_0/inst/riya/onn_1/phi_out_reg[10][0]/Q (HIGH)

 There is 1 register/latch pin with no clock driven by root clock pin: design_2_i/top_onn_system_wrapp_0/inst/riya/onn_1/phi_out_reg[10][1]/Q (HIGH)

 There is 1 register/latch pin with no clock driven by root clock pin: design_2_i/top_onn_system_wrapp_0/inst/riya/onn_1/phi_out_reg[10][2]/Q (HIGH)

 There is 1 register/latch pin with no clock driven by root clock pin: design_2_i/top_onn_system_wrapp_0/inst/riya/onn_1/phi_out_reg[10][3]/Q (HIGH)

 There is 1 register/latch pin with no clock driven by root clock pin: design_2_i/top_onn_system_wrapp_0/inst/riya/onn_1/phi_out_reg[11][0]/Q (HIGH)

 There is 1 register/latch pin with no clock driven by root clock pin: design_2_i/top_onn_system_wrapp_0/inst/riya/onn_1/phi_out_reg[11][1]/Q (HIGH)

 There is 1 register/latch pin with no clock driven by root clock pin: design_2_i/top_onn_system_wrapp_0/inst/riya/onn_1/phi_out_reg[11][2]/Q (HIGH)

 There is 1 register/latch pin with no clock driven by root clock pin: design_2_i/top_onn_system_wrapp_0/inst/riya/onn_1/phi_out_reg[11][3]/Q (HIGH)

 There is 1 register/latch pin with no clock driven by root clock pin: design_2_i/top_onn_system_wrapp_0/inst/riya/onn_1/phi_out_reg[12][0]/Q (HIGH)

 There is 1 register/latch pin with no clock driven by root clock pin: design_2_i/top_onn_system_wrapp_0/inst/riya/onn_1/phi_out_reg[12][1]/Q (HIGH)

 There is 1 register/latch pin with no clock driven by root clock pin: design_2_i/top_onn_system_wrapp_0/inst/riya/onn_1/phi_out_reg[12][2]/Q (HIGH)

 There is 1 register/latch pin with no clock driven by root clock pin: design_2_i/top_onn_system_wrapp_0/inst/riya/onn_1/phi_out_reg[12][3]/Q (HIGH)

 There is 1 register/latch pin with no clock driven by root clock pin: design_2_i/top_onn_system_wrapp_0/inst/riya/onn_1/phi_out_reg[13][0]/Q (HIGH)

 There is 1 register/latch pin with no clock driven by root clock pin: design_2_i/top_onn_system_wrapp_0/inst/riya/onn_1/phi_out_reg[13][1]/Q (HIGH)

 There is 1 register/latch pin with no clock driven by root clock pin: design_2_i/top_onn_system_wrapp_0/inst/riya/onn_1/phi_out_reg[13][2]/Q (HIGH)

 There is 1 register/latch pin with no clock driven by root clock pin: design_2_i/top_onn_system_wrapp_0/inst/riya/onn_1/phi_out_reg[13][3]/Q (HIGH)

 There is 1 register/latch pin with no clock driven by root clock pin: design_2_i/top_onn_system_wrapp_0/inst/riya/onn_1/phi_out_reg[14][0]/Q (HIGH)

 There is 1 register/latch pin with no clock driven by root clock pin: design_2_i/top_onn_system_wrapp_0/inst/riya/onn_1/phi_out_reg[14][1]/Q (HIGH)

 There is 1 register/latch pin with no clock driven by root clock pin: design_2_i/top_onn_system_wrapp_0/inst/riya/onn_1/phi_out_reg[14][2]/Q (HIGH)

 There is 1 register/latch pin with no clock driven by root clock pin: design_2_i/top_onn_system_wrapp_0/inst/riya/onn_1/phi_out_reg[14][3]/Q (HIGH)

 There is 1 register/latch pin with no clock driven by root clock pin: design_2_i/top_onn_system_wrapp_0/inst/riya/onn_1/phi_out_reg[15][0]/Q (HIGH)

 There is 1 register/latch pin with no clock driven by root clock pin: design_2_i/top_onn_system_wrapp_0/inst/riya/onn_1/phi_out_reg[15][1]/Q (HIGH)

 There is 1 register/latch pin with no clock driven by root clock pin: design_2_i/top_onn_system_wrapp_0/inst/riya/onn_1/phi_out_reg[15][2]/Q (HIGH)

 There is 1 register/latch pin with no clock driven by root clock pin: design_2_i/top_onn_system_wrapp_0/inst/riya/onn_1/phi_out_reg[15][3]/Q (HIGH)

 There is 1 register/latch pin with no clock driven by root clock pin: design_2_i/top_onn_system_wrapp_0/inst/riya/onn_1/phi_out_reg[16][0]/Q (HIGH)

 There is 1 register/latch pin with no clock driven by root clock pin: design_2_i/top_onn_system_wrapp_0/inst/riya/onn_1/phi_out_reg[16][1]/Q (HIGH)

 There is 1 register/latch pin with no clock driven by root clock pin: design_2_i/top_onn_system_wrapp_0/inst/riya/onn_1/phi_out_reg[16][2]/Q (HIGH)

 There is 1 register/latch pin with no clock driven by root clock pin: design_2_i/top_onn_system_wrapp_0/inst/riya/onn_1/phi_out_reg[16][3]/Q (HIGH)

 There is 1 register/latch pin with no clock driven by root clock pin: design_2_i/top_onn_system_wrapp_0/inst/riya/onn_1/phi_out_reg[17][0]/Q (HIGH)

 There is 1 register/latch pin with no clock driven by root clock pin: design_2_i/top_onn_system_wrapp_0/inst/riya/onn_1/phi_out_reg[17][1]/Q (HIGH)

 There is 1 register/latch pin with no clock driven by root clock pin: design_2_i/top_onn_system_wrapp_0/inst/riya/onn_1/phi_out_reg[17][2]/Q (HIGH)

 There is 1 register/latch pin with no clock driven by root clock pin: design_2_i/top_onn_system_wrapp_0/inst/riya/onn_1/phi_out_reg[17][3]/Q (HIGH)

 There is 1 register/latch pin with no clock driven by root clock pin: design_2_i/top_onn_system_wrapp_0/inst/riya/onn_1/phi_out_reg[18][0]/Q (HIGH)

 There is 1 register/latch pin with no clock driven by root clock pin: design_2_i/top_onn_system_wrapp_0/inst/riya/onn_1/phi_out_reg[18][1]/Q (HIGH)

 There is 1 register/latch pin with no clock driven by root clock pin: design_2_i/top_onn_system_wrapp_0/inst/riya/onn_1/phi_out_reg[18][2]/Q (HIGH)

 There is 1 register/latch pin with no clock driven by root clock pin: design_2_i/top_onn_system_wrapp_0/inst/riya/onn_1/phi_out_reg[18][3]/Q (HIGH)

 There is 1 register/latch pin with no clock driven by root clock pin: design_2_i/top_onn_system_wrapp_0/inst/riya/onn_1/phi_out_reg[19][0]/Q (HIGH)

 There is 1 register/latch pin with no clock driven by root clock pin: design_2_i/top_onn_system_wrapp_0/inst/riya/onn_1/phi_out_reg[19][1]/Q (HIGH)

 There is 1 register/latch pin with no clock driven by root clock pin: design_2_i/top_onn_system_wrapp_0/inst/riya/onn_1/phi_out_reg[19][2]/Q (HIGH)

 There is 1 register/latch pin with no clock driven by root clock pin: design_2_i/top_onn_system_wrapp_0/inst/riya/onn_1/phi_out_reg[19][3]/Q (HIGH)

 There is 1 register/latch pin with no clock driven by root clock pin: design_2_i/top_onn_system_wrapp_0/inst/riya/onn_1/phi_out_reg[1][0]/Q (HIGH)

 There is 1 register/latch pin with no clock driven by root clock pin: design_2_i/top_onn_system_wrapp_0/inst/riya/onn_1/phi_out_reg[1][1]/Q (HIGH)

 There is 1 register/latch pin with no clock driven by root clock pin: design_2_i/top_onn_system_wrapp_0/inst/riya/onn_1/phi_out_reg[1][2]/Q (HIGH)

 There is 1 register/latch pin with no clock driven by root clock pin: design_2_i/top_onn_system_wrapp_0/inst/riya/onn_1/phi_out_reg[1][3]/Q (HIGH)

 There is 1 register/latch pin with no clock driven by root clock pin: design_2_i/top_onn_system_wrapp_0/inst/riya/onn_1/phi_out_reg[20][0]/Q (HIGH)

 There is 1 register/latch pin with no clock driven by root clock pin: design_2_i/top_onn_system_wrapp_0/inst/riya/onn_1/phi_out_reg[20][1]/Q (HIGH)

 There is 1 register/latch pin with no clock driven by root clock pin: design_2_i/top_onn_system_wrapp_0/inst/riya/onn_1/phi_out_reg[20][2]/Q (HIGH)

 There is 1 register/latch pin with no clock driven by root clock pin: design_2_i/top_onn_system_wrapp_0/inst/riya/onn_1/phi_out_reg[20][3]/Q (HIGH)

 There is 1 register/latch pin with no clock driven by root clock pin: design_2_i/top_onn_system_wrapp_0/inst/riya/onn_1/phi_out_reg[21][0]/Q (HIGH)

 There is 1 register/latch pin with no clock driven by root clock pin: design_2_i/top_onn_system_wrapp_0/inst/riya/onn_1/phi_out_reg[21][1]/Q (HIGH)

 There is 1 register/latch pin with no clock driven by root clock pin: design_2_i/top_onn_system_wrapp_0/inst/riya/onn_1/phi_out_reg[21][2]/Q (HIGH)

 There is 1 register/latch pin with no clock driven by root clock pin: design_2_i/top_onn_system_wrapp_0/inst/riya/onn_1/phi_out_reg[21][3]/Q (HIGH)

 There is 1 register/latch pin with no clock driven by root clock pin: design_2_i/top_onn_system_wrapp_0/inst/riya/onn_1/phi_out_reg[22][0]/Q (HIGH)

 There is 1 register/latch pin with no clock driven by root clock pin: design_2_i/top_onn_system_wrapp_0/inst/riya/onn_1/phi_out_reg[22][1]/Q (HIGH)

 There is 1 register/latch pin with no clock driven by root clock pin: design_2_i/top_onn_system_wrapp_0/inst/riya/onn_1/phi_out_reg[22][2]/Q (HIGH)

 There is 1 register/latch pin with no clock driven by root clock pin: design_2_i/top_onn_system_wrapp_0/inst/riya/onn_1/phi_out_reg[22][3]/Q (HIGH)

 There is 1 register/latch pin with no clock driven by root clock pin: design_2_i/top_onn_system_wrapp_0/inst/riya/onn_1/phi_out_reg[23][0]/Q (HIGH)

 There is 1 register/latch pin with no clock driven by root clock pin: design_2_i/top_onn_system_wrapp_0/inst/riya/onn_1/phi_out_reg[23][1]/Q (HIGH)

 There is 1 register/latch pin with no clock driven by root clock pin: design_2_i/top_onn_system_wrapp_0/inst/riya/onn_1/phi_out_reg[23][2]/Q (HIGH)

 There is 1 register/latch pin with no clock driven by root clock pin: design_2_i/top_onn_system_wrapp_0/inst/riya/onn_1/phi_out_reg[23][3]/Q (HIGH)

 There is 1 register/latch pin with no clock driven by root clock pin: design_2_i/top_onn_system_wrapp_0/inst/riya/onn_1/phi_out_reg[24][0]/Q (HIGH)

 There is 1 register/latch pin with no clock driven by root clock pin: design_2_i/top_onn_system_wrapp_0/inst/riya/onn_1/phi_out_reg[24][1]/Q (HIGH)

 There is 1 register/latch pin with no clock driven by root clock pin: design_2_i/top_onn_system_wrapp_0/inst/riya/onn_1/phi_out_reg[24][2]/Q (HIGH)

 There is 1 register/latch pin with no clock driven by root clock pin: design_2_i/top_onn_system_wrapp_0/inst/riya/onn_1/phi_out_reg[24][3]/Q (HIGH)

 There is 1 register/latch pin with no clock driven by root clock pin: design_2_i/top_onn_system_wrapp_0/inst/riya/onn_1/phi_out_reg[25][0]/Q (HIGH)

 There is 1 register/latch pin with no clock driven by root clock pin: design_2_i/top_onn_system_wrapp_0/inst/riya/onn_1/phi_out_reg[25][1]/Q (HIGH)

 There is 1 register/latch pin with no clock driven by root clock pin: design_2_i/top_onn_system_wrapp_0/inst/riya/onn_1/phi_out_reg[25][2]/Q (HIGH)

 There is 1 register/latch pin with no clock driven by root clock pin: design_2_i/top_onn_system_wrapp_0/inst/riya/onn_1/phi_out_reg[25][3]/Q (HIGH)

 There is 1 register/latch pin with no clock driven by root clock pin: design_2_i/top_onn_system_wrapp_0/inst/riya/onn_1/phi_out_reg[26][0]/Q (HIGH)

 There is 1 register/latch pin with no clock driven by root clock pin: design_2_i/top_onn_system_wrapp_0/inst/riya/onn_1/phi_out_reg[26][1]/Q (HIGH)

 There is 1 register/latch pin with no clock driven by root clock pin: design_2_i/top_onn_system_wrapp_0/inst/riya/onn_1/phi_out_reg[26][2]/Q (HIGH)

 There is 1 register/latch pin with no clock driven by root clock pin: design_2_i/top_onn_system_wrapp_0/inst/riya/onn_1/phi_out_reg[26][3]/Q (HIGH)

 There is 1 register/latch pin with no clock driven by root clock pin: design_2_i/top_onn_system_wrapp_0/inst/riya/onn_1/phi_out_reg[27][0]/Q (HIGH)

 There is 1 register/latch pin with no clock driven by root clock pin: design_2_i/top_onn_system_wrapp_0/inst/riya/onn_1/phi_out_reg[27][1]/Q (HIGH)

 There is 1 register/latch pin with no clock driven by root clock pin: design_2_i/top_onn_system_wrapp_0/inst/riya/onn_1/phi_out_reg[27][2]/Q (HIGH)

 There is 1 register/latch pin with no clock driven by root clock pin: design_2_i/top_onn_system_wrapp_0/inst/riya/onn_1/phi_out_reg[27][3]/Q (HIGH)

 There is 1 register/latch pin with no clock driven by root clock pin: design_2_i/top_onn_system_wrapp_0/inst/riya/onn_1/phi_out_reg[28][0]/Q (HIGH)

 There is 1 register/latch pin with no clock driven by root clock pin: design_2_i/top_onn_system_wrapp_0/inst/riya/onn_1/phi_out_reg[28][1]/Q (HIGH)

 There is 1 register/latch pin with no clock driven by root clock pin: design_2_i/top_onn_system_wrapp_0/inst/riya/onn_1/phi_out_reg[28][2]/Q (HIGH)

 There is 1 register/latch pin with no clock driven by root clock pin: design_2_i/top_onn_system_wrapp_0/inst/riya/onn_1/phi_out_reg[28][3]/Q (HIGH)

 There is 1 register/latch pin with no clock driven by root clock pin: design_2_i/top_onn_system_wrapp_0/inst/riya/onn_1/phi_out_reg[29][0]/Q (HIGH)

 There is 1 register/latch pin with no clock driven by root clock pin: design_2_i/top_onn_system_wrapp_0/inst/riya/onn_1/phi_out_reg[29][1]/Q (HIGH)

 There is 1 register/latch pin with no clock driven by root clock pin: design_2_i/top_onn_system_wrapp_0/inst/riya/onn_1/phi_out_reg[29][2]/Q (HIGH)

 There is 1 register/latch pin with no clock driven by root clock pin: design_2_i/top_onn_system_wrapp_0/inst/riya/onn_1/phi_out_reg[29][3]/Q (HIGH)

 There is 1 register/latch pin with no clock driven by root clock pin: design_2_i/top_onn_system_wrapp_0/inst/riya/onn_1/phi_out_reg[2][0]/Q (HIGH)

 There is 1 register/latch pin with no clock driven by root clock pin: design_2_i/top_onn_system_wrapp_0/inst/riya/onn_1/phi_out_reg[2][1]/Q (HIGH)

 There is 1 register/latch pin with no clock driven by root clock pin: design_2_i/top_onn_system_wrapp_0/inst/riya/onn_1/phi_out_reg[2][2]/Q (HIGH)

 There is 1 register/latch pin with no clock driven by root clock pin: design_2_i/top_onn_system_wrapp_0/inst/riya/onn_1/phi_out_reg[2][3]/Q (HIGH)

 There is 1 register/latch pin with no clock driven by root clock pin: design_2_i/top_onn_system_wrapp_0/inst/riya/onn_1/phi_out_reg[30][0]/Q (HIGH)

 There is 1 register/latch pin with no clock driven by root clock pin: design_2_i/top_onn_system_wrapp_0/inst/riya/onn_1/phi_out_reg[30][1]/Q (HIGH)

 There is 1 register/latch pin with no clock driven by root clock pin: design_2_i/top_onn_system_wrapp_0/inst/riya/onn_1/phi_out_reg[30][2]/Q (HIGH)

 There is 1 register/latch pin with no clock driven by root clock pin: design_2_i/top_onn_system_wrapp_0/inst/riya/onn_1/phi_out_reg[30][3]/Q (HIGH)

 There is 1 register/latch pin with no clock driven by root clock pin: design_2_i/top_onn_system_wrapp_0/inst/riya/onn_1/phi_out_reg[31][0]/Q (HIGH)

 There is 1 register/latch pin with no clock driven by root clock pin: design_2_i/top_onn_system_wrapp_0/inst/riya/onn_1/phi_out_reg[31][1]/Q (HIGH)

 There is 1 register/latch pin with no clock driven by root clock pin: design_2_i/top_onn_system_wrapp_0/inst/riya/onn_1/phi_out_reg[31][2]/Q (HIGH)

 There is 1 register/latch pin with no clock driven by root clock pin: design_2_i/top_onn_system_wrapp_0/inst/riya/onn_1/phi_out_reg[31][3]/Q (HIGH)

 There is 1 register/latch pin with no clock driven by root clock pin: design_2_i/top_onn_system_wrapp_0/inst/riya/onn_1/phi_out_reg[32][0]/Q (HIGH)

 There is 1 register/latch pin with no clock driven by root clock pin: design_2_i/top_onn_system_wrapp_0/inst/riya/onn_1/phi_out_reg[32][1]/Q (HIGH)

 There is 1 register/latch pin with no clock driven by root clock pin: design_2_i/top_onn_system_wrapp_0/inst/riya/onn_1/phi_out_reg[32][2]/Q (HIGH)

 There is 1 register/latch pin with no clock driven by root clock pin: design_2_i/top_onn_system_wrapp_0/inst/riya/onn_1/phi_out_reg[32][3]/Q (HIGH)

 There is 1 register/latch pin with no clock driven by root clock pin: design_2_i/top_onn_system_wrapp_0/inst/riya/onn_1/phi_out_reg[33][0]/Q (HIGH)

 There is 1 register/latch pin with no clock driven by root clock pin: design_2_i/top_onn_system_wrapp_0/inst/riya/onn_1/phi_out_reg[33][1]/Q (HIGH)

 There is 1 register/latch pin with no clock driven by root clock pin: design_2_i/top_onn_system_wrapp_0/inst/riya/onn_1/phi_out_reg[33][2]/Q (HIGH)

 There is 1 register/latch pin with no clock driven by root clock pin: design_2_i/top_onn_system_wrapp_0/inst/riya/onn_1/phi_out_reg[33][3]/Q (HIGH)

 There is 1 register/latch pin with no clock driven by root clock pin: design_2_i/top_onn_system_wrapp_0/inst/riya/onn_1/phi_out_reg[34][0]/Q (HIGH)

 There is 1 register/latch pin with no clock driven by root clock pin: design_2_i/top_onn_system_wrapp_0/inst/riya/onn_1/phi_out_reg[34][1]/Q (HIGH)

 There is 1 register/latch pin with no clock driven by root clock pin: design_2_i/top_onn_system_wrapp_0/inst/riya/onn_1/phi_out_reg[34][2]/Q (HIGH)

 There is 1 register/latch pin with no clock driven by root clock pin: design_2_i/top_onn_system_wrapp_0/inst/riya/onn_1/phi_out_reg[34][3]/Q (HIGH)

 There is 1 register/latch pin with no clock driven by root clock pin: design_2_i/top_onn_system_wrapp_0/inst/riya/onn_1/phi_out_reg[35][0]/Q (HIGH)

 There is 1 register/latch pin with no clock driven by root clock pin: design_2_i/top_onn_system_wrapp_0/inst/riya/onn_1/phi_out_reg[35][1]/Q (HIGH)

 There is 1 register/latch pin with no clock driven by root clock pin: design_2_i/top_onn_system_wrapp_0/inst/riya/onn_1/phi_out_reg[35][2]/Q (HIGH)

 There is 1 register/latch pin with no clock driven by root clock pin: design_2_i/top_onn_system_wrapp_0/inst/riya/onn_1/phi_out_reg[35][3]/Q (HIGH)

 There is 1 register/latch pin with no clock driven by root clock pin: design_2_i/top_onn_system_wrapp_0/inst/riya/onn_1/phi_out_reg[36][0]/Q (HIGH)

 There is 1 register/latch pin with no clock driven by root clock pin: design_2_i/top_onn_system_wrapp_0/inst/riya/onn_1/phi_out_reg[36][1]/Q (HIGH)

 There is 1 register/latch pin with no clock driven by root clock pin: design_2_i/top_onn_system_wrapp_0/inst/riya/onn_1/phi_out_reg[36][2]/Q (HIGH)

 There is 1 register/latch pin with no clock driven by root clock pin: design_2_i/top_onn_system_wrapp_0/inst/riya/onn_1/phi_out_reg[36][3]/Q (HIGH)

 There is 1 register/latch pin with no clock driven by root clock pin: design_2_i/top_onn_system_wrapp_0/inst/riya/onn_1/phi_out_reg[37][0]/Q (HIGH)

 There is 1 register/latch pin with no clock driven by root clock pin: design_2_i/top_onn_system_wrapp_0/inst/riya/onn_1/phi_out_reg[37][1]/Q (HIGH)

 There is 1 register/latch pin with no clock driven by root clock pin: design_2_i/top_onn_system_wrapp_0/inst/riya/onn_1/phi_out_reg[37][2]/Q (HIGH)

 There is 1 register/latch pin with no clock driven by root clock pin: design_2_i/top_onn_system_wrapp_0/inst/riya/onn_1/phi_out_reg[37][3]/Q (HIGH)

 There is 1 register/latch pin with no clock driven by root clock pin: design_2_i/top_onn_system_wrapp_0/inst/riya/onn_1/phi_out_reg[38][0]/Q (HIGH)

 There is 1 register/latch pin with no clock driven by root clock pin: design_2_i/top_onn_system_wrapp_0/inst/riya/onn_1/phi_out_reg[38][1]/Q (HIGH)

 There is 1 register/latch pin with no clock driven by root clock pin: design_2_i/top_onn_system_wrapp_0/inst/riya/onn_1/phi_out_reg[38][2]/Q (HIGH)

 There is 1 register/latch pin with no clock driven by root clock pin: design_2_i/top_onn_system_wrapp_0/inst/riya/onn_1/phi_out_reg[38][3]/Q (HIGH)

 There is 1 register/latch pin with no clock driven by root clock pin: design_2_i/top_onn_system_wrapp_0/inst/riya/onn_1/phi_out_reg[39][0]/Q (HIGH)

 There is 1 register/latch pin with no clock driven by root clock pin: design_2_i/top_onn_system_wrapp_0/inst/riya/onn_1/phi_out_reg[39][1]/Q (HIGH)

 There is 1 register/latch pin with no clock driven by root clock pin: design_2_i/top_onn_system_wrapp_0/inst/riya/onn_1/phi_out_reg[39][2]/Q (HIGH)

 There is 1 register/latch pin with no clock driven by root clock pin: design_2_i/top_onn_system_wrapp_0/inst/riya/onn_1/phi_out_reg[39][3]/Q (HIGH)

 There is 1 register/latch pin with no clock driven by root clock pin: design_2_i/top_onn_system_wrapp_0/inst/riya/onn_1/phi_out_reg[3][0]/Q (HIGH)

 There is 1 register/latch pin with no clock driven by root clock pin: design_2_i/top_onn_system_wrapp_0/inst/riya/onn_1/phi_out_reg[3][1]/Q (HIGH)

 There is 1 register/latch pin with no clock driven by root clock pin: design_2_i/top_onn_system_wrapp_0/inst/riya/onn_1/phi_out_reg[3][2]/Q (HIGH)

 There is 1 register/latch pin with no clock driven by root clock pin: design_2_i/top_onn_system_wrapp_0/inst/riya/onn_1/phi_out_reg[3][3]/Q (HIGH)

 There is 1 register/latch pin with no clock driven by root clock pin: design_2_i/top_onn_system_wrapp_0/inst/riya/onn_1/phi_out_reg[4][0]/Q (HIGH)

 There is 1 register/latch pin with no clock driven by root clock pin: design_2_i/top_onn_system_wrapp_0/inst/riya/onn_1/phi_out_reg[4][1]/Q (HIGH)

 There is 1 register/latch pin with no clock driven by root clock pin: design_2_i/top_onn_system_wrapp_0/inst/riya/onn_1/phi_out_reg[4][2]/Q (HIGH)

 There is 1 register/latch pin with no clock driven by root clock pin: design_2_i/top_onn_system_wrapp_0/inst/riya/onn_1/phi_out_reg[4][3]/Q (HIGH)

 There is 1 register/latch pin with no clock driven by root clock pin: design_2_i/top_onn_system_wrapp_0/inst/riya/onn_1/phi_out_reg[5][0]/Q (HIGH)

 There is 1 register/latch pin with no clock driven by root clock pin: design_2_i/top_onn_system_wrapp_0/inst/riya/onn_1/phi_out_reg[5][1]/Q (HIGH)

 There is 1 register/latch pin with no clock driven by root clock pin: design_2_i/top_onn_system_wrapp_0/inst/riya/onn_1/phi_out_reg[5][2]/Q (HIGH)

 There is 1 register/latch pin with no clock driven by root clock pin: design_2_i/top_onn_system_wrapp_0/inst/riya/onn_1/phi_out_reg[5][3]/Q (HIGH)

 There is 1 register/latch pin with no clock driven by root clock pin: design_2_i/top_onn_system_wrapp_0/inst/riya/onn_1/phi_out_reg[6][0]/Q (HIGH)

 There is 1 register/latch pin with no clock driven by root clock pin: design_2_i/top_onn_system_wrapp_0/inst/riya/onn_1/phi_out_reg[6][1]/Q (HIGH)

 There is 1 register/latch pin with no clock driven by root clock pin: design_2_i/top_onn_system_wrapp_0/inst/riya/onn_1/phi_out_reg[6][2]/Q (HIGH)

 There is 1 register/latch pin with no clock driven by root clock pin: design_2_i/top_onn_system_wrapp_0/inst/riya/onn_1/phi_out_reg[6][3]/Q (HIGH)

 There is 1 register/latch pin with no clock driven by root clock pin: design_2_i/top_onn_system_wrapp_0/inst/riya/onn_1/phi_out_reg[7][0]/Q (HIGH)

 There is 1 register/latch pin with no clock driven by root clock pin: design_2_i/top_onn_system_wrapp_0/inst/riya/onn_1/phi_out_reg[7][1]/Q (HIGH)

 There is 1 register/latch pin with no clock driven by root clock pin: design_2_i/top_onn_system_wrapp_0/inst/riya/onn_1/phi_out_reg[7][2]/Q (HIGH)

 There is 1 register/latch pin with no clock driven by root clock pin: design_2_i/top_onn_system_wrapp_0/inst/riya/onn_1/phi_out_reg[7][3]/Q (HIGH)

 There is 1 register/latch pin with no clock driven by root clock pin: design_2_i/top_onn_system_wrapp_0/inst/riya/onn_1/phi_out_reg[8][0]/Q (HIGH)

 There is 1 register/latch pin with no clock driven by root clock pin: design_2_i/top_onn_system_wrapp_0/inst/riya/onn_1/phi_out_reg[8][1]/Q (HIGH)

 There is 1 register/latch pin with no clock driven by root clock pin: design_2_i/top_onn_system_wrapp_0/inst/riya/onn_1/phi_out_reg[8][2]/Q (HIGH)

 There is 1 register/latch pin with no clock driven by root clock pin: design_2_i/top_onn_system_wrapp_0/inst/riya/onn_1/phi_out_reg[8][3]/Q (HIGH)

 There is 1 register/latch pin with no clock driven by root clock pin: design_2_i/top_onn_system_wrapp_0/inst/riya/onn_1/phi_out_reg[9][0]/Q (HIGH)

 There is 1 register/latch pin with no clock driven by root clock pin: design_2_i/top_onn_system_wrapp_0/inst/riya/onn_1/phi_out_reg[9][1]/Q (HIGH)

 There is 1 register/latch pin with no clock driven by root clock pin: design_2_i/top_onn_system_wrapp_0/inst/riya/onn_1/phi_out_reg[9][2]/Q (HIGH)

 There is 1 register/latch pin with no clock driven by root clock pin: design_2_i/top_onn_system_wrapp_0/inst/riya/onn_1/phi_out_reg[9][3]/Q (HIGH)

 There are 401 register/latch pins with no clock driven by root clock pin: design_2_i/top_onn_system_wrapp_0/inst/riya/onn_2/clk_div/divided_clk_reg/Q (HIGH)

 There are 33 register/latch pins with no clock driven by root clock pin: design_2_i/top_onn_system_wrapp_0/inst/riya/onn_2/clk_div1/divided_clk_reg/Q (HIGH)

 There is 1 register/latch pin with no clock driven by root clock pin: design_2_i/top_onn_system_wrapp_0/inst/riya/onn_2/phi_out_reg[0][0]/Q (HIGH)

 There is 1 register/latch pin with no clock driven by root clock pin: design_2_i/top_onn_system_wrapp_0/inst/riya/onn_2/phi_out_reg[0][1]/Q (HIGH)

 There is 1 register/latch pin with no clock driven by root clock pin: design_2_i/top_onn_system_wrapp_0/inst/riya/onn_2/phi_out_reg[0][2]/Q (HIGH)

 There is 1 register/latch pin with no clock driven by root clock pin: design_2_i/top_onn_system_wrapp_0/inst/riya/onn_2/phi_out_reg[0][3]/Q (HIGH)

 There is 1 register/latch pin with no clock driven by root clock pin: design_2_i/top_onn_system_wrapp_0/inst/riya/onn_2/phi_out_reg[1][0]/Q (HIGH)

 There is 1 register/latch pin with no clock driven by root clock pin: design_2_i/top_onn_system_wrapp_0/inst/riya/onn_2/phi_out_reg[1][1]/Q (HIGH)

 There is 1 register/latch pin with no clock driven by root clock pin: design_2_i/top_onn_system_wrapp_0/inst/riya/onn_2/phi_out_reg[1][2]/Q (HIGH)

 There is 1 register/latch pin with no clock driven by root clock pin: design_2_i/top_onn_system_wrapp_0/inst/riya/onn_2/phi_out_reg[1][3]/Q (HIGH)

 There is 1 register/latch pin with no clock driven by root clock pin: design_2_i/top_onn_system_wrapp_0/inst/riya/onn_2/phi_out_reg[2][0]/Q (HIGH)

 There is 1 register/latch pin with no clock driven by root clock pin: design_2_i/top_onn_system_wrapp_0/inst/riya/onn_2/phi_out_reg[2][1]/Q (HIGH)

 There is 1 register/latch pin with no clock driven by root clock pin: design_2_i/top_onn_system_wrapp_0/inst/riya/onn_2/phi_out_reg[2][2]/Q (HIGH)

 There is 1 register/latch pin with no clock driven by root clock pin: design_2_i/top_onn_system_wrapp_0/inst/riya/onn_2/phi_out_reg[2][3]/Q (HIGH)

 There is 1 register/latch pin with no clock driven by root clock pin: design_2_i/top_onn_system_wrapp_0/inst/riya/onn_2/phi_out_reg[3][0]/Q (HIGH)

 There is 1 register/latch pin with no clock driven by root clock pin: design_2_i/top_onn_system_wrapp_0/inst/riya/onn_2/phi_out_reg[3][1]/Q (HIGH)

 There is 1 register/latch pin with no clock driven by root clock pin: design_2_i/top_onn_system_wrapp_0/inst/riya/onn_2/phi_out_reg[3][2]/Q (HIGH)

 There is 1 register/latch pin with no clock driven by root clock pin: design_2_i/top_onn_system_wrapp_0/inst/riya/onn_2/phi_out_reg[3][3]/Q (HIGH)

 There is 1 register/latch pin with no clock driven by root clock pin: design_2_i/top_onn_system_wrapp_0/inst/riya/onn_2/phi_out_reg[4][0]/Q (HIGH)

 There is 1 register/latch pin with no clock driven by root clock pin: design_2_i/top_onn_system_wrapp_0/inst/riya/onn_2/phi_out_reg[4][1]/Q (HIGH)

 There is 1 register/latch pin with no clock driven by root clock pin: design_2_i/top_onn_system_wrapp_0/inst/riya/onn_2/phi_out_reg[4][2]/Q (HIGH)

 There is 1 register/latch pin with no clock driven by root clock pin: design_2_i/top_onn_system_wrapp_0/inst/riya/onn_2/phi_out_reg[4][3]/Q (HIGH)

 There is 1 register/latch pin with no clock driven by root clock pin: design_2_i/top_onn_system_wrapp_0/inst/riya/onn_2/phi_out_reg[5][0]/Q (HIGH)

 There is 1 register/latch pin with no clock driven by root clock pin: design_2_i/top_onn_system_wrapp_0/inst/riya/onn_2/phi_out_reg[5][1]/Q (HIGH)

 There is 1 register/latch pin with no clock driven by root clock pin: design_2_i/top_onn_system_wrapp_0/inst/riya/onn_2/phi_out_reg[5][2]/Q (HIGH)

 There is 1 register/latch pin with no clock driven by root clock pin: design_2_i/top_onn_system_wrapp_0/inst/riya/onn_2/phi_out_reg[5][3]/Q (HIGH)

 There is 1 register/latch pin with no clock driven by root clock pin: design_2_i/top_onn_system_wrapp_0/inst/riya/onn_2/phi_out_reg[6][0]/Q (HIGH)

 There is 1 register/latch pin with no clock driven by root clock pin: design_2_i/top_onn_system_wrapp_0/inst/riya/onn_2/phi_out_reg[6][1]/Q (HIGH)

 There is 1 register/latch pin with no clock driven by root clock pin: design_2_i/top_onn_system_wrapp_0/inst/riya/onn_2/phi_out_reg[6][2]/Q (HIGH)

 There is 1 register/latch pin with no clock driven by root clock pin: design_2_i/top_onn_system_wrapp_0/inst/riya/onn_2/phi_out_reg[6][3]/Q (HIGH)

 There is 1 register/latch pin with no clock driven by root clock pin: design_2_i/top_onn_system_wrapp_0/inst/riya/onn_2/phi_out_reg[7][0]/Q (HIGH)

 There is 1 register/latch pin with no clock driven by root clock pin: design_2_i/top_onn_system_wrapp_0/inst/riya/onn_2/phi_out_reg[7][1]/Q (HIGH)

 There is 1 register/latch pin with no clock driven by root clock pin: design_2_i/top_onn_system_wrapp_0/inst/riya/onn_2/phi_out_reg[7][2]/Q (HIGH)

 There is 1 register/latch pin with no clock driven by root clock pin: design_2_i/top_onn_system_wrapp_0/inst/riya/onn_2/phi_out_reg[7][3]/Q (HIGH)

 There are 32 register/latch pins with no clock driven by root clock pin: design_2_i/top_onn_system_wrapp_0/inst/riya/start_2ONN_counter_reg[0]/Q (HIGH)

 There are 32 register/latch pins with no clock driven by root clock pin: design_2_i/top_onn_system_wrapp_0/inst/riya/start_2ONN_counter_reg[1]/Q (HIGH)

 There are 32 register/latch pins with no clock driven by root clock pin: design_2_i/top_onn_system_wrapp_0/inst/riya/start_2ONN_counter_reg[2]/Q (HIGH)

 There are 32 register/latch pins with no clock driven by root clock pin: design_2_i/top_onn_system_wrapp_0/inst/riya/start_2ONN_counter_reg[3]/Q (HIGH)

 There are 32 register/latch pins with no clock driven by root clock pin: design_2_i/top_onn_system_wrapp_0/inst/riya/start_2ONN_counter_reg[4]/Q (HIGH)


2. checking constant_clock (0)
------------------------------
 There are 0 register/latch pins with constant_clock.


3. checking pulse_width_clock (0)
---------------------------------
 There are 0 register/latch pins which need pulse_width check


4. checking unconstrained_internal_endpoints (4927)
---------------------------------------------------
 There are 4927 pins that are not constrained for maximum delay. (HIGH)

 There are 0 pins that are not constrained for maximum delay due to constant clock.


5. checking no_input_delay (0)
------------------------------
 There are 0 input ports with no input delay specified.

 There are 0 input ports with no input delay but user has a false path constraint.


6. checking no_output_delay (7)
-------------------------------
 There are 7 ports with no output delay specified. (HIGH)

 There are 0 ports with no output delay but user has a false path constraint

 There are 0 ports with no output delay but with a timing clock defined on it or propagating through it


7. checking multiple_clock (0)
------------------------------
 There are 0 register/latch pins with multiple clocks.


8. checking generated_clocks (0)
--------------------------------
 There are 0 generated clocks that are not connected to a clock source.


9. checking loops (0)
---------------------
 There are 0 combinational loops in the design.


10. checking partial_input_delay (0)
------------------------------------
 There are 0 input ports with partial input delay specified.


11. checking partial_output_delay (0)
-------------------------------------
 There are 0 ports with partial output delay specified.


12. checking latch_loops (0)
----------------------------
 There are 0 combinational latch loops in the design through latch input



------------------------------------------------------------------------------------------------
| Design Timing Summary
| ---------------------
------------------------------------------------------------------------------------------------

    WNS(ns)      TNS(ns)  TNS Failing Endpoints  TNS Total Endpoints      WHS(ns)      THS(ns)  THS Failing Endpoints  THS Total Endpoints     WPWS(ns)     TPWS(ns)  TPWS Failing Endpoints  TPWS Total Endpoints  
    -------      -------  ---------------------  -------------------      -------      -------  ---------------------  -------------------     --------     --------  ----------------------  --------------------  
      3.849        0.000                      0                 4410        0.037        0.000                      0                 4410        9.020        0.000                       0                  2094  


All user specified timing constraints are met.


------------------------------------------------------------------------------------------------
| Clock Summary
| -------------
------------------------------------------------------------------------------------------------

Clock       Waveform(ns)       Period(ns)      Frequency(MHz)
-----       ------------       ----------      --------------
clk_fpga_0  {0.000 10.000}     20.000          50.000          


------------------------------------------------------------------------------------------------
| Intra Clock Table
| -----------------
------------------------------------------------------------------------------------------------

Clock             WNS(ns)      TNS(ns)  TNS Failing Endpoints  TNS Total Endpoints      WHS(ns)      THS(ns)  THS Failing Endpoints  THS Total Endpoints     WPWS(ns)     TPWS(ns)  TPWS Failing Endpoints  TPWS Total Endpoints  
-----             -------      -------  ---------------------  -------------------      -------      -------  ---------------------  -------------------     --------     --------  ----------------------  --------------------  
clk_fpga_0          3.849        0.000                      0                 4313        0.037        0.000                      0                 4313        9.020        0.000                       0                  2094  


------------------------------------------------------------------------------------------------
| Inter Clock Table
| -----------------
------------------------------------------------------------------------------------------------

From Clock    To Clock          WNS(ns)      TNS(ns)  TNS Failing Endpoints  TNS Total Endpoints      WHS(ns)      THS(ns)  THS Failing Endpoints  THS Total Endpoints  
----------    --------          -------      -------  ---------------------  -------------------      -------      -------  ---------------------  -------------------  


------------------------------------------------------------------------------------------------
| Other Path Groups Table
| -----------------------
------------------------------------------------------------------------------------------------

Path Group         From Clock         To Clock               WNS(ns)      TNS(ns)  TNS Failing Endpoints  TNS Total Endpoints      WHS(ns)      THS(ns)  THS Failing Endpoints  THS Total Endpoints  
----------         ----------         --------               -------      -------  ---------------------  -------------------      -------      -------  ---------------------  -------------------  
**async_default**  clk_fpga_0         clk_fpga_0              11.347        0.000                      0                   97        1.156        0.000                      0                   97  


------------------------------------------------------------------------------------------------
| User Ignored Path Table
| -----------------------
------------------------------------------------------------------------------------------------

Path Group    From Clock    To Clock    
----------    ----------    --------    
(none)                      clk_fpga_0    
(none)        clk_fpga_0    clk_fpga_0    


------------------------------------------------------------------------------------------------
| Unconstrained Path Table
| ------------------------
------------------------------------------------------------------------------------------------

Path Group    From Clock    To Clock    
----------    ----------    --------    
(none)                                    
(none)        clk_fpga_0                  
(none)                      clk_fpga_0    


------------------------------------------------------------------------------------------------
| Timing Details
| --------------
------------------------------------------------------------------------------------------------


---------------------------------------------------------------------------------------------------
From Clock:  clk_fpga_0
  To Clock:  clk_fpga_0

Setup :            0  Failing Endpoints,  Worst Slack        3.849ns,  Total Violation        0.000ns
Hold  :            0  Failing Endpoints,  Worst Slack        0.037ns,  Total Violation        0.000ns
PW    :            0  Failing Endpoints,  Worst Slack        9.020ns,  Total Violation        0.000ns
---------------------------------------------------------------------------------------------------


Max Delay Paths
--------------------------------------------------------------------------------------
Slack (MET) :             3.849ns  (required time - arrival time)
  Source:                 design_2_i/top_onn_system_wrapp_0/inst/riya/onn_1/matcher_inst/index_reg_rep[0]/C
                            (rising edge-triggered cell FDCE clocked by clk_fpga_0  {rise@0.000ns fall@10.000ns period=20.000ns})
  Destination:            design_2_i/top_onn_system_wrapp_0/inst/riya/onn_1/matcher_inst/best_match_reg[9]/D
                            (rising edge-triggered cell FDCE clocked by clk_fpga_0  {rise@0.000ns fall@10.000ns period=20.000ns})
  Path Group:             clk_fpga_0
  Path Type:              Setup (Max at Slow Process Corner)
  Requirement:            20.000ns  (clk_fpga_0 rise@20.000ns - clk_fpga_0 rise@0.000ns)
  Data Path Delay:        15.584ns  (logic 3.892ns (24.975%)  route 11.692ns (75.025%))
  Logic Levels:           13  (CARRY4=3 LUT3=3 LUT4=2 LUT5=3 LUT6=2)
  Clock Path Skew:        0.006ns (DCD - SCD + CPR)
    Destination Clock Delay (DCD):    2.801ns = ( 22.802 - 20.000 ) 
    Source Clock Delay      (SCD):    3.025ns
    Clock Pessimism Removal (CPR):    0.230ns
  Clock Uncertainty:      0.302ns  ((TSJ^2 + TIJ^2)^1/2 + DJ) / 2 + PE
    Total System Jitter     (TSJ):    0.071ns
    Total Input Jitter      (TIJ):    0.600ns
    Discrete Jitter          (DJ):    0.000ns
    Phase Error              (PE):    0.000ns

    Location             Delay type                Incr(ns)  Path(ns)    Netlist Resource(s)
  -------------------------------------------------------------------    -------------------
                         (clock clk_fpga_0 rise edge)
                                                      0.000     0.000 r  
    PS7_X0Y0             PS7                          0.000     0.000 r  design_2_i/processing_system7_0/inst/PS7_i/FCLKCLK[0]
                         net (fo=1, routed)           1.193     1.193    design_2_i/processing_system7_0/inst/FCLK_CLK_unbuffered[0]
    BUFGCTRL_X0Y16       BUFG (Prop_bufg_I_O)         0.101     1.294 r  design_2_i/processing_system7_0/inst/buffer_fclk_clk_0.FCLK_CLK_0_BUFG/O
                         net (fo=2094, routed)        1.731     3.025    design_2_i/top_onn_system_wrapp_0/inst/riya/onn_1/matcher_inst/clk
    SLICE_X70Y10         FDCE                                         r  design_2_i/top_onn_system_wrapp_0/inst/riya/onn_1/matcher_inst/index_reg_rep[0]/C
  -------------------------------------------------------------------    -------------------
    SLICE_X70Y10         FDCE (Prop_fdce_C_Q)         0.456     3.481 r  design_2_i/top_onn_system_wrapp_0/inst/riya/onn_1/matcher_inst/index_reg_rep[0]/Q
                         net (fo=37, routed)          1.291     4.772    design_2_i/top_onn_system_wrapp_0/inst/riya/onn_1/matcher_inst/index_reg_rep[0]
    SLICE_X62Y22         LUT5 (Prop_lut5_I3_O)        0.150     4.922 r  design_2_i/top_onn_system_wrapp_0/inst/riya/onn_1/matcher_inst/min_total_diff[7]_i_157/O
                         net (fo=3, routed)           0.896     5.819    design_2_i/top_onn_system_wrapp_0/inst/riya/onn_1/matcher_inst/min_total_diff[7]_i_157_n_0
    SLICE_X62Y19         LUT6 (Prop_lut6_I4_O)        0.348     6.167 r  design_2_i/top_onn_system_wrapp_0/inst/riya/onn_1/matcher_inst/min_total_diff[7]_i_102/O
                         net (fo=2, routed)           1.134     7.301    design_2_i/top_onn_system_wrapp_0/inst/riya/onn_1/matcher_inst/min_total_diff[7]_i_102_n_0
    SLICE_X81Y19         LUT3 (Prop_lut3_I1_O)        0.153     7.454 r  design_2_i/top_onn_system_wrapp_0/inst/riya/onn_1/matcher_inst/min_total_diff[7]_i_61/O
                         net (fo=3, routed)           0.571     8.025    design_2_i/top_onn_system_wrapp_0/inst/riya/onn_1/matcher_inst/min_total_diff[7]_i_61_n_0
    SLICE_X83Y16         LUT3 (Prop_lut3_I2_O)        0.323     8.348 r  design_2_i/top_onn_system_wrapp_0/inst/riya/onn_1/matcher_inst/min_total_diff[7]_i_88/O
                         net (fo=1, routed)           0.802     9.150    design_2_i/top_onn_system_wrapp_0/inst/riya/onn_1/matcher_inst/min_total_diff[7]_i_88_n_0
    SLICE_X83Y15         LUT5 (Prop_lut5_I4_O)        0.355     9.505 r  design_2_i/top_onn_system_wrapp_0/inst/riya/onn_1/matcher_inst/min_total_diff[7]_i_38/O
                         net (fo=3, routed)           0.997    10.501    design_2_i/top_onn_system_wrapp_0/inst/riya/onn_1/matcher_inst/min_total_diff[7]_i_38_n_0
    SLICE_X82Y13         LUT5 (Prop_lut5_I1_O)        0.326    10.827 r  design_2_i/top_onn_system_wrapp_0/inst/riya/onn_1/matcher_inst/min_total_diff[7]_i_10/O
                         net (fo=2, routed)           0.797    11.624    design_2_i/top_onn_system_wrapp_0/inst/riya/onn_1/matcher_inst/min_total_diff[7]_i_10_n_0
    SLICE_X84Y6          LUT4 (Prop_lut4_I3_O)        0.150    11.774 r  design_2_i/top_onn_system_wrapp_0/inst/riya/onn_1/matcher_inst/min_total_diff[7]_i_2/O
                         net (fo=2, routed)           0.863    12.637    design_2_i/top_onn_system_wrapp_0/inst/riya/onn_1/matcher_inst/min_total_diff[7]_i_2_n_0
    SLICE_X84Y6          LUT6 (Prop_lut6_I3_O)        0.326    12.963 r  design_2_i/top_onn_system_wrapp_0/inst/riya/onn_1/matcher_inst/min_total_diff[7]_i_5/O
                         net (fo=1, routed)           0.000    12.963    design_2_i/top_onn_system_wrapp_0/inst/riya/onn_1/matcher_inst/min_total_diff[7]_i_5_n_0
    SLICE_X84Y6          CARRY4 (Prop_carry4_S[1]_CO[3])
                                                      0.550    13.513 r  design_2_i/top_onn_system_wrapp_0/inst/riya/onn_1/matcher_inst/min_total_diff_reg[7]_i_1/CO[3]
                         net (fo=3, routed)           1.236    14.749    design_2_i/top_onn_system_wrapp_0/inst/riya/onn_1/matcher_inst/current_total_diff[7]
    SLICE_X84Y10         LUT4 (Prop_lut4_I0_O)        0.124    14.873 r  design_2_i/top_onn_system_wrapp_0/inst/riya/onn_1/matcher_inst/min_total_diff[15]_i_12/O
                         net (fo=1, routed)           0.000    14.873    design_2_i/top_onn_system_wrapp_0/inst/riya/onn_1/matcher_inst/min_total_diff[15]_i_12_n_0
    SLICE_X84Y10         CARRY4 (Prop_carry4_S[3]_CO[3])
                                                      0.401    15.274 r  design_2_i/top_onn_system_wrapp_0/inst/riya/onn_1/matcher_inst/min_total_diff_reg[15]_i_3/CO[3]
                         net (fo=1, routed)           0.000    15.274    design_2_i/top_onn_system_wrapp_0/inst/riya/onn_1/matcher_inst/min_total_diff_reg[15]_i_3_n_0
    SLICE_X84Y11         CARRY4 (Prop_carry4_CI_CO[3])
                                                      0.114    15.388 r  design_2_i/top_onn_system_wrapp_0/inst/riya/onn_1/matcher_inst/min_total_diff_reg[15]_i_2/CO[3]
                         net (fo=33, routed)          2.130    17.518    design_2_i/top_onn_system_wrapp_0/inst/riya/onn_1/matcher_inst/min_total_diff_reg[15]_i_2_n_0
    SLICE_X94Y28         LUT3 (Prop_lut3_I1_O)        0.116    17.634 r  design_2_i/top_onn_system_wrapp_0/inst/riya/onn_1/matcher_inst/best_pattern_temp[9]_i_1/O
                         net (fo=2, routed)           0.975    18.609    design_2_i/top_onn_system_wrapp_0/inst/riya/onn_1/matcher_inst/p_0_in[9]
    SLICE_X95Y40         FDCE                                         r  design_2_i/top_onn_system_wrapp_0/inst/riya/onn_1/matcher_inst/best_match_reg[9]/D
  -------------------------------------------------------------------    -------------------

                         (clock clk_fpga_0 rise edge)
                                                     20.000    20.000 r  
    PS7_X0Y0             PS7                          0.000    20.000 r  design_2_i/processing_system7_0/inst/PS7_i/FCLKCLK[0]
                         net (fo=1, routed)           1.088    21.088    design_2_i/processing_system7_0/inst/FCLK_CLK_unbuffered[0]
    BUFGCTRL_X0Y16       BUFG (Prop_bufg_I_O)         0.091    21.179 r  design_2_i/processing_system7_0/inst/buffer_fclk_clk_0.FCLK_CLK_0_BUFG/O
                         net (fo=2094, routed)        1.622    22.802    design_2_i/top_onn_system_wrapp_0/inst/riya/onn_1/matcher_inst/clk
    SLICE_X95Y40         FDCE                                         r  design_2_i/top_onn_system_wrapp_0/inst/riya/onn_1/matcher_inst/best_match_reg[9]/C
                         clock pessimism              0.230    23.031    
                         clock uncertainty           -0.302    22.729    
    SLICE_X95Y40         FDCE (Setup_fdce_C_D)       -0.271    22.458    design_2_i/top_onn_system_wrapp_0/inst/riya/onn_1/matcher_inst/best_match_reg[9]
  -------------------------------------------------------------------
                         required time                         22.458    
                         arrival time                         -18.609    
  -------------------------------------------------------------------
                         slack                                  3.849    

Slack (MET) :             3.900ns  (required time - arrival time)
  Source:                 design_2_i/top_onn_system_wrapp_0/inst/riya/onn_1/matcher_inst/index_reg_rep[0]/C
                            (rising edge-triggered cell FDCE clocked by clk_fpga_0  {rise@0.000ns fall@10.000ns period=20.000ns})
  Destination:            design_2_i/top_onn_system_wrapp_0/inst/riya/onn_1/matcher_inst/best_match_reg[22]/D
                            (rising edge-triggered cell FDCE clocked by clk_fpga_0  {rise@0.000ns fall@10.000ns period=20.000ns})
  Path Group:             clk_fpga_0
  Path Type:              Setup (Max at Slow Process Corner)
  Requirement:            20.000ns  (clk_fpga_0 rise@20.000ns - clk_fpga_0 rise@0.000ns)
  Data Path Delay:        15.573ns  (logic 3.895ns (25.012%)  route 11.678ns (74.988%))
  Logic Levels:           13  (CARRY4=3 LUT3=3 LUT4=2 LUT5=3 LUT6=2)
  Clock Path Skew:        0.007ns (DCD - SCD + CPR)
    Destination Clock Delay (DCD):    2.802ns = ( 22.802 - 20.000 ) 
    Source Clock Delay      (SCD):    3.025ns
    Clock Pessimism Removal (CPR):    0.230ns
  Clock Uncertainty:      0.302ns  ((TSJ^2 + TIJ^2)^1/2 + DJ) / 2 + PE
    Total System Jitter     (TSJ):    0.071ns
    Total Input Jitter      (TIJ):    0.600ns
    Discrete Jitter          (DJ):    0.000ns
    Phase Error              (PE):    0.000ns

    Location             Delay type                Incr(ns)  Path(ns)    Netlist Resource(s)
  -------------------------------------------------------------------    -------------------
                         (clock clk_fpga_0 rise edge)
                                                      0.000     0.000 r  
    PS7_X0Y0             PS7                          0.000     0.000 r  design_2_i/processing_system7_0/inst/PS7_i/FCLKCLK[0]
                         net (fo=1, routed)           1.193     1.193    design_2_i/processing_system7_0/inst/FCLK_CLK_unbuffered[0]
    BUFGCTRL_X0Y16       BUFG (Prop_bufg_I_O)         0.101     1.294 r  design_2_i/processing_system7_0/inst/buffer_fclk_clk_0.FCLK_CLK_0_BUFG/O
                         net (fo=2094, routed)        1.731     3.025    design_2_i/top_onn_system_wrapp_0/inst/riya/onn_1/matcher_inst/clk
    SLICE_X70Y10         FDCE                                         r  design_2_i/top_onn_system_wrapp_0/inst/riya/onn_1/matcher_inst/index_reg_rep[0]/C
  -------------------------------------------------------------------    -------------------
    SLICE_X70Y10         FDCE (Prop_fdce_C_Q)         0.456     3.481 r  design_2_i/top_onn_system_wrapp_0/inst/riya/onn_1/matcher_inst/index_reg_rep[0]/Q
                         net (fo=37, routed)          1.291     4.772    design_2_i/top_onn_system_wrapp_0/inst/riya/onn_1/matcher_inst/index_reg_rep[0]
    SLICE_X62Y22         LUT5 (Prop_lut5_I3_O)        0.150     4.922 r  design_2_i/top_onn_system_wrapp_0/inst/riya/onn_1/matcher_inst/min_total_diff[7]_i_157/O
                         net (fo=3, routed)           0.896     5.819    design_2_i/top_onn_system_wrapp_0/inst/riya/onn_1/matcher_inst/min_total_diff[7]_i_157_n_0
    SLICE_X62Y19         LUT6 (Prop_lut6_I4_O)        0.348     6.167 r  design_2_i/top_onn_system_wrapp_0/inst/riya/onn_1/matcher_inst/min_total_diff[7]_i_102/O
                         net (fo=2, routed)           1.134     7.301    design_2_i/top_onn_system_wrapp_0/inst/riya/onn_1/matcher_inst/min_total_diff[7]_i_102_n_0
    SLICE_X81Y19         LUT3 (Prop_lut3_I1_O)        0.153     7.454 r  design_2_i/top_onn_system_wrapp_0/inst/riya/onn_1/matcher_inst/min_total_diff[7]_i_61/O
                         net (fo=3, routed)           0.571     8.025    design_2_i/top_onn_system_wrapp_0/inst/riya/onn_1/matcher_inst/min_total_diff[7]_i_61_n_0
    SLICE_X83Y16         LUT3 (Prop_lut3_I2_O)        0.323     8.348 r  design_2_i/top_onn_system_wrapp_0/inst/riya/onn_1/matcher_inst/min_total_diff[7]_i_88/O
                         net (fo=1, routed)           0.802     9.150    design_2_i/top_onn_system_wrapp_0/inst/riya/onn_1/matcher_inst/min_total_diff[7]_i_88_n_0
    SLICE_X83Y15         LUT5 (Prop_lut5_I4_O)        0.355     9.505 r  design_2_i/top_onn_system_wrapp_0/inst/riya/onn_1/matcher_inst/min_total_diff[7]_i_38/O
                         net (fo=3, routed)           0.997    10.501    design_2_i/top_onn_system_wrapp_0/inst/riya/onn_1/matcher_inst/min_total_diff[7]_i_38_n_0
    SLICE_X82Y13         LUT5 (Prop_lut5_I1_O)        0.326    10.827 r  design_2_i/top_onn_system_wrapp_0/inst/riya/onn_1/matcher_inst/min_total_diff[7]_i_10/O
                         net (fo=2, routed)           0.797    11.624    design_2_i/top_onn_system_wrapp_0/inst/riya/onn_1/matcher_inst/min_total_diff[7]_i_10_n_0
    SLICE_X84Y6          LUT4 (Prop_lut4_I3_O)        0.150    11.774 r  design_2_i/top_onn_system_wrapp_0/inst/riya/onn_1/matcher_inst/min_total_diff[7]_i_2/O
                         net (fo=2, routed)           0.863    12.637    design_2_i/top_onn_system_wrapp_0/inst/riya/onn_1/matcher_inst/min_total_diff[7]_i_2_n_0
    SLICE_X84Y6          LUT6 (Prop_lut6_I3_O)        0.326    12.963 r  design_2_i/top_onn_system_wrapp_0/inst/riya/onn_1/matcher_inst/min_total_diff[7]_i_5/O
                         net (fo=1, routed)           0.000    12.963    design_2_i/top_onn_system_wrapp_0/inst/riya/onn_1/matcher_inst/min_total_diff[7]_i_5_n_0
    SLICE_X84Y6          CARRY4 (Prop_carry4_S[1]_CO[3])
                                                      0.550    13.513 r  design_2_i/top_onn_system_wrapp_0/inst/riya/onn_1/matcher_inst/min_total_diff_reg[7]_i_1/CO[3]
                         net (fo=3, routed)           1.236    14.749    design_2_i/top_onn_system_wrapp_0/inst/riya/onn_1/matcher_inst/current_total_diff[7]
    SLICE_X84Y10         LUT4 (Prop_lut4_I0_O)        0.124    14.873 r  design_2_i/top_onn_system_wrapp_0/inst/riya/onn_1/matcher_inst/min_total_diff[15]_i_12/O
                         net (fo=1, routed)           0.000    14.873    design_2_i/top_onn_system_wrapp_0/inst/riya/onn_1/matcher_inst/min_total_diff[15]_i_12_n_0
    SLICE_X84Y10         CARRY4 (Prop_carry4_S[3]_CO[3])
                                                      0.401    15.274 r  design_2_i/top_onn_system_wrapp_0/inst/riya/onn_1/matcher_inst/min_total_diff_reg[15]_i_3/CO[3]
                         net (fo=1, routed)           0.000    15.274    design_2_i/top_onn_system_wrapp_0/inst/riya/onn_1/matcher_inst/min_total_diff_reg[15]_i_3_n_0
    SLICE_X84Y11         CARRY4 (Prop_carry4_CI_CO[3])
                                                      0.114    15.388 r  design_2_i/top_onn_system_wrapp_0/inst/riya/onn_1/matcher_inst/min_total_diff_reg[15]_i_2/CO[3]
                         net (fo=33, routed)          2.307    17.695    design_2_i/top_onn_system_wrapp_0/inst/riya/onn_1/matcher_inst/min_total_diff_reg[15]_i_2_n_0
    SLICE_X101Y33        LUT3 (Prop_lut3_I1_O)        0.119    17.814 r  design_2_i/top_onn_system_wrapp_0/inst/riya/onn_1/matcher_inst/best_pattern_temp[22]_i_1/O
                         net (fo=2, routed)           0.784    18.598    design_2_i/top_onn_system_wrapp_0/inst/riya/onn_1/matcher_inst/p_0_in[22]
    SLICE_X98Y39         FDCE                                         r  design_2_i/top_onn_system_wrapp_0/inst/riya/onn_1/matcher_inst/best_match_reg[22]/D
  -------------------------------------------------------------------    -------------------

                         (clock clk_fpga_0 rise edge)
                                                     20.000    20.000 r  
    PS7_X0Y0             PS7                          0.000    20.000 r  design_2_i/processing_system7_0/inst/PS7_i/FCLKCLK[0]
                         net (fo=1, routed)           1.088    21.088    design_2_i/processing_system7_0/inst/FCLK_CLK_unbuffered[0]
    BUFGCTRL_X0Y16       BUFG (Prop_bufg_I_O)         0.091    21.179 r  design_2_i/processing_system7_0/inst/buffer_fclk_clk_0.FCLK_CLK_0_BUFG/O
                         net (fo=2094, routed)        1.623    22.802    design_2_i/top_onn_system_wrapp_0/inst/riya/onn_1/matcher_inst/clk
    SLICE_X98Y39         FDCE                                         r  design_2_i/top_onn_system_wrapp_0/inst/riya/onn_1/matcher_inst/best_match_reg[22]/C
                         clock pessimism              0.230    23.032    
                         clock uncertainty           -0.302    22.730    
    SLICE_X98Y39         FDCE (Setup_fdce_C_D)       -0.232    22.498    design_2_i/top_onn_system_wrapp_0/inst/riya/onn_1/matcher_inst/best_match_reg[22]
  -------------------------------------------------------------------
                         required time                         22.498    
                         arrival time                         -18.598    
  -------------------------------------------------------------------
                         slack                                  3.900    

Slack (MET) :             4.006ns  (required time - arrival time)
  Source:                 design_2_i/top_onn_system_wrapp_0/inst/riya/onn_1/matcher_inst/index_reg_rep[0]/C
                            (rising edge-triggered cell FDCE clocked by clk_fpga_0  {rise@0.000ns fall@10.000ns period=20.000ns})
  Destination:            design_2_i/top_onn_system_wrapp_0/inst/riya/onn_1/matcher_inst/best_match_reg[6]/D
                            (rising edge-triggered cell FDCE clocked by clk_fpga_0  {rise@0.000ns fall@10.000ns period=20.000ns})
  Path Group:             clk_fpga_0
  Path Type:              Setup (Max at Slow Process Corner)
  Requirement:            20.000ns  (clk_fpga_0 rise@20.000ns - clk_fpga_0 rise@0.000ns)
  Data Path Delay:        15.463ns  (logic 3.894ns (25.183%)  route 11.569ns (74.817%))
  Logic Levels:           13  (CARRY4=3 LUT3=3 LUT4=2 LUT5=3 LUT6=2)
  Clock Path Skew:        -0.003ns (DCD - SCD + CPR)
    Destination Clock Delay (DCD):    2.792ns = ( 22.792 - 20.000 ) 
    Source Clock Delay      (SCD):    3.025ns
    Clock Pessimism Removal (CPR):    0.230ns
  Clock Uncertainty:      0.302ns  ((TSJ^2 + TIJ^2)^1/2 + DJ) / 2 + PE
    Total System Jitter     (TSJ):    0.071ns
    Total Input Jitter      (TIJ):    0.600ns
    Discrete Jitter          (DJ):    0.000ns
    Phase Error              (PE):    0.000ns

    Location             Delay type                Incr(ns)  Path(ns)    Netlist Resource(s)
  -------------------------------------------------------------------    -------------------
                         (clock clk_fpga_0 rise edge)
                                                      0.000     0.000 r  
    PS7_X0Y0             PS7                          0.000     0.000 r  design_2_i/processing_system7_0/inst/PS7_i/FCLKCLK[0]
                         net (fo=1, routed)           1.193     1.193    design_2_i/processing_system7_0/inst/FCLK_CLK_unbuffered[0]
    BUFGCTRL_X0Y16       BUFG (Prop_bufg_I_O)         0.101     1.294 r  design_2_i/processing_system7_0/inst/buffer_fclk_clk_0.FCLK_CLK_0_BUFG/O
                         net (fo=2094, routed)        1.731     3.025    design_2_i/top_onn_system_wrapp_0/inst/riya/onn_1/matcher_inst/clk
    SLICE_X70Y10         FDCE                                         r  design_2_i/top_onn_system_wrapp_0/inst/riya/onn_1/matcher_inst/index_reg_rep[0]/C
  -------------------------------------------------------------------    -------------------
    SLICE_X70Y10         FDCE (Prop_fdce_C_Q)         0.456     3.481 r  design_2_i/top_onn_system_wrapp_0/inst/riya/onn_1/matcher_inst/index_reg_rep[0]/Q
                         net (fo=37, routed)          1.291     4.772    design_2_i/top_onn_system_wrapp_0/inst/riya/onn_1/matcher_inst/index_reg_rep[0]
    SLICE_X62Y22         LUT5 (Prop_lut5_I3_O)        0.150     4.922 r  design_2_i/top_onn_system_wrapp_0/inst/riya/onn_1/matcher_inst/min_total_diff[7]_i_157/O
                         net (fo=3, routed)           0.896     5.819    design_2_i/top_onn_system_wrapp_0/inst/riya/onn_1/matcher_inst/min_total_diff[7]_i_157_n_0
    SLICE_X62Y19         LUT6 (Prop_lut6_I4_O)        0.348     6.167 r  design_2_i/top_onn_system_wrapp_0/inst/riya/onn_1/matcher_inst/min_total_diff[7]_i_102/O
                         net (fo=2, routed)           1.134     7.301    design_2_i/top_onn_system_wrapp_0/inst/riya/onn_1/matcher_inst/min_total_diff[7]_i_102_n_0
    SLICE_X81Y19         LUT3 (Prop_lut3_I1_O)        0.153     7.454 r  design_2_i/top_onn_system_wrapp_0/inst/riya/onn_1/matcher_inst/min_total_diff[7]_i_61/O
                         net (fo=3, routed)           0.571     8.025    design_2_i/top_onn_system_wrapp_0/inst/riya/onn_1/matcher_inst/min_total_diff[7]_i_61_n_0
    SLICE_X83Y16         LUT3 (Prop_lut3_I2_O)        0.323     8.348 r  design_2_i/top_onn_system_wrapp_0/inst/riya/onn_1/matcher_inst/min_total_diff[7]_i_88/O
                         net (fo=1, routed)           0.802     9.150    design_2_i/top_onn_system_wrapp_0/inst/riya/onn_1/matcher_inst/min_total_diff[7]_i_88_n_0
    SLICE_X83Y15         LUT5 (Prop_lut5_I4_O)        0.355     9.505 r  design_2_i/top_onn_system_wrapp_0/inst/riya/onn_1/matcher_inst/min_total_diff[7]_i_38/O
                         net (fo=3, routed)           0.997    10.501    design_2_i/top_onn_system_wrapp_0/inst/riya/onn_1/matcher_inst/min_total_diff[7]_i_38_n_0
    SLICE_X82Y13         LUT5 (Prop_lut5_I1_O)        0.326    10.827 r  design_2_i/top_onn_system_wrapp_0/inst/riya/onn_1/matcher_inst/min_total_diff[7]_i_10/O
                         net (fo=2, routed)           0.797    11.624    design_2_i/top_onn_system_wrapp_0/inst/riya/onn_1/matcher_inst/min_total_diff[7]_i_10_n_0
    SLICE_X84Y6          LUT4 (Prop_lut4_I3_O)        0.150    11.774 r  design_2_i/top_onn_system_wrapp_0/inst/riya/onn_1/matcher_inst/min_total_diff[7]_i_2/O
                         net (fo=2, routed)           0.863    12.637    design_2_i/top_onn_system_wrapp_0/inst/riya/onn_1/matcher_inst/min_total_diff[7]_i_2_n_0
    SLICE_X84Y6          LUT6 (Prop_lut6_I3_O)        0.326    12.963 r  design_2_i/top_onn_system_wrapp_0/inst/riya/onn_1/matcher_inst/min_total_diff[7]_i_5/O
                         net (fo=1, routed)           0.000    12.963    design_2_i/top_onn_system_wrapp_0/inst/riya/onn_1/matcher_inst/min_total_diff[7]_i_5_n_0
    SLICE_X84Y6          CARRY4 (Prop_carry4_S[1]_CO[3])
                                                      0.550    13.513 r  design_2_i/top_onn_system_wrapp_0/inst/riya/onn_1/matcher_inst/min_total_diff_reg[7]_i_1/CO[3]
                         net (fo=3, routed)           1.236    14.749    design_2_i/top_onn_system_wrapp_0/inst/riya/onn_1/matcher_inst/current_total_diff[7]
    SLICE_X84Y10         LUT4 (Prop_lut4_I0_O)        0.124    14.873 r  design_2_i/top_onn_system_wrapp_0/inst/riya/onn_1/matcher_inst/min_total_diff[15]_i_12/O
                         net (fo=1, routed)           0.000    14.873    design_2_i/top_onn_system_wrapp_0/inst/riya/onn_1/matcher_inst/min_total_diff[15]_i_12_n_0
    SLICE_X84Y10         CARRY4 (Prop_carry4_S[3]_CO[3])
                                                      0.401    15.274 r  design_2_i/top_onn_system_wrapp_0/inst/riya/onn_1/matcher_inst/min_total_diff_reg[15]_i_3/CO[3]
                         net (fo=1, routed)           0.000    15.274    design_2_i/top_onn_system_wrapp_0/inst/riya/onn_1/matcher_inst/min_total_diff_reg[15]_i_3_n_0
    SLICE_X84Y11         CARRY4 (Prop_carry4_CI_CO[3])
                                                      0.114    15.388 r  design_2_i/top_onn_system_wrapp_0/inst/riya/onn_1/matcher_inst/min_total_diff_reg[15]_i_2/CO[3]
                         net (fo=33, routed)          2.264    17.652    design_2_i/top_onn_system_wrapp_0/inst/riya/onn_1/matcher_inst/min_total_diff_reg[15]_i_2_n_0
    SLICE_X99Y28         LUT3 (Prop_lut3_I1_O)        0.118    17.770 r  design_2_i/top_onn_system_wrapp_0/inst/riya/onn_1/matcher_inst/best_pattern_temp[6]_i_1/O
                         net (fo=2, routed)           0.718    18.488    design_2_i/top_onn_system_wrapp_0/inst/riya/onn_1/matcher_inst/p_0_in[6]
    SLICE_X94Y30         FDCE                                         r  design_2_i/top_onn_system_wrapp_0/inst/riya/onn_1/matcher_inst/best_match_reg[6]/D
  -------------------------------------------------------------------    -------------------

                         (clock clk_fpga_0 rise edge)
                                                     20.000    20.000 r  
    PS7_X0Y0             PS7                          0.000    20.000 r  design_2_i/processing_system7_0/inst/PS7_i/FCLKCLK[0]
                         net (fo=1, routed)           1.088    21.088    design_2_i/processing_system7_0/inst/FCLK_CLK_unbuffered[0]
    BUFGCTRL_X0Y16       BUFG (Prop_bufg_I_O)         0.091    21.179 r  design_2_i/processing_system7_0/inst/buffer_fclk_clk_0.FCLK_CLK_0_BUFG/O
                         net (fo=2094, routed)        1.613    22.792    design_2_i/top_onn_system_wrapp_0/inst/riya/onn_1/matcher_inst/clk
    SLICE_X94Y30         FDCE                                         r  design_2_i/top_onn_system_wrapp_0/inst/riya/onn_1/matcher_inst/best_match_reg[6]/C
                         clock pessimism              0.230    23.022    
                         clock uncertainty           -0.302    22.720    
    SLICE_X94Y30         FDCE (Setup_fdce_C_D)       -0.226    22.494    design_2_i/top_onn_system_wrapp_0/inst/riya/onn_1/matcher_inst/best_match_reg[6]
  -------------------------------------------------------------------
                         required time                         22.494    
                         arrival time                         -18.488    
  -------------------------------------------------------------------
                         slack                                  4.006    

Slack (MET) :             4.070ns  (required time - arrival time)
  Source:                 design_2_i/top_onn_system_wrapp_0/inst/riya/onn_1/matcher_inst/index_reg_rep[0]/C
                            (rising edge-triggered cell FDCE clocked by clk_fpga_0  {rise@0.000ns fall@10.000ns period=20.000ns})
  Destination:            design_2_i/top_onn_system_wrapp_0/inst/riya/onn_1/matcher_inst/best_pattern_temp_reg[4]/D
                            (rising edge-triggered cell FDCE clocked by clk_fpga_0  {rise@0.000ns fall@10.000ns period=20.000ns})
  Path Group:             clk_fpga_0
  Path Type:              Setup (Max at Slow Process Corner)
  Requirement:            20.000ns  (clk_fpga_0 rise@20.000ns - clk_fpga_0 rise@0.000ns)
  Data Path Delay:        15.369ns  (logic 3.894ns (25.336%)  route 11.475ns (74.664%))
  Logic Levels:           13  (CARRY4=3 LUT3=3 LUT4=2 LUT5=3 LUT6=2)
  Clock Path Skew:        0.002ns (DCD - SCD + CPR)
    Destination Clock Delay (DCD):    2.797ns = ( 22.798 - 20.000 ) 
    Source Clock Delay      (SCD):    3.025ns
    Clock Pessimism Removal (CPR):    0.230ns
  Clock Uncertainty:      0.302ns  ((TSJ^2 + TIJ^2)^1/2 + DJ) / 2 + PE
    Total System Jitter     (TSJ):    0.071ns
    Total Input Jitter      (TIJ):    0.600ns
    Discrete Jitter          (DJ):    0.000ns
    Phase Error              (PE):    0.000ns

    Location             Delay type                Incr(ns)  Path(ns)    Netlist Resource(s)
  -------------------------------------------------------------------    -------------------
                         (clock clk_fpga_0 rise edge)
                                                      0.000     0.000 r  
    PS7_X0Y0             PS7                          0.000     0.000 r  design_2_i/processing_system7_0/inst/PS7_i/FCLKCLK[0]
                         net (fo=1, routed)           1.193     1.193    design_2_i/processing_system7_0/inst/FCLK_CLK_unbuffered[0]
    BUFGCTRL_X0Y16       BUFG (Prop_bufg_I_O)         0.101     1.294 r  design_2_i/processing_system7_0/inst/buffer_fclk_clk_0.FCLK_CLK_0_BUFG/O
                         net (fo=2094, routed)        1.731     3.025    design_2_i/top_onn_system_wrapp_0/inst/riya/onn_1/matcher_inst/clk
    SLICE_X70Y10         FDCE                                         r  design_2_i/top_onn_system_wrapp_0/inst/riya/onn_1/matcher_inst/index_reg_rep[0]/C
  -------------------------------------------------------------------    -------------------
    SLICE_X70Y10         FDCE (Prop_fdce_C_Q)         0.456     3.481 r  design_2_i/top_onn_system_wrapp_0/inst/riya/onn_1/matcher_inst/index_reg_rep[0]/Q
                         net (fo=37, routed)          1.291     4.772    design_2_i/top_onn_system_wrapp_0/inst/riya/onn_1/matcher_inst/index_reg_rep[0]
    SLICE_X62Y22         LUT5 (Prop_lut5_I3_O)        0.150     4.922 r  design_2_i/top_onn_system_wrapp_0/inst/riya/onn_1/matcher_inst/min_total_diff[7]_i_157/O
                         net (fo=3, routed)           0.896     5.819    design_2_i/top_onn_system_wrapp_0/inst/riya/onn_1/matcher_inst/min_total_diff[7]_i_157_n_0
    SLICE_X62Y19         LUT6 (Prop_lut6_I4_O)        0.348     6.167 r  design_2_i/top_onn_system_wrapp_0/inst/riya/onn_1/matcher_inst/min_total_diff[7]_i_102/O
                         net (fo=2, routed)           1.134     7.301    design_2_i/top_onn_system_wrapp_0/inst/riya/onn_1/matcher_inst/min_total_diff[7]_i_102_n_0
    SLICE_X81Y19         LUT3 (Prop_lut3_I1_O)        0.153     7.454 r  design_2_i/top_onn_system_wrapp_0/inst/riya/onn_1/matcher_inst/min_total_diff[7]_i_61/O
                         net (fo=3, routed)           0.571     8.025    design_2_i/top_onn_system_wrapp_0/inst/riya/onn_1/matcher_inst/min_total_diff[7]_i_61_n_0
    SLICE_X83Y16         LUT3 (Prop_lut3_I2_O)        0.323     8.348 r  design_2_i/top_onn_system_wrapp_0/inst/riya/onn_1/matcher_inst/min_total_diff[7]_i_88/O
                         net (fo=1, routed)           0.802     9.150    design_2_i/top_onn_system_wrapp_0/inst/riya/onn_1/matcher_inst/min_total_diff[7]_i_88_n_0
    SLICE_X83Y15         LUT5 (Prop_lut5_I4_O)        0.355     9.505 r  design_2_i/top_onn_system_wrapp_0/inst/riya/onn_1/matcher_inst/min_total_diff[7]_i_38/O
                         net (fo=3, routed)           0.997    10.501    design_2_i/top_onn_system_wrapp_0/inst/riya/onn_1/matcher_inst/min_total_diff[7]_i_38_n_0
    SLICE_X82Y13         LUT5 (Prop_lut5_I1_O)        0.326    10.827 r  design_2_i/top_onn_system_wrapp_0/inst/riya/onn_1/matcher_inst/min_total_diff[7]_i_10/O
                         net (fo=2, routed)           0.797    11.624    design_2_i/top_onn_system_wrapp_0/inst/riya/onn_1/matcher_inst/min_total_diff[7]_i_10_n_0
    SLICE_X84Y6          LUT4 (Prop_lut4_I3_O)        0.150    11.774 r  design_2_i/top_onn_system_wrapp_0/inst/riya/onn_1/matcher_inst/min_total_diff[7]_i_2/O
                         net (fo=2, routed)           0.863    12.637    design_2_i/top_onn_system_wrapp_0/inst/riya/onn_1/matcher_inst/min_total_diff[7]_i_2_n_0
    SLICE_X84Y6          LUT6 (Prop_lut6_I3_O)        0.326    12.963 r  design_2_i/top_onn_system_wrapp_0/inst/riya/onn_1/matcher_inst/min_total_diff[7]_i_5/O
                         net (fo=1, routed)           0.000    12.963    design_2_i/top_onn_system_wrapp_0/inst/riya/onn_1/matcher_inst/min_total_diff[7]_i_5_n_0
    SLICE_X84Y6          CARRY4 (Prop_carry4_S[1]_CO[3])
                                                      0.550    13.513 r  design_2_i/top_onn_system_wrapp_0/inst/riya/onn_1/matcher_inst/min_total_diff_reg[7]_i_1/CO[3]
                         net (fo=3, routed)           1.236    14.749    design_2_i/top_onn_system_wrapp_0/inst/riya/onn_1/matcher_inst/current_total_diff[7]
    SLICE_X84Y10         LUT4 (Prop_lut4_I0_O)        0.124    14.873 r  design_2_i/top_onn_system_wrapp_0/inst/riya/onn_1/matcher_inst/min_total_diff[15]_i_12/O
                         net (fo=1, routed)           0.000    14.873    design_2_i/top_onn_system_wrapp_0/inst/riya/onn_1/matcher_inst/min_total_diff[15]_i_12_n_0
    SLICE_X84Y10         CARRY4 (Prop_carry4_S[3]_CO[3])
                                                      0.401    15.274 r  design_2_i/top_onn_system_wrapp_0/inst/riya/onn_1/matcher_inst/min_total_diff_reg[15]_i_3/CO[3]
                         net (fo=1, routed)           0.000    15.274    design_2_i/top_onn_system_wrapp_0/inst/riya/onn_1/matcher_inst/min_total_diff_reg[15]_i_3_n_0
    SLICE_X84Y11         CARRY4 (Prop_carry4_CI_CO[3])
                                                      0.114    15.388 r  design_2_i/top_onn_system_wrapp_0/inst/riya/onn_1/matcher_inst/min_total_diff_reg[15]_i_2/CO[3]
                         net (fo=33, routed)          2.303    17.691    design_2_i/top_onn_system_wrapp_0/inst/riya/onn_1/matcher_inst/min_total_diff_reg[15]_i_2_n_0
    SLICE_X101Y33        LUT3 (Prop_lut3_I1_O)        0.118    17.809 r  design_2_i/top_onn_system_wrapp_0/inst/riya/onn_1/matcher_inst/best_pattern_temp[4]_i_1/O
                         net (fo=2, routed)           0.586    18.394    design_2_i/top_onn_system_wrapp_0/inst/riya/onn_1/matcher_inst/p_0_in[4]
    SLICE_X101Y33        FDCE                                         r  design_2_i/top_onn_system_wrapp_0/inst/riya/onn_1/matcher_inst/best_pattern_temp_reg[4]/D
  -------------------------------------------------------------------    -------------------

                         (clock clk_fpga_0 rise edge)
                                                     20.000    20.000 r  
    PS7_X0Y0             PS7                          0.000    20.000 r  design_2_i/processing_system7_0/inst/PS7_i/FCLKCLK[0]
                         net (fo=1, routed)           1.088    21.088    design_2_i/processing_system7_0/inst/FCLK_CLK_unbuffered[0]
    BUFGCTRL_X0Y16       BUFG (Prop_bufg_I_O)         0.091    21.179 r  design_2_i/processing_system7_0/inst/buffer_fclk_clk_0.FCLK_CLK_0_BUFG/O
                         net (fo=2094, routed)        1.618    22.798    design_2_i/top_onn_system_wrapp_0/inst/riya/onn_1/matcher_inst/clk
    SLICE_X101Y33        FDCE                                         r  design_2_i/top_onn_system_wrapp_0/inst/riya/onn_1/matcher_inst/best_pattern_temp_reg[4]/C
                         clock pessimism              0.230    23.027    
                         clock uncertainty           -0.302    22.725    
    SLICE_X101Y33        FDCE (Setup_fdce_C_D)       -0.260    22.465    design_2_i/top_onn_system_wrapp_0/inst/riya/onn_1/matcher_inst/best_pattern_temp_reg[4]
  -------------------------------------------------------------------
                         required time                         22.465    
                         arrival time                         -18.394    
  -------------------------------------------------------------------
                         slack                                  4.070    

Slack (MET) :             4.118ns  (required time - arrival time)
  Source:                 design_2_i/top_onn_system_wrapp_0/inst/riya/onn_1/matcher_inst/index_reg_rep[0]/C
                            (rising edge-triggered cell FDCE clocked by clk_fpga_0  {rise@0.000ns fall@10.000ns period=20.000ns})
  Destination:            design_2_i/top_onn_system_wrapp_0/inst/riya/onn_1/matcher_inst/best_pattern_temp_reg[6]/D
                            (rising edge-triggered cell FDCE clocked by clk_fpga_0  {rise@0.000ns fall@10.000ns period=20.000ns})
  Path Group:             clk_fpga_0
  Path Type:              Setup (Max at Slow Process Corner)
  Requirement:            20.000ns  (clk_fpga_0 rise@20.000ns - clk_fpga_0 rise@0.000ns)
  Data Path Delay:        15.294ns  (logic 3.894ns (25.461%)  route 11.400ns (74.539%))
  Logic Levels:           13  (CARRY4=3 LUT3=3 LUT4=2 LUT5=3 LUT6=2)
  Clock Path Skew:        -0.003ns (DCD - SCD + CPR)
    Destination Clock Delay (DCD):    2.792ns = ( 22.792 - 20.000 ) 
    Source Clock Delay      (SCD):    3.025ns
    Clock Pessimism Removal (CPR):    0.230ns
  Clock Uncertainty:      0.302ns  ((TSJ^2 + TIJ^2)^1/2 + DJ) / 2 + PE
    Total System Jitter     (TSJ):    0.071ns
    Total Input Jitter      (TIJ):    0.600ns
    Discrete Jitter          (DJ):    0.000ns
    Phase Error              (PE):    0.000ns

    Location             Delay type                Incr(ns)  Path(ns)    Netlist Resource(s)
  -------------------------------------------------------------------    -------------------
                         (clock clk_fpga_0 rise edge)
                                                      0.000     0.000 r  
    PS7_X0Y0             PS7                          0.000     0.000 r  design_2_i/processing_system7_0/inst/PS7_i/FCLKCLK[0]
                         net (fo=1, routed)           1.193     1.193    design_2_i/processing_system7_0/inst/FCLK_CLK_unbuffered[0]
    BUFGCTRL_X0Y16       BUFG (Prop_bufg_I_O)         0.101     1.294 r  design_2_i/processing_system7_0/inst/buffer_fclk_clk_0.FCLK_CLK_0_BUFG/O
                         net (fo=2094, routed)        1.731     3.025    design_2_i/top_onn_system_wrapp_0/inst/riya/onn_1/matcher_inst/clk
    SLICE_X70Y10         FDCE                                         r  design_2_i/top_onn_system_wrapp_0/inst/riya/onn_1/matcher_inst/index_reg_rep[0]/C
  -------------------------------------------------------------------    -------------------
    SLICE_X70Y10         FDCE (Prop_fdce_C_Q)         0.456     3.481 r  design_2_i/top_onn_system_wrapp_0/inst/riya/onn_1/matcher_inst/index_reg_rep[0]/Q
                         net (fo=37, routed)          1.291     4.772    design_2_i/top_onn_system_wrapp_0/inst/riya/onn_1/matcher_inst/index_reg_rep[0]
    SLICE_X62Y22         LUT5 (Prop_lut5_I3_O)        0.150     4.922 r  design_2_i/top_onn_system_wrapp_0/inst/riya/onn_1/matcher_inst/min_total_diff[7]_i_157/O
                         net (fo=3, routed)           0.896     5.819    design_2_i/top_onn_system_wrapp_0/inst/riya/onn_1/matcher_inst/min_total_diff[7]_i_157_n_0
    SLICE_X62Y19         LUT6 (Prop_lut6_I4_O)        0.348     6.167 r  design_2_i/top_onn_system_wrapp_0/inst/riya/onn_1/matcher_inst/min_total_diff[7]_i_102/O
                         net (fo=2, routed)           1.134     7.301    design_2_i/top_onn_system_wrapp_0/inst/riya/onn_1/matcher_inst/min_total_diff[7]_i_102_n_0
    SLICE_X81Y19         LUT3 (Prop_lut3_I1_O)        0.153     7.454 r  design_2_i/top_onn_system_wrapp_0/inst/riya/onn_1/matcher_inst/min_total_diff[7]_i_61/O
                         net (fo=3, routed)           0.571     8.025    design_2_i/top_onn_system_wrapp_0/inst/riya/onn_1/matcher_inst/min_total_diff[7]_i_61_n_0
    SLICE_X83Y16         LUT3 (Prop_lut3_I2_O)        0.323     8.348 r  design_2_i/top_onn_system_wrapp_0/inst/riya/onn_1/matcher_inst/min_total_diff[7]_i_88/O
                         net (fo=1, routed)           0.802     9.150    design_2_i/top_onn_system_wrapp_0/inst/riya/onn_1/matcher_inst/min_total_diff[7]_i_88_n_0
    SLICE_X83Y15         LUT5 (Prop_lut5_I4_O)        0.355     9.505 r  design_2_i/top_onn_system_wrapp_0/inst/riya/onn_1/matcher_inst/min_total_diff[7]_i_38/O
                         net (fo=3, routed)           0.997    10.501    design_2_i/top_onn_system_wrapp_0/inst/riya/onn_1/matcher_inst/min_total_diff[7]_i_38_n_0
    SLICE_X82Y13         LUT5 (Prop_lut5_I1_O)        0.326    10.827 r  design_2_i/top_onn_system_wrapp_0/inst/riya/onn_1/matcher_inst/min_total_diff[7]_i_10/O
                         net (fo=2, routed)           0.797    11.624    design_2_i/top_onn_system_wrapp_0/inst/riya/onn_1/matcher_inst/min_total_diff[7]_i_10_n_0
    SLICE_X84Y6          LUT4 (Prop_lut4_I3_O)        0.150    11.774 r  design_2_i/top_onn_system_wrapp_0/inst/riya/onn_1/matcher_inst/min_total_diff[7]_i_2/O
                         net (fo=2, routed)           0.863    12.637    design_2_i/top_onn_system_wrapp_0/inst/riya/onn_1/matcher_inst/min_total_diff[7]_i_2_n_0
    SLICE_X84Y6          LUT6 (Prop_lut6_I3_O)        0.326    12.963 r  design_2_i/top_onn_system_wrapp_0/inst/riya/onn_1/matcher_inst/min_total_diff[7]_i_5/O
                         net (fo=1, routed)           0.000    12.963    design_2_i/top_onn_system_wrapp_0/inst/riya/onn_1/matcher_inst/min_total_diff[7]_i_5_n_0
    SLICE_X84Y6          CARRY4 (Prop_carry4_S[1]_CO[3])
                                                      0.550    13.513 r  design_2_i/top_onn_system_wrapp_0/inst/riya/onn_1/matcher_inst/min_total_diff_reg[7]_i_1/CO[3]
                         net (fo=3, routed)           1.236    14.749    design_2_i/top_onn_system_wrapp_0/inst/riya/onn_1/matcher_inst/current_total_diff[7]
    SLICE_X84Y10         LUT4 (Prop_lut4_I0_O)        0.124    14.873 r  design_2_i/top_onn_system_wrapp_0/inst/riya/onn_1/matcher_inst/min_total_diff[15]_i_12/O
                         net (fo=1, routed)           0.000    14.873    design_2_i/top_onn_system_wrapp_0/inst/riya/onn_1/matcher_inst/min_total_diff[15]_i_12_n_0
    SLICE_X84Y10         CARRY4 (Prop_carry4_S[3]_CO[3])
                                                      0.401    15.274 r  design_2_i/top_onn_system_wrapp_0/inst/riya/onn_1/matcher_inst/min_total_diff_reg[15]_i_3/CO[3]
                         net (fo=1, routed)           0.000    15.274    design_2_i/top_onn_system_wrapp_0/inst/riya/onn_1/matcher_inst/min_total_diff_reg[15]_i_3_n_0
    SLICE_X84Y11         CARRY4 (Prop_carry4_CI_CO[3])
                                                      0.114    15.388 r  design_2_i/top_onn_system_wrapp_0/inst/riya/onn_1/matcher_inst/min_total_diff_reg[15]_i_2/CO[3]
                         net (fo=33, routed)          2.264    17.652    design_2_i/top_onn_system_wrapp_0/inst/riya/onn_1/matcher_inst/min_total_diff_reg[15]_i_2_n_0
    SLICE_X99Y28         LUT3 (Prop_lut3_I1_O)        0.118    17.770 r  design_2_i/top_onn_system_wrapp_0/inst/riya/onn_1/matcher_inst/best_pattern_temp[6]_i_1/O
                         net (fo=2, routed)           0.549    18.319    design_2_i/top_onn_system_wrapp_0/inst/riya/onn_1/matcher_inst/p_0_in[6]
    SLICE_X99Y28         FDCE                                         r  design_2_i/top_onn_system_wrapp_0/inst/riya/onn_1/matcher_inst/best_pattern_temp_reg[6]/D
  -------------------------------------------------------------------    -------------------

                         (clock clk_fpga_0 rise edge)
                                                     20.000    20.000 r  
    PS7_X0Y0             PS7                          0.000    20.000 r  design_2_i/processing_system7_0/inst/PS7_i/FCLKCLK[0]
                         net (fo=1, routed)           1.088    21.088    design_2_i/processing_system7_0/inst/FCLK_CLK_unbuffered[0]
    BUFGCTRL_X0Y16       BUFG (Prop_bufg_I_O)         0.091    21.179 r  design_2_i/processing_system7_0/inst/buffer_fclk_clk_0.FCLK_CLK_0_BUFG/O
                         net (fo=2094, routed)        1.613    22.792    design_2_i/top_onn_system_wrapp_0/inst/riya/onn_1/matcher_inst/clk
    SLICE_X99Y28         FDCE                                         r  design_2_i/top_onn_system_wrapp_0/inst/riya/onn_1/matcher_inst/best_pattern_temp_reg[6]/C
                         clock pessimism              0.230    23.022    
                         clock uncertainty           -0.302    22.720    
    SLICE_X99Y28         FDCE (Setup_fdce_C_D)       -0.283    22.437    design_2_i/top_onn_system_wrapp_0/inst/riya/onn_1/matcher_inst/best_pattern_temp_reg[6]
  -------------------------------------------------------------------
                         required time                         22.437    
                         arrival time                         -18.319    
  -------------------------------------------------------------------
                         slack                                  4.118    

Slack (MET) :             4.181ns  (required time - arrival time)
  Source:                 design_2_i/top_onn_system_wrapp_0/inst/riya/onn_1/matcher_inst/index_reg_rep[0]/C
                            (rising edge-triggered cell FDCE clocked by clk_fpga_0  {rise@0.000ns fall@10.000ns period=20.000ns})
  Destination:            design_2_i/top_onn_system_wrapp_0/inst/riya/onn_1/matcher_inst/best_match_reg[21]/D
                            (rising edge-triggered cell FDCE clocked by clk_fpga_0  {rise@0.000ns fall@10.000ns period=20.000ns})
  Path Group:             clk_fpga_0
  Path Type:              Setup (Max at Slow Process Corner)
  Requirement:            20.000ns  (clk_fpga_0 rise@20.000ns - clk_fpga_0 rise@0.000ns)
  Data Path Delay:        15.495ns  (logic 3.900ns (25.170%)  route 11.595ns (74.830%))
  Logic Levels:           13  (CARRY4=3 LUT3=3 LUT4=2 LUT5=3 LUT6=2)
  Clock Path Skew:        0.004ns (DCD - SCD + CPR)
    Destination Clock Delay (DCD):    2.799ns = ( 22.799 - 20.000 ) 
    Source Clock Delay      (SCD):    3.025ns
    Clock Pessimism Removal (CPR):    0.230ns
  Clock Uncertainty:      0.302ns  ((TSJ^2 + TIJ^2)^1/2 + DJ) / 2 + PE
    Total System Jitter     (TSJ):    0.071ns
    Total Input Jitter      (TIJ):    0.600ns
    Discrete Jitter          (DJ):    0.000ns
    Phase Error              (PE):    0.000ns

    Location             Delay type                Incr(ns)  Path(ns)    Netlist Resource(s)
  -------------------------------------------------------------------    -------------------
                         (clock clk_fpga_0 rise edge)
                                                      0.000     0.000 r  
    PS7_X0Y0             PS7                          0.000     0.000 r  design_2_i/processing_system7_0/inst/PS7_i/FCLKCLK[0]
                         net (fo=1, routed)           1.193     1.193    design_2_i/processing_system7_0/inst/FCLK_CLK_unbuffered[0]
    BUFGCTRL_X0Y16       BUFG (Prop_bufg_I_O)         0.101     1.294 r  design_2_i/processing_system7_0/inst/buffer_fclk_clk_0.FCLK_CLK_0_BUFG/O
                         net (fo=2094, routed)        1.731     3.025    design_2_i/top_onn_system_wrapp_0/inst/riya/onn_1/matcher_inst/clk
    SLICE_X70Y10         FDCE                                         r  design_2_i/top_onn_system_wrapp_0/inst/riya/onn_1/matcher_inst/index_reg_rep[0]/C
  -------------------------------------------------------------------    -------------------
    SLICE_X70Y10         FDCE (Prop_fdce_C_Q)         0.456     3.481 r  design_2_i/top_onn_system_wrapp_0/inst/riya/onn_1/matcher_inst/index_reg_rep[0]/Q
                         net (fo=37, routed)          1.291     4.772    design_2_i/top_onn_system_wrapp_0/inst/riya/onn_1/matcher_inst/index_reg_rep[0]
    SLICE_X62Y22         LUT5 (Prop_lut5_I3_O)        0.150     4.922 r  design_2_i/top_onn_system_wrapp_0/inst/riya/onn_1/matcher_inst/min_total_diff[7]_i_157/O
                         net (fo=3, routed)           0.896     5.819    design_2_i/top_onn_system_wrapp_0/inst/riya/onn_1/matcher_inst/min_total_diff[7]_i_157_n_0
    SLICE_X62Y19         LUT6 (Prop_lut6_I4_O)        0.348     6.167 r  design_2_i/top_onn_system_wrapp_0/inst/riya/onn_1/matcher_inst/min_total_diff[7]_i_102/O
                         net (fo=2, routed)           1.134     7.301    design_2_i/top_onn_system_wrapp_0/inst/riya/onn_1/matcher_inst/min_total_diff[7]_i_102_n_0
    SLICE_X81Y19         LUT3 (Prop_lut3_I1_O)        0.153     7.454 r  design_2_i/top_onn_system_wrapp_0/inst/riya/onn_1/matcher_inst/min_total_diff[7]_i_61/O
                         net (fo=3, routed)           0.571     8.025    design_2_i/top_onn_system_wrapp_0/inst/riya/onn_1/matcher_inst/min_total_diff[7]_i_61_n_0
    SLICE_X83Y16         LUT3 (Prop_lut3_I2_O)        0.323     8.348 r  design_2_i/top_onn_system_wrapp_0/inst/riya/onn_1/matcher_inst/min_total_diff[7]_i_88/O
                         net (fo=1, routed)           0.802     9.150    design_2_i/top_onn_system_wrapp_0/inst/riya/onn_1/matcher_inst/min_total_diff[7]_i_88_n_0
    SLICE_X83Y15         LUT5 (Prop_lut5_I4_O)        0.355     9.505 r  design_2_i/top_onn_system_wrapp_0/inst/riya/onn_1/matcher_inst/min_total_diff[7]_i_38/O
                         net (fo=3, routed)           0.997    10.501    design_2_i/top_onn_system_wrapp_0/inst/riya/onn_1/matcher_inst/min_total_diff[7]_i_38_n_0
    SLICE_X82Y13         LUT5 (Prop_lut5_I1_O)        0.326    10.827 r  design_2_i/top_onn_system_wrapp_0/inst/riya/onn_1/matcher_inst/min_total_diff[7]_i_10/O
                         net (fo=2, routed)           0.797    11.624    design_2_i/top_onn_system_wrapp_0/inst/riya/onn_1/matcher_inst/min_total_diff[7]_i_10_n_0
    SLICE_X84Y6          LUT4 (Prop_lut4_I3_O)        0.150    11.774 r  design_2_i/top_onn_system_wrapp_0/inst/riya/onn_1/matcher_inst/min_total_diff[7]_i_2/O
                         net (fo=2, routed)           0.863    12.637    design_2_i/top_onn_system_wrapp_0/inst/riya/onn_1/matcher_inst/min_total_diff[7]_i_2_n_0
    SLICE_X84Y6          LUT6 (Prop_lut6_I3_O)        0.326    12.963 r  design_2_i/top_onn_system_wrapp_0/inst/riya/onn_1/matcher_inst/min_total_diff[7]_i_5/O
                         net (fo=1, routed)           0.000    12.963    design_2_i/top_onn_system_wrapp_0/inst/riya/onn_1/matcher_inst/min_total_diff[7]_i_5_n_0
    SLICE_X84Y6          CARRY4 (Prop_carry4_S[1]_CO[3])
                                                      0.550    13.513 r  design_2_i/top_onn_system_wrapp_0/inst/riya/onn_1/matcher_inst/min_total_diff_reg[7]_i_1/CO[3]
                         net (fo=3, routed)           1.236    14.749    design_2_i/top_onn_system_wrapp_0/inst/riya/onn_1/matcher_inst/current_total_diff[7]
    SLICE_X84Y10         LUT4 (Prop_lut4_I0_O)        0.124    14.873 r  design_2_i/top_onn_system_wrapp_0/inst/riya/onn_1/matcher_inst/min_total_diff[15]_i_12/O
                         net (fo=1, routed)           0.000    14.873    design_2_i/top_onn_system_wrapp_0/inst/riya/onn_1/matcher_inst/min_total_diff[15]_i_12_n_0
    SLICE_X84Y10         CARRY4 (Prop_carry4_S[3]_CO[3])
                                                      0.401    15.274 r  design_2_i/top_onn_system_wrapp_0/inst/riya/onn_1/matcher_inst/min_total_diff_reg[15]_i_3/CO[3]
                         net (fo=1, routed)           0.000    15.274    design_2_i/top_onn_system_wrapp_0/inst/riya/onn_1/matcher_inst/min_total_diff_reg[15]_i_3_n_0
    SLICE_X84Y11         CARRY4 (Prop_carry4_CI_CO[3])
                                                      0.114    15.388 r  design_2_i/top_onn_system_wrapp_0/inst/riya/onn_1/matcher_inst/min_total_diff_reg[15]_i_2/CO[3]
                         net (fo=33, routed)          2.307    17.695    design_2_i/top_onn_system_wrapp_0/inst/riya/onn_1/matcher_inst/min_total_diff_reg[15]_i_2_n_0
    SLICE_X101Y33        LUT3 (Prop_lut3_I1_O)        0.124    17.819 r  design_2_i/top_onn_system_wrapp_0/inst/riya/onn_1/matcher_inst/best_pattern_temp[21]_i_1/O
                         net (fo=2, routed)           0.701    18.520    design_2_i/top_onn_system_wrapp_0/inst/riya/onn_1/matcher_inst/p_0_in[21]
    SLICE_X98Y36         FDCE                                         r  design_2_i/top_onn_system_wrapp_0/inst/riya/onn_1/matcher_inst/best_match_reg[21]/D
  -------------------------------------------------------------------    -------------------

                         (clock clk_fpga_0 rise edge)
                                                     20.000    20.000 r  
    PS7_X0Y0             PS7                          0.000    20.000 r  design_2_i/processing_system7_0/inst/PS7_i/FCLKCLK[0]
                         net (fo=1, routed)           1.088    21.088    design_2_i/processing_system7_0/inst/FCLK_CLK_unbuffered[0]
    BUFGCTRL_X0Y16       BUFG (Prop_bufg_I_O)         0.091    21.179 r  design_2_i/processing_system7_0/inst/buffer_fclk_clk_0.FCLK_CLK_0_BUFG/O
                         net (fo=2094, routed)        1.620    22.799    design_2_i/top_onn_system_wrapp_0/inst/riya/onn_1/matcher_inst/clk
    SLICE_X98Y36         FDCE                                         r  design_2_i/top_onn_system_wrapp_0/inst/riya/onn_1/matcher_inst/best_match_reg[21]/C
                         clock pessimism              0.230    23.029    
                         clock uncertainty           -0.302    22.727    
    SLICE_X98Y36         FDCE (Setup_fdce_C_D)       -0.026    22.701    design_2_i/top_onn_system_wrapp_0/inst/riya/onn_1/matcher_inst/best_match_reg[21]
  -------------------------------------------------------------------
                         required time                         22.701    
                         arrival time                         -18.520    
  -------------------------------------------------------------------
                         slack                                  4.181    

Slack (MET) :             4.206ns  (required time - arrival time)
  Source:                 design_2_i/top_onn_system_wrapp_0/inst/riya/onn_1/matcher_inst/index_reg_rep[0]/C
                            (rising edge-triggered cell FDCE clocked by clk_fpga_0  {rise@0.000ns fall@10.000ns period=20.000ns})
  Destination:            design_2_i/top_onn_system_wrapp_0/inst/riya/onn_1/matcher_inst/best_pattern_temp_reg[9]/D
                            (rising edge-triggered cell FDCE clocked by clk_fpga_0  {rise@0.000ns fall@10.000ns period=20.000ns})
  Path Group:             clk_fpga_0
  Path Type:              Setup (Max at Slow Process Corner)
  Requirement:            20.000ns  (clk_fpga_0 rise@20.000ns - clk_fpga_0 rise@0.000ns)
  Data Path Delay:        15.239ns  (logic 3.892ns (25.540%)  route 11.347ns (74.460%))
  Logic Levels:           13  (CARRY4=3 LUT3=3 LUT4=2 LUT5=3 LUT6=2)
  Clock Path Skew:        -0.004ns (DCD - SCD + CPR)
    Destination Clock Delay (DCD):    2.791ns = ( 22.792 - 20.000 ) 
    Source Clock Delay      (SCD):    3.025ns
    Clock Pessimism Removal (CPR):    0.230ns
  Clock Uncertainty:      0.302ns  ((TSJ^2 + TIJ^2)^1/2 + DJ) / 2 + PE
    Total System Jitter     (TSJ):    0.071ns
    Total Input Jitter      (TIJ):    0.600ns
    Discrete Jitter          (DJ):    0.000ns
    Phase Error              (PE):    0.000ns

    Location             Delay type                Incr(ns)  Path(ns)    Netlist Resource(s)
  -------------------------------------------------------------------    -------------------
                         (clock clk_fpga_0 rise edge)
                                                      0.000     0.000 r  
    PS7_X0Y0             PS7                          0.000     0.000 r  design_2_i/processing_system7_0/inst/PS7_i/FCLKCLK[0]
                         net (fo=1, routed)           1.193     1.193    design_2_i/processing_system7_0/inst/FCLK_CLK_unbuffered[0]
    BUFGCTRL_X0Y16       BUFG (Prop_bufg_I_O)         0.101     1.294 r  design_2_i/processing_system7_0/inst/buffer_fclk_clk_0.FCLK_CLK_0_BUFG/O
                         net (fo=2094, routed)        1.731     3.025    design_2_i/top_onn_system_wrapp_0/inst/riya/onn_1/matcher_inst/clk
    SLICE_X70Y10         FDCE                                         r  design_2_i/top_onn_system_wrapp_0/inst/riya/onn_1/matcher_inst/index_reg_rep[0]/C
  -------------------------------------------------------------------    -------------------
    SLICE_X70Y10         FDCE (Prop_fdce_C_Q)         0.456     3.481 r  design_2_i/top_onn_system_wrapp_0/inst/riya/onn_1/matcher_inst/index_reg_rep[0]/Q
                         net (fo=37, routed)          1.291     4.772    design_2_i/top_onn_system_wrapp_0/inst/riya/onn_1/matcher_inst/index_reg_rep[0]
    SLICE_X62Y22         LUT5 (Prop_lut5_I3_O)        0.150     4.922 r  design_2_i/top_onn_system_wrapp_0/inst/riya/onn_1/matcher_inst/min_total_diff[7]_i_157/O
                         net (fo=3, routed)           0.896     5.819    design_2_i/top_onn_system_wrapp_0/inst/riya/onn_1/matcher_inst/min_total_diff[7]_i_157_n_0
    SLICE_X62Y19         LUT6 (Prop_lut6_I4_O)        0.348     6.167 r  design_2_i/top_onn_system_wrapp_0/inst/riya/onn_1/matcher_inst/min_total_diff[7]_i_102/O
                         net (fo=2, routed)           1.134     7.301    design_2_i/top_onn_system_wrapp_0/inst/riya/onn_1/matcher_inst/min_total_diff[7]_i_102_n_0
    SLICE_X81Y19         LUT3 (Prop_lut3_I1_O)        0.153     7.454 r  design_2_i/top_onn_system_wrapp_0/inst/riya/onn_1/matcher_inst/min_total_diff[7]_i_61/O
                         net (fo=3, routed)           0.571     8.025    design_2_i/top_onn_system_wrapp_0/inst/riya/onn_1/matcher_inst/min_total_diff[7]_i_61_n_0
    SLICE_X83Y16         LUT3 (Prop_lut3_I2_O)        0.323     8.348 r  design_2_i/top_onn_system_wrapp_0/inst/riya/onn_1/matcher_inst/min_total_diff[7]_i_88/O
                         net (fo=1, routed)           0.802     9.150    design_2_i/top_onn_system_wrapp_0/inst/riya/onn_1/matcher_inst/min_total_diff[7]_i_88_n_0
    SLICE_X83Y15         LUT5 (Prop_lut5_I4_O)        0.355     9.505 r  design_2_i/top_onn_system_wrapp_0/inst/riya/onn_1/matcher_inst/min_total_diff[7]_i_38/O
                         net (fo=3, routed)           0.997    10.501    design_2_i/top_onn_system_wrapp_0/inst/riya/onn_1/matcher_inst/min_total_diff[7]_i_38_n_0
    SLICE_X82Y13         LUT5 (Prop_lut5_I1_O)        0.326    10.827 r  design_2_i/top_onn_system_wrapp_0/inst/riya/onn_1/matcher_inst/min_total_diff[7]_i_10/O
                         net (fo=2, routed)           0.797    11.624    design_2_i/top_onn_system_wrapp_0/inst/riya/onn_1/matcher_inst/min_total_diff[7]_i_10_n_0
    SLICE_X84Y6          LUT4 (Prop_lut4_I3_O)        0.150    11.774 r  design_2_i/top_onn_system_wrapp_0/inst/riya/onn_1/matcher_inst/min_total_diff[7]_i_2/O
                         net (fo=2, routed)           0.863    12.637    design_2_i/top_onn_system_wrapp_0/inst/riya/onn_1/matcher_inst/min_total_diff[7]_i_2_n_0
    SLICE_X84Y6          LUT6 (Prop_lut6_I3_O)        0.326    12.963 r  design_2_i/top_onn_system_wrapp_0/inst/riya/onn_1/matcher_inst/min_total_diff[7]_i_5/O
                         net (fo=1, routed)           0.000    12.963    design_2_i/top_onn_system_wrapp_0/inst/riya/onn_1/matcher_inst/min_total_diff[7]_i_5_n_0
    SLICE_X84Y6          CARRY4 (Prop_carry4_S[1]_CO[3])
                                                      0.550    13.513 r  design_2_i/top_onn_system_wrapp_0/inst/riya/onn_1/matcher_inst/min_total_diff_reg[7]_i_1/CO[3]
                         net (fo=3, routed)           1.236    14.749    design_2_i/top_onn_system_wrapp_0/inst/riya/onn_1/matcher_inst/current_total_diff[7]
    SLICE_X84Y10         LUT4 (Prop_lut4_I0_O)        0.124    14.873 r  design_2_i/top_onn_system_wrapp_0/inst/riya/onn_1/matcher_inst/min_total_diff[15]_i_12/O
                         net (fo=1, routed)           0.000    14.873    design_2_i/top_onn_system_wrapp_0/inst/riya/onn_1/matcher_inst/min_total_diff[15]_i_12_n_0
    SLICE_X84Y10         CARRY4 (Prop_carry4_S[3]_CO[3])
                                                      0.401    15.274 r  design_2_i/top_onn_system_wrapp_0/inst/riya/onn_1/matcher_inst/min_total_diff_reg[15]_i_3/CO[3]
                         net (fo=1, routed)           0.000    15.274    design_2_i/top_onn_system_wrapp_0/inst/riya/onn_1/matcher_inst/min_total_diff_reg[15]_i_3_n_0
    SLICE_X84Y11         CARRY4 (Prop_carry4_CI_CO[3])
                                                      0.114    15.388 r  design_2_i/top_onn_system_wrapp_0/inst/riya/onn_1/matcher_inst/min_total_diff_reg[15]_i_2/CO[3]
                         net (fo=33, routed)          2.130    17.518    design_2_i/top_onn_system_wrapp_0/inst/riya/onn_1/matcher_inst/min_total_diff_reg[15]_i_2_n_0
    SLICE_X94Y28         LUT3 (Prop_lut3_I1_O)        0.116    17.634 r  design_2_i/top_onn_system_wrapp_0/inst/riya/onn_1/matcher_inst/best_pattern_temp[9]_i_1/O
                         net (fo=2, routed)           0.630    18.264    design_2_i/top_onn_system_wrapp_0/inst/riya/onn_1/matcher_inst/p_0_in[9]
    SLICE_X94Y28         FDCE                                         r  design_2_i/top_onn_system_wrapp_0/inst/riya/onn_1/matcher_inst/best_pattern_temp_reg[9]/D
  -------------------------------------------------------------------    -------------------

                         (clock clk_fpga_0 rise edge)
                                                     20.000    20.000 r  
    PS7_X0Y0             PS7                          0.000    20.000 r  design_2_i/processing_system7_0/inst/PS7_i/FCLKCLK[0]
                         net (fo=1, routed)           1.088    21.088    design_2_i/processing_system7_0/inst/FCLK_CLK_unbuffered[0]
    BUFGCTRL_X0Y16       BUFG (Prop_bufg_I_O)         0.091    21.179 r  design_2_i/processing_system7_0/inst/buffer_fclk_clk_0.FCLK_CLK_0_BUFG/O
                         net (fo=2094, routed)        1.612    22.792    design_2_i/top_onn_system_wrapp_0/inst/riya/onn_1/matcher_inst/clk
    SLICE_X94Y28         FDCE                                         r  design_2_i/top_onn_system_wrapp_0/inst/riya/onn_1/matcher_inst/best_pattern_temp_reg[9]/C
                         clock pessimism              0.230    23.021    
                         clock uncertainty           -0.302    22.719    
    SLICE_X94Y28         FDCE (Setup_fdce_C_D)       -0.249    22.470    design_2_i/top_onn_system_wrapp_0/inst/riya/onn_1/matcher_inst/best_pattern_temp_reg[9]
  -------------------------------------------------------------------
                         required time                         22.470    
                         arrival time                         -18.264    
  -------------------------------------------------------------------
                         slack                                  4.206    

Slack (MET) :             4.244ns  (required time - arrival time)
  Source:                 design_2_i/top_onn_system_wrapp_0/inst/riya/onn_1/matcher_inst/index_reg_rep[0]/C
                            (rising edge-triggered cell FDCE clocked by clk_fpga_0  {rise@0.000ns fall@10.000ns period=20.000ns})
  Destination:            design_2_i/top_onn_system_wrapp_0/inst/riya/onn_1/matcher_inst/best_pattern_temp_reg[22]/D
                            (rising edge-triggered cell FDCE clocked by clk_fpga_0  {rise@0.000ns fall@10.000ns period=20.000ns})
  Path Group:             clk_fpga_0
  Path Type:              Setup (Max at Slow Process Corner)
  Requirement:            20.000ns  (clk_fpga_0 rise@20.000ns - clk_fpga_0 rise@0.000ns)
  Data Path Delay:        15.187ns  (logic 3.895ns (25.647%)  route 11.292ns (74.353%))
  Logic Levels:           13  (CARRY4=3 LUT3=3 LUT4=2 LUT5=3 LUT6=2)
  Clock Path Skew:        0.002ns (DCD - SCD + CPR)
    Destination Clock Delay (DCD):    2.797ns = ( 22.798 - 20.000 ) 
    Source Clock Delay      (SCD):    3.025ns
    Clock Pessimism Removal (CPR):    0.230ns
  Clock Uncertainty:      0.302ns  ((TSJ^2 + TIJ^2)^1/2 + DJ) / 2 + PE
    Total System Jitter     (TSJ):    0.071ns
    Total Input Jitter      (TIJ):    0.600ns
    Discrete Jitter          (DJ):    0.000ns
    Phase Error              (PE):    0.000ns

    Location             Delay type                Incr(ns)  Path(ns)    Netlist Resource(s)
  -------------------------------------------------------------------    -------------------
                         (clock clk_fpga_0 rise edge)
                                                      0.000     0.000 r  
    PS7_X0Y0             PS7                          0.000     0.000 r  design_2_i/processing_system7_0/inst/PS7_i/FCLKCLK[0]
                         net (fo=1, routed)           1.193     1.193    design_2_i/processing_system7_0/inst/FCLK_CLK_unbuffered[0]
    BUFGCTRL_X0Y16       BUFG (Prop_bufg_I_O)         0.101     1.294 r  design_2_i/processing_system7_0/inst/buffer_fclk_clk_0.FCLK_CLK_0_BUFG/O
                         net (fo=2094, routed)        1.731     3.025    design_2_i/top_onn_system_wrapp_0/inst/riya/onn_1/matcher_inst/clk
    SLICE_X70Y10         FDCE                                         r  design_2_i/top_onn_system_wrapp_0/inst/riya/onn_1/matcher_inst/index_reg_rep[0]/C
  -------------------------------------------------------------------    -------------------
    SLICE_X70Y10         FDCE (Prop_fdce_C_Q)         0.456     3.481 r  design_2_i/top_onn_system_wrapp_0/inst/riya/onn_1/matcher_inst/index_reg_rep[0]/Q
                         net (fo=37, routed)          1.291     4.772    design_2_i/top_onn_system_wrapp_0/inst/riya/onn_1/matcher_inst/index_reg_rep[0]
    SLICE_X62Y22         LUT5 (Prop_lut5_I3_O)        0.150     4.922 r  design_2_i/top_onn_system_wrapp_0/inst/riya/onn_1/matcher_inst/min_total_diff[7]_i_157/O
                         net (fo=3, routed)           0.896     5.819    design_2_i/top_onn_system_wrapp_0/inst/riya/onn_1/matcher_inst/min_total_diff[7]_i_157_n_0
    SLICE_X62Y19         LUT6 (Prop_lut6_I4_O)        0.348     6.167 r  design_2_i/top_onn_system_wrapp_0/inst/riya/onn_1/matcher_inst/min_total_diff[7]_i_102/O
                         net (fo=2, routed)           1.134     7.301    design_2_i/top_onn_system_wrapp_0/inst/riya/onn_1/matcher_inst/min_total_diff[7]_i_102_n_0
    SLICE_X81Y19         LUT3 (Prop_lut3_I1_O)        0.153     7.454 r  design_2_i/top_onn_system_wrapp_0/inst/riya/onn_1/matcher_inst/min_total_diff[7]_i_61/O
                         net (fo=3, routed)           0.571     8.025    design_2_i/top_onn_system_wrapp_0/inst/riya/onn_1/matcher_inst/min_total_diff[7]_i_61_n_0
    SLICE_X83Y16         LUT3 (Prop_lut3_I2_O)        0.323     8.348 r  design_2_i/top_onn_system_wrapp_0/inst/riya/onn_1/matcher_inst/min_total_diff[7]_i_88/O
                         net (fo=1, routed)           0.802     9.150    design_2_i/top_onn_system_wrapp_0/inst/riya/onn_1/matcher_inst/min_total_diff[7]_i_88_n_0
    SLICE_X83Y15         LUT5 (Prop_lut5_I4_O)        0.355     9.505 r  design_2_i/top_onn_system_wrapp_0/inst/riya/onn_1/matcher_inst/min_total_diff[7]_i_38/O
                         net (fo=3, routed)           0.997    10.501    design_2_i/top_onn_system_wrapp_0/inst/riya/onn_1/matcher_inst/min_total_diff[7]_i_38_n_0
    SLICE_X82Y13         LUT5 (Prop_lut5_I1_O)        0.326    10.827 r  design_2_i/top_onn_system_wrapp_0/inst/riya/onn_1/matcher_inst/min_total_diff[7]_i_10/O
                         net (fo=2, routed)           0.797    11.624    design_2_i/top_onn_system_wrapp_0/inst/riya/onn_1/matcher_inst/min_total_diff[7]_i_10_n_0
    SLICE_X84Y6          LUT4 (Prop_lut4_I3_O)        0.150    11.774 r  design_2_i/top_onn_system_wrapp_0/inst/riya/onn_1/matcher_inst/min_total_diff[7]_i_2/O
                         net (fo=2, routed)           0.863    12.637    design_2_i/top_onn_system_wrapp_0/inst/riya/onn_1/matcher_inst/min_total_diff[7]_i_2_n_0
    SLICE_X84Y6          LUT6 (Prop_lut6_I3_O)        0.326    12.963 r  design_2_i/top_onn_system_wrapp_0/inst/riya/onn_1/matcher_inst/min_total_diff[7]_i_5/O
                         net (fo=1, routed)           0.000    12.963    design_2_i/top_onn_system_wrapp_0/inst/riya/onn_1/matcher_inst/min_total_diff[7]_i_5_n_0
    SLICE_X84Y6          CARRY4 (Prop_carry4_S[1]_CO[3])
                                                      0.550    13.513 r  design_2_i/top_onn_system_wrapp_0/inst/riya/onn_1/matcher_inst/min_total_diff_reg[7]_i_1/CO[3]
                         net (fo=3, routed)           1.236    14.749    design_2_i/top_onn_system_wrapp_0/inst/riya/onn_1/matcher_inst/current_total_diff[7]
    SLICE_X84Y10         LUT4 (Prop_lut4_I0_O)        0.124    14.873 r  design_2_i/top_onn_system_wrapp_0/inst/riya/onn_1/matcher_inst/min_total_diff[15]_i_12/O
                         net (fo=1, routed)           0.000    14.873    design_2_i/top_onn_system_wrapp_0/inst/riya/onn_1/matcher_inst/min_total_diff[15]_i_12_n_0
    SLICE_X84Y10         CARRY4 (Prop_carry4_S[3]_CO[3])
                                                      0.401    15.274 r  design_2_i/top_onn_system_wrapp_0/inst/riya/onn_1/matcher_inst/min_total_diff_reg[15]_i_3/CO[3]
                         net (fo=1, routed)           0.000    15.274    design_2_i/top_onn_system_wrapp_0/inst/riya/onn_1/matcher_inst/min_total_diff_reg[15]_i_3_n_0
    SLICE_X84Y11         CARRY4 (Prop_carry4_CI_CO[3])
                                                      0.114    15.388 r  design_2_i/top_onn_system_wrapp_0/inst/riya/onn_1/matcher_inst/min_total_diff_reg[15]_i_2/CO[3]
                         net (fo=33, routed)          2.307    17.695    design_2_i/top_onn_system_wrapp_0/inst/riya/onn_1/matcher_inst/min_total_diff_reg[15]_i_2_n_0
    SLICE_X101Y33        LUT3 (Prop_lut3_I1_O)        0.119    17.814 r  design_2_i/top_onn_system_wrapp_0/inst/riya/onn_1/matcher_inst/best_pattern_temp[22]_i_1/O
                         net (fo=2, routed)           0.399    18.212    design_2_i/top_onn_system_wrapp_0/inst/riya/onn_1/matcher_inst/p_0_in[22]
    SLICE_X101Y33        FDCE                                         r  design_2_i/top_onn_system_wrapp_0/inst/riya/onn_1/matcher_inst/best_pattern_temp_reg[22]/D
  -------------------------------------------------------------------    -------------------

                         (clock clk_fpga_0 rise edge)
                                                     20.000    20.000 r  
    PS7_X0Y0             PS7                          0.000    20.000 r  design_2_i/processing_system7_0/inst/PS7_i/FCLKCLK[0]
                         net (fo=1, routed)           1.088    21.088    design_2_i/processing_system7_0/inst/FCLK_CLK_unbuffered[0]
    BUFGCTRL_X0Y16       BUFG (Prop_bufg_I_O)         0.091    21.179 r  design_2_i/processing_system7_0/inst/buffer_fclk_clk_0.FCLK_CLK_0_BUFG/O
                         net (fo=2094, routed)        1.618    22.798    design_2_i/top_onn_system_wrapp_0/inst/riya/onn_1/matcher_inst/clk
    SLICE_X101Y33        FDCE                                         r  design_2_i/top_onn_system_wrapp_0/inst/riya/onn_1/matcher_inst/best_pattern_temp_reg[22]/C
                         clock pessimism              0.230    23.027    
                         clock uncertainty           -0.302    22.725    
    SLICE_X101Y33        FDCE (Setup_fdce_C_D)       -0.269    22.456    design_2_i/top_onn_system_wrapp_0/inst/riya/onn_1/matcher_inst/best_pattern_temp_reg[22]
  -------------------------------------------------------------------
                         required time                         22.456    
                         arrival time                         -18.212    
  -------------------------------------------------------------------
                         slack                                  4.244    

Slack (MET) :             4.254ns  (required time - arrival time)
  Source:                 design_2_i/top_onn_system_wrapp_0/inst/riya/onn_1/matcher_inst/index_reg_rep[0]/C
                            (rising edge-triggered cell FDCE clocked by clk_fpga_0  {rise@0.000ns fall@10.000ns period=20.000ns})
  Destination:            design_2_i/top_onn_system_wrapp_0/inst/riya/onn_1/matcher_inst/best_match_reg[31]/D
                            (rising edge-triggered cell FDCE clocked by clk_fpga_0  {rise@0.000ns fall@10.000ns period=20.000ns})
  Path Group:             clk_fpga_0
  Path Type:              Setup (Max at Slow Process Corner)
  Requirement:            20.000ns  (clk_fpga_0 rise@20.000ns - clk_fpga_0 rise@0.000ns)
  Data Path Delay:        15.203ns  (logic 3.929ns (25.843%)  route 11.274ns (74.157%))
  Logic Levels:           13  (CARRY4=3 LUT3=3 LUT4=2 LUT5=3 LUT6=2)
  Clock Path Skew:        0.007ns (DCD - SCD + CPR)
    Destination Clock Delay (DCD):    2.802ns = ( 22.802 - 20.000 ) 
    Source Clock Delay      (SCD):    3.025ns
    Clock Pessimism Removal (CPR):    0.230ns
  Clock Uncertainty:      0.302ns  ((TSJ^2 + TIJ^2)^1/2 + DJ) / 2 + PE
    Total System Jitter     (TSJ):    0.071ns
    Total Input Jitter      (TIJ):    0.600ns
    Discrete Jitter          (DJ):    0.000ns
    Phase Error              (PE):    0.000ns

    Location             Delay type                Incr(ns)  Path(ns)    Netlist Resource(s)
  -------------------------------------------------------------------    -------------------
                         (clock clk_fpga_0 rise edge)
                                                      0.000     0.000 r  
    PS7_X0Y0             PS7                          0.000     0.000 r  design_2_i/processing_system7_0/inst/PS7_i/FCLKCLK[0]
                         net (fo=1, routed)           1.193     1.193    design_2_i/processing_system7_0/inst/FCLK_CLK_unbuffered[0]
    BUFGCTRL_X0Y16       BUFG (Prop_bufg_I_O)         0.101     1.294 r  design_2_i/processing_system7_0/inst/buffer_fclk_clk_0.FCLK_CLK_0_BUFG/O
                         net (fo=2094, routed)        1.731     3.025    design_2_i/top_onn_system_wrapp_0/inst/riya/onn_1/matcher_inst/clk
    SLICE_X70Y10         FDCE                                         r  design_2_i/top_onn_system_wrapp_0/inst/riya/onn_1/matcher_inst/index_reg_rep[0]/C
  -------------------------------------------------------------------    -------------------
    SLICE_X70Y10         FDCE (Prop_fdce_C_Q)         0.456     3.481 r  design_2_i/top_onn_system_wrapp_0/inst/riya/onn_1/matcher_inst/index_reg_rep[0]/Q
                         net (fo=37, routed)          1.291     4.772    design_2_i/top_onn_system_wrapp_0/inst/riya/onn_1/matcher_inst/index_reg_rep[0]
    SLICE_X62Y22         LUT5 (Prop_lut5_I3_O)        0.150     4.922 r  design_2_i/top_onn_system_wrapp_0/inst/riya/onn_1/matcher_inst/min_total_diff[7]_i_157/O
                         net (fo=3, routed)           0.896     5.819    design_2_i/top_onn_system_wrapp_0/inst/riya/onn_1/matcher_inst/min_total_diff[7]_i_157_n_0
    SLICE_X62Y19         LUT6 (Prop_lut6_I4_O)        0.348     6.167 r  design_2_i/top_onn_system_wrapp_0/inst/riya/onn_1/matcher_inst/min_total_diff[7]_i_102/O
                         net (fo=2, routed)           1.134     7.301    design_2_i/top_onn_system_wrapp_0/inst/riya/onn_1/matcher_inst/min_total_diff[7]_i_102_n_0
    SLICE_X81Y19         LUT3 (Prop_lut3_I1_O)        0.153     7.454 r  design_2_i/top_onn_system_wrapp_0/inst/riya/onn_1/matcher_inst/min_total_diff[7]_i_61/O
                         net (fo=3, routed)           0.571     8.025    design_2_i/top_onn_system_wrapp_0/inst/riya/onn_1/matcher_inst/min_total_diff[7]_i_61_n_0
    SLICE_X83Y16         LUT3 (Prop_lut3_I2_O)        0.323     8.348 r  design_2_i/top_onn_system_wrapp_0/inst/riya/onn_1/matcher_inst/min_total_diff[7]_i_88/O
                         net (fo=1, routed)           0.802     9.150    design_2_i/top_onn_system_wrapp_0/inst/riya/onn_1/matcher_inst/min_total_diff[7]_i_88_n_0
    SLICE_X83Y15         LUT5 (Prop_lut5_I4_O)        0.355     9.505 r  design_2_i/top_onn_system_wrapp_0/inst/riya/onn_1/matcher_inst/min_total_diff[7]_i_38/O
                         net (fo=3, routed)           0.997    10.501    design_2_i/top_onn_system_wrapp_0/inst/riya/onn_1/matcher_inst/min_total_diff[7]_i_38_n_0
    SLICE_X82Y13         LUT5 (Prop_lut5_I1_O)        0.326    10.827 r  design_2_i/top_onn_system_wrapp_0/inst/riya/onn_1/matcher_inst/min_total_diff[7]_i_10/O
                         net (fo=2, routed)           0.797    11.624    design_2_i/top_onn_system_wrapp_0/inst/riya/onn_1/matcher_inst/min_total_diff[7]_i_10_n_0
    SLICE_X84Y6          LUT4 (Prop_lut4_I3_O)        0.150    11.774 r  design_2_i/top_onn_system_wrapp_0/inst/riya/onn_1/matcher_inst/min_total_diff[7]_i_2/O
                         net (fo=2, routed)           0.863    12.637    design_2_i/top_onn_system_wrapp_0/inst/riya/onn_1/matcher_inst/min_total_diff[7]_i_2_n_0
    SLICE_X84Y6          LUT6 (Prop_lut6_I3_O)        0.326    12.963 r  design_2_i/top_onn_system_wrapp_0/inst/riya/onn_1/matcher_inst/min_total_diff[7]_i_5/O
                         net (fo=1, routed)           0.000    12.963    design_2_i/top_onn_system_wrapp_0/inst/riya/onn_1/matcher_inst/min_total_diff[7]_i_5_n_0
    SLICE_X84Y6          CARRY4 (Prop_carry4_S[1]_CO[3])
                                                      0.550    13.513 r  design_2_i/top_onn_system_wrapp_0/inst/riya/onn_1/matcher_inst/min_total_diff_reg[7]_i_1/CO[3]
                         net (fo=3, routed)           1.236    14.749    design_2_i/top_onn_system_wrapp_0/inst/riya/onn_1/matcher_inst/current_total_diff[7]
    SLICE_X84Y10         LUT4 (Prop_lut4_I0_O)        0.124    14.873 r  design_2_i/top_onn_system_wrapp_0/inst/riya/onn_1/matcher_inst/min_total_diff[15]_i_12/O
                         net (fo=1, routed)           0.000    14.873    design_2_i/top_onn_system_wrapp_0/inst/riya/onn_1/matcher_inst/min_total_diff[15]_i_12_n_0
    SLICE_X84Y10         CARRY4 (Prop_carry4_S[3]_CO[3])
                                                      0.401    15.274 r  design_2_i/top_onn_system_wrapp_0/inst/riya/onn_1/matcher_inst/min_total_diff_reg[15]_i_3/CO[3]
                         net (fo=1, routed)           0.000    15.274    design_2_i/top_onn_system_wrapp_0/inst/riya/onn_1/matcher_inst/min_total_diff_reg[15]_i_3_n_0
    SLICE_X84Y11         CARRY4 (Prop_carry4_CI_CO[3])
                                                      0.114    15.388 r  design_2_i/top_onn_system_wrapp_0/inst/riya/onn_1/matcher_inst/min_total_diff_reg[15]_i_2/CO[3]
                         net (fo=33, routed)          1.748    17.136    design_2_i/top_onn_system_wrapp_0/inst/riya/onn_1/matcher_inst/min_total_diff_reg[15]_i_2_n_0
    SLICE_X86Y33         LUT3 (Prop_lut3_I1_O)        0.153    17.289 r  design_2_i/top_onn_system_wrapp_0/inst/riya/onn_1/matcher_inst/best_pattern_temp[31]_i_2/O
                         net (fo=2, routed)           0.939    18.228    design_2_i/top_onn_system_wrapp_0/inst/riya/onn_1/matcher_inst/p_0_in[31]
    SLICE_X94Y41         FDCE                                         r  design_2_i/top_onn_system_wrapp_0/inst/riya/onn_1/matcher_inst/best_match_reg[31]/D
  -------------------------------------------------------------------    -------------------

                         (clock clk_fpga_0 rise edge)
                                                     20.000    20.000 r  
    PS7_X0Y0             PS7                          0.000    20.000 r  design_2_i/processing_system7_0/inst/PS7_i/FCLKCLK[0]
                         net (fo=1, routed)           1.088    21.088    design_2_i/processing_system7_0/inst/FCLK_CLK_unbuffered[0]
    BUFGCTRL_X0Y16       BUFG (Prop_bufg_I_O)         0.091    21.179 r  design_2_i/processing_system7_0/inst/buffer_fclk_clk_0.FCLK_CLK_0_BUFG/O
                         net (fo=2094, routed)        1.623    22.802    design_2_i/top_onn_system_wrapp_0/inst/riya/onn_1/matcher_inst/clk
    SLICE_X94Y41         FDCE                                         r  design_2_i/top_onn_system_wrapp_0/inst/riya/onn_1/matcher_inst/best_match_reg[31]/C
                         clock pessimism              0.230    23.032    
                         clock uncertainty           -0.302    22.730    
    SLICE_X94Y41         FDCE (Setup_fdce_C_D)       -0.248    22.482    design_2_i/top_onn_system_wrapp_0/inst/riya/onn_1/matcher_inst/best_match_reg[31]
  -------------------------------------------------------------------
                         required time                         22.482    
                         arrival time                         -18.228    
  -------------------------------------------------------------------
                         slack                                  4.254    

Slack (MET) :             4.282ns  (required time - arrival time)
  Source:                 design_2_i/top_onn_system_wrapp_0/inst/riya/onn_1/matcher_inst/index_reg_rep[0]/C
                            (rising edge-triggered cell FDCE clocked by clk_fpga_0  {rise@0.000ns fall@10.000ns period=20.000ns})
  Destination:            design_2_i/top_onn_system_wrapp_0/inst/riya/onn_1/matcher_inst/best_match_reg[5]/D
                            (rising edge-triggered cell FDCE clocked by clk_fpga_0  {rise@0.000ns fall@10.000ns period=20.000ns})
  Path Group:             clk_fpga_0
  Path Type:              Setup (Max at Slow Process Corner)
  Requirement:            20.000ns  (clk_fpga_0 rise@20.000ns - clk_fpga_0 rise@0.000ns)
  Data Path Delay:        15.349ns  (logic 3.900ns (25.408%)  route 11.449ns (74.592%))
  Logic Levels:           13  (CARRY4=3 LUT3=3 LUT4=2 LUT5=3 LUT6=2)
  Clock Path Skew:        0.004ns (DCD - SCD + CPR)
    Destination Clock Delay (DCD):    2.799ns = ( 22.799 - 20.000 ) 
    Source Clock Delay      (SCD):    3.025ns
    Clock Pessimism Removal (CPR):    0.230ns
  Clock Uncertainty:      0.302ns  ((TSJ^2 + TIJ^2)^1/2 + DJ) / 2 + PE
    Total System Jitter     (TSJ):    0.071ns
    Total Input Jitter      (TIJ):    0.600ns
    Discrete Jitter          (DJ):    0.000ns
    Phase Error              (PE):    0.000ns

    Location             Delay type                Incr(ns)  Path(ns)    Netlist Resource(s)
  -------------------------------------------------------------------    -------------------
                         (clock clk_fpga_0 rise edge)
                                                      0.000     0.000 r  
    PS7_X0Y0             PS7                          0.000     0.000 r  design_2_i/processing_system7_0/inst/PS7_i/FCLKCLK[0]
                         net (fo=1, routed)           1.193     1.193    design_2_i/processing_system7_0/inst/FCLK_CLK_unbuffered[0]
    BUFGCTRL_X0Y16       BUFG (Prop_bufg_I_O)         0.101     1.294 r  design_2_i/processing_system7_0/inst/buffer_fclk_clk_0.FCLK_CLK_0_BUFG/O
                         net (fo=2094, routed)        1.731     3.025    design_2_i/top_onn_system_wrapp_0/inst/riya/onn_1/matcher_inst/clk
    SLICE_X70Y10         FDCE                                         r  design_2_i/top_onn_system_wrapp_0/inst/riya/onn_1/matcher_inst/index_reg_rep[0]/C
  -------------------------------------------------------------------    -------------------
    SLICE_X70Y10         FDCE (Prop_fdce_C_Q)         0.456     3.481 r  design_2_i/top_onn_system_wrapp_0/inst/riya/onn_1/matcher_inst/index_reg_rep[0]/Q
                         net (fo=37, routed)          1.291     4.772    design_2_i/top_onn_system_wrapp_0/inst/riya/onn_1/matcher_inst/index_reg_rep[0]
    SLICE_X62Y22         LUT5 (Prop_lut5_I3_O)        0.150     4.922 r  design_2_i/top_onn_system_wrapp_0/inst/riya/onn_1/matcher_inst/min_total_diff[7]_i_157/O
                         net (fo=3, routed)           0.896     5.819    design_2_i/top_onn_system_wrapp_0/inst/riya/onn_1/matcher_inst/min_total_diff[7]_i_157_n_0
    SLICE_X62Y19         LUT6 (Prop_lut6_I4_O)        0.348     6.167 r  design_2_i/top_onn_system_wrapp_0/inst/riya/onn_1/matcher_inst/min_total_diff[7]_i_102/O
                         net (fo=2, routed)           1.134     7.301    design_2_i/top_onn_system_wrapp_0/inst/riya/onn_1/matcher_inst/min_total_diff[7]_i_102_n_0
    SLICE_X81Y19         LUT3 (Prop_lut3_I1_O)        0.153     7.454 r  design_2_i/top_onn_system_wrapp_0/inst/riya/onn_1/matcher_inst/min_total_diff[7]_i_61/O
                         net (fo=3, routed)           0.571     8.025    design_2_i/top_onn_system_wrapp_0/inst/riya/onn_1/matcher_inst/min_total_diff[7]_i_61_n_0
    SLICE_X83Y16         LUT3 (Prop_lut3_I2_O)        0.323     8.348 r  design_2_i/top_onn_system_wrapp_0/inst/riya/onn_1/matcher_inst/min_total_diff[7]_i_88/O
                         net (fo=1, routed)           0.802     9.150    design_2_i/top_onn_system_wrapp_0/inst/riya/onn_1/matcher_inst/min_total_diff[7]_i_88_n_0
    SLICE_X83Y15         LUT5 (Prop_lut5_I4_O)        0.355     9.505 r  design_2_i/top_onn_system_wrapp_0/inst/riya/onn_1/matcher_inst/min_total_diff[7]_i_38/O
                         net (fo=3, routed)           0.997    10.501    design_2_i/top_onn_system_wrapp_0/inst/riya/onn_1/matcher_inst/min_total_diff[7]_i_38_n_0
    SLICE_X82Y13         LUT5 (Prop_lut5_I1_O)        0.326    10.827 r  design_2_i/top_onn_system_wrapp_0/inst/riya/onn_1/matcher_inst/min_total_diff[7]_i_10/O
                         net (fo=2, routed)           0.797    11.624    design_2_i/top_onn_system_wrapp_0/inst/riya/onn_1/matcher_inst/min_total_diff[7]_i_10_n_0
    SLICE_X84Y6          LUT4 (Prop_lut4_I3_O)        0.150    11.774 r  design_2_i/top_onn_system_wrapp_0/inst/riya/onn_1/matcher_inst/min_total_diff[7]_i_2/O
                         net (fo=2, routed)           0.863    12.637    design_2_i/top_onn_system_wrapp_0/inst/riya/onn_1/matcher_inst/min_total_diff[7]_i_2_n_0
    SLICE_X84Y6          LUT6 (Prop_lut6_I3_O)        0.326    12.963 r  design_2_i/top_onn_system_wrapp_0/inst/riya/onn_1/matcher_inst/min_total_diff[7]_i_5/O
                         net (fo=1, routed)           0.000    12.963    design_2_i/top_onn_system_wrapp_0/inst/riya/onn_1/matcher_inst/min_total_diff[7]_i_5_n_0
    SLICE_X84Y6          CARRY4 (Prop_carry4_S[1]_CO[3])
                                                      0.550    13.513 r  design_2_i/top_onn_system_wrapp_0/inst/riya/onn_1/matcher_inst/min_total_diff_reg[7]_i_1/CO[3]
                         net (fo=3, routed)           1.236    14.749    design_2_i/top_onn_system_wrapp_0/inst/riya/onn_1/matcher_inst/current_total_diff[7]
    SLICE_X84Y10         LUT4 (Prop_lut4_I0_O)        0.124    14.873 r  design_2_i/top_onn_system_wrapp_0/inst/riya/onn_1/matcher_inst/min_total_diff[15]_i_12/O
                         net (fo=1, routed)           0.000    14.873    design_2_i/top_onn_system_wrapp_0/inst/riya/onn_1/matcher_inst/min_total_diff[15]_i_12_n_0
    SLICE_X84Y10         CARRY4 (Prop_carry4_S[3]_CO[3])
                                                      0.401    15.274 r  design_2_i/top_onn_system_wrapp_0/inst/riya/onn_1/matcher_inst/min_total_diff_reg[15]_i_3/CO[3]
                         net (fo=1, routed)           0.000    15.274    design_2_i/top_onn_system_wrapp_0/inst/riya/onn_1/matcher_inst/min_total_diff_reg[15]_i_3_n_0
    SLICE_X84Y11         CARRY4 (Prop_carry4_CI_CO[3])
                                                      0.114    15.388 r  design_2_i/top_onn_system_wrapp_0/inst/riya/onn_1/matcher_inst/min_total_diff_reg[15]_i_2/CO[3]
                         net (fo=33, routed)          2.264    17.652    design_2_i/top_onn_system_wrapp_0/inst/riya/onn_1/matcher_inst/min_total_diff_reg[15]_i_2_n_0
    SLICE_X99Y28         LUT3 (Prop_lut3_I1_O)        0.124    17.776 r  design_2_i/top_onn_system_wrapp_0/inst/riya/onn_1/matcher_inst/best_pattern_temp[5]_i_1/O
                         net (fo=2, routed)           0.598    18.374    design_2_i/top_onn_system_wrapp_0/inst/riya/onn_1/matcher_inst/p_0_in[5]
    SLICE_X99Y36         FDCE                                         r  design_2_i/top_onn_system_wrapp_0/inst/riya/onn_1/matcher_inst/best_match_reg[5]/D
  -------------------------------------------------------------------    -------------------

                         (clock clk_fpga_0 rise edge)
                                                     20.000    20.000 r  
    PS7_X0Y0             PS7                          0.000    20.000 r  design_2_i/processing_system7_0/inst/PS7_i/FCLKCLK[0]
                         net (fo=1, routed)           1.088    21.088    design_2_i/processing_system7_0/inst/FCLK_CLK_unbuffered[0]
    BUFGCTRL_X0Y16       BUFG (Prop_bufg_I_O)         0.091    21.179 r  design_2_i/processing_system7_0/inst/buffer_fclk_clk_0.FCLK_CLK_0_BUFG/O
                         net (fo=2094, routed)        1.620    22.799    design_2_i/top_onn_system_wrapp_0/inst/riya/onn_1/matcher_inst/clk
    SLICE_X99Y36         FDCE                                         r  design_2_i/top_onn_system_wrapp_0/inst/riya/onn_1/matcher_inst/best_match_reg[5]/C
                         clock pessimism              0.230    23.029    
                         clock uncertainty           -0.302    22.727    
    SLICE_X99Y36         FDCE (Setup_fdce_C_D)       -0.071    22.656    design_2_i/top_onn_system_wrapp_0/inst/riya/onn_1/matcher_inst/best_match_reg[5]
  -------------------------------------------------------------------
                         required time                         22.656    
                         arrival time                         -18.374    
  -------------------------------------------------------------------
                         slack                                  4.282    





Min Delay Paths
--------------------------------------------------------------------------------------
Slack (MET) :             0.037ns  (arrival time - required time)
  Source:                 design_2_i/axi_gpio_6/U0/ip2bus_data_i_D1_reg[0]/C
                            (rising edge-triggered cell FDRE clocked by clk_fpga_0  {rise@0.000ns fall@10.000ns period=20.000ns})
  Destination:            design_2_i/axi_gpio_6/U0/AXI_LITE_IPIF_I/I_SLAVE_ATTACHMENT/s_axi_rdata_i_reg[31]/D
                            (rising edge-triggered cell FDRE clocked by clk_fpga_0  {rise@0.000ns fall@10.000ns period=20.000ns})
  Path Group:             clk_fpga_0
  Path Type:              Hold (Min at Fast Process Corner)
  Requirement:            0.000ns  (clk_fpga_0 rise@0.000ns - clk_fpga_0 rise@0.000ns)
  Data Path Delay:        0.360ns  (logic 0.141ns (39.168%)  route 0.219ns (60.831%))
  Logic Levels:           0  
  Clock Path Skew:        0.262ns (DCD - SCD - CPR)
    Destination Clock Delay (DCD):    1.191ns
    Source Clock Delay      (SCD):    0.899ns
    Clock Pessimism Removal (CPR):    0.030ns

    Location             Delay type                Incr(ns)  Path(ns)    Netlist Resource(s)
  -------------------------------------------------------------------    -------------------
                         (clock clk_fpga_0 rise edge)
                                                      0.000     0.000 r  
    PS7_X0Y0             PS7                          0.000     0.000 r  design_2_i/processing_system7_0/inst/PS7_i/FCLKCLK[0]
                         net (fo=1, routed)           0.310     0.310    design_2_i/processing_system7_0/inst/FCLK_CLK_unbuffered[0]
    BUFGCTRL_X0Y16       BUFG (Prop_bufg_I_O)         0.026     0.336 r  design_2_i/processing_system7_0/inst/buffer_fclk_clk_0.FCLK_CLK_0_BUFG/O
                         net (fo=2094, routed)        0.563     0.899    design_2_i/axi_gpio_6/U0/s_axi_aclk
    SLICE_X43Y49         FDRE                                         r  design_2_i/axi_gpio_6/U0/ip2bus_data_i_D1_reg[0]/C
  -------------------------------------------------------------------    -------------------
    SLICE_X43Y49         FDRE (Prop_fdre_C_Q)         0.141     1.040 r  design_2_i/axi_gpio_6/U0/ip2bus_data_i_D1_reg[0]/Q
                         net (fo=1, routed)           0.219     1.258    design_2_i/axi_gpio_6/U0/AXI_LITE_IPIF_I/I_SLAVE_ATTACHMENT/Q[4]
    SLICE_X45Y50         FDRE                                         r  design_2_i/axi_gpio_6/U0/AXI_LITE_IPIF_I/I_SLAVE_ATTACHMENT/s_axi_rdata_i_reg[31]/D
  -------------------------------------------------------------------    -------------------

                         (clock clk_fpga_0 rise edge)
                                                      0.000     0.000 r  
    PS7_X0Y0             PS7                          0.000     0.000 r  design_2_i/processing_system7_0/inst/PS7_i/FCLKCLK[0]
                         net (fo=1, routed)           0.337     0.337    design_2_i/processing_system7_0/inst/FCLK_CLK_unbuffered[0]
    BUFGCTRL_X0Y16       BUFG (Prop_bufg_I_O)         0.029     0.366 r  design_2_i/processing_system7_0/inst/buffer_fclk_clk_0.FCLK_CLK_0_BUFG/O
                         net (fo=2094, routed)        0.825     1.191    design_2_i/axi_gpio_6/U0/AXI_LITE_IPIF_I/I_SLAVE_ATTACHMENT/s_axi_aclk
    SLICE_X45Y50         FDRE                                         r  design_2_i/axi_gpio_6/U0/AXI_LITE_IPIF_I/I_SLAVE_ATTACHMENT/s_axi_rdata_i_reg[31]/C
                         clock pessimism             -0.030     1.161    
    SLICE_X45Y50         FDRE (Hold_fdre_C_D)         0.061     1.222    design_2_i/axi_gpio_6/U0/AXI_LITE_IPIF_I/I_SLAVE_ATTACHMENT/s_axi_rdata_i_reg[31]
  -------------------------------------------------------------------
                         required time                         -1.222    
                         arrival time                           1.258    
  -------------------------------------------------------------------
                         slack                                  0.037    

Slack (MET) :             0.046ns  (arrival time - required time)
  Source:                 design_2_i/axi_gpio_3/U0/ip2bus_data_i_D1_reg[1]/C
                            (rising edge-triggered cell FDRE clocked by clk_fpga_0  {rise@0.000ns fall@10.000ns period=20.000ns})
  Destination:            design_2_i/axi_gpio_3/U0/AXI_LITE_IPIF_I/I_SLAVE_ATTACHMENT/s_axi_rdata_i_reg[30]/D
                            (rising edge-triggered cell FDRE clocked by clk_fpga_0  {rise@0.000ns fall@10.000ns period=20.000ns})
  Path Group:             clk_fpga_0
  Path Type:              Hold (Min at Fast Process Corner)
  Requirement:            0.000ns  (clk_fpga_0 rise@0.000ns - clk_fpga_0 rise@0.000ns)
  Data Path Delay:        0.384ns  (logic 0.141ns (36.711%)  route 0.243ns (63.289%))
  Logic Levels:           0  
  Clock Path Skew:        0.268ns (DCD - SCD - CPR)
    Destination Clock Delay (DCD):    1.190ns
    Source Clock Delay      (SCD):    0.887ns
    Clock Pessimism Removal (CPR):    0.035ns

    Location             Delay type                Incr(ns)  Path(ns)    Netlist Resource(s)
  -------------------------------------------------------------------    -------------------
                         (clock clk_fpga_0 rise edge)
                                                      0.000     0.000 r  
    PS7_X0Y0             PS7                          0.000     0.000 r  design_2_i/processing_system7_0/inst/PS7_i/FCLKCLK[0]
                         net (fo=1, routed)           0.310     0.310    design_2_i/processing_system7_0/inst/FCLK_CLK_unbuffered[0]
    BUFGCTRL_X0Y16       BUFG (Prop_bufg_I_O)         0.026     0.336 r  design_2_i/processing_system7_0/inst/buffer_fclk_clk_0.FCLK_CLK_0_BUFG/O
                         net (fo=2094, routed)        0.551     0.887    design_2_i/axi_gpio_3/U0/s_axi_aclk
    SLICE_X51Y59         FDRE                                         r  design_2_i/axi_gpio_3/U0/ip2bus_data_i_D1_reg[1]/C
  -------------------------------------------------------------------    -------------------
    SLICE_X51Y59         FDRE (Prop_fdre_C_Q)         0.141     1.028 r  design_2_i/axi_gpio_3/U0/ip2bus_data_i_D1_reg[1]/Q
                         net (fo=1, routed)           0.243     1.271    design_2_i/axi_gpio_3/U0/AXI_LITE_IPIF_I/I_SLAVE_ATTACHMENT/Q[30]
    SLICE_X45Y54         FDRE                                         r  design_2_i/axi_gpio_3/U0/AXI_LITE_IPIF_I/I_SLAVE_ATTACHMENT/s_axi_rdata_i_reg[30]/D
  -------------------------------------------------------------------    -------------------

                         (clock clk_fpga_0 rise edge)
                                                      0.000     0.000 r  
    PS7_X0Y0             PS7                          0.000     0.000 r  design_2_i/processing_system7_0/inst/PS7_i/FCLKCLK[0]
                         net (fo=1, routed)           0.337     0.337    design_2_i/processing_system7_0/inst/FCLK_CLK_unbuffered[0]
    BUFGCTRL_X0Y16       BUFG (Prop_bufg_I_O)         0.029     0.366 r  design_2_i/processing_system7_0/inst/buffer_fclk_clk_0.FCLK_CLK_0_BUFG/O
                         net (fo=2094, routed)        0.824     1.190    design_2_i/axi_gpio_3/U0/AXI_LITE_IPIF_I/I_SLAVE_ATTACHMENT/s_axi_aclk
    SLICE_X45Y54         FDRE                                         r  design_2_i/axi_gpio_3/U0/AXI_LITE_IPIF_I/I_SLAVE_ATTACHMENT/s_axi_rdata_i_reg[30]/C
                         clock pessimism             -0.035     1.155    
    SLICE_X45Y54         FDRE (Hold_fdre_C_D)         0.070     1.225    design_2_i/axi_gpio_3/U0/AXI_LITE_IPIF_I/I_SLAVE_ATTACHMENT/s_axi_rdata_i_reg[30]
  -------------------------------------------------------------------
                         required time                         -1.225    
                         arrival time                           1.271    
  -------------------------------------------------------------------
                         slack                                  0.046    

Slack (MET) :             0.047ns  (arrival time - required time)
  Source:                 design_2_i/axi_gpio_4/U0/gpio_core_1/Not_Dual.gpio_Data_Out_reg[8]/C
                            (rising edge-triggered cell FDRE clocked by clk_fpga_0  {rise@0.000ns fall@10.000ns period=20.000ns})
  Destination:            design_2_i/axi_gpio_4/U0/gpio_core_1/Not_Dual.ALLOUT_ND.READ_REG_GEN[8].reg1_reg[8]/D
                            (rising edge-triggered cell FDRE clocked by clk_fpga_0  {rise@0.000ns fall@10.000ns period=20.000ns})
  Path Group:             clk_fpga_0
  Path Type:              Hold (Min at Fast Process Corner)
  Requirement:            0.000ns  (clk_fpga_0 rise@0.000ns - clk_fpga_0 rise@0.000ns)
  Data Path Delay:        0.382ns  (logic 0.164ns (42.969%)  route 0.218ns (57.031%))
  Logic Levels:           0  
  Clock Path Skew:        0.264ns (DCD - SCD - CPR)
    Destination Clock Delay (DCD):    1.190ns
    Source Clock Delay      (SCD):    0.891ns
    Clock Pessimism Removal (CPR):    0.035ns

    Location             Delay type                Incr(ns)  Path(ns)    Netlist Resource(s)
  -------------------------------------------------------------------    -------------------
                         (clock clk_fpga_0 rise edge)
                                                      0.000     0.000 r  
    PS7_X0Y0             PS7                          0.000     0.000 r  design_2_i/processing_system7_0/inst/PS7_i/FCLKCLK[0]
                         net (fo=1, routed)           0.310     0.310    design_2_i/processing_system7_0/inst/FCLK_CLK_unbuffered[0]
    BUFGCTRL_X0Y16       BUFG (Prop_bufg_I_O)         0.026     0.336 r  design_2_i/processing_system7_0/inst/buffer_fclk_clk_0.FCLK_CLK_0_BUFG/O
                         net (fo=2094, routed)        0.555     0.891    design_2_i/axi_gpio_4/U0/gpio_core_1/s_axi_aclk
    SLICE_X50Y12         FDRE                                         r  design_2_i/axi_gpio_4/U0/gpio_core_1/Not_Dual.gpio_Data_Out_reg[8]/C
  -------------------------------------------------------------------    -------------------
    SLICE_X50Y12         FDRE (Prop_fdre_C_Q)         0.164     1.055 r  design_2_i/axi_gpio_4/U0/gpio_core_1/Not_Dual.gpio_Data_Out_reg[8]/Q
                         net (fo=2, routed)           0.218     1.272    design_2_i/axi_gpio_4/U0/gpio_core_1/gpio_io_o[23]
    SLICE_X48Y13         FDRE                                         r  design_2_i/axi_gpio_4/U0/gpio_core_1/Not_Dual.ALLOUT_ND.READ_REG_GEN[8].reg1_reg[8]/D
  -------------------------------------------------------------------    -------------------

                         (clock clk_fpga_0 rise edge)
                                                      0.000     0.000 r  
    PS7_X0Y0             PS7                          0.000     0.000 r  design_2_i/processing_system7_0/inst/PS7_i/FCLKCLK[0]
                         net (fo=1, routed)           0.337     0.337    design_2_i/processing_system7_0/inst/FCLK_CLK_unbuffered[0]
    BUFGCTRL_X0Y16       BUFG (Prop_bufg_I_O)         0.029     0.366 r  design_2_i/processing_system7_0/inst/buffer_fclk_clk_0.FCLK_CLK_0_BUFG/O
                         net (fo=2094, routed)        0.824     1.190    design_2_i/axi_gpio_4/U0/gpio_core_1/s_axi_aclk
    SLICE_X48Y13         FDRE                                         r  design_2_i/axi_gpio_4/U0/gpio_core_1/Not_Dual.ALLOUT_ND.READ_REG_GEN[8].reg1_reg[8]/C
                         clock pessimism             -0.035     1.155    
    SLICE_X48Y13         FDRE (Hold_fdre_C_D)         0.070     1.225    design_2_i/axi_gpio_4/U0/gpio_core_1/Not_Dual.ALLOUT_ND.READ_REG_GEN[8].reg1_reg[8]
  -------------------------------------------------------------------
                         required time                         -1.225    
                         arrival time                           1.272    
  -------------------------------------------------------------------
                         slack                                  0.047    

Slack (MET) :             0.052ns  (arrival time - required time)
  Source:                 <hidden>
                            (rising edge-triggered cell FDRE clocked by clk_fpga_0  {rise@0.000ns fall@10.000ns period=20.000ns})
  Destination:            <hidden>
                            (rising edge-triggered cell FDRE clocked by clk_fpga_0  {rise@0.000ns fall@10.000ns period=20.000ns})
  Path Group:             clk_fpga_0
  Path Type:              Hold (Min at Fast Process Corner)
  Requirement:            0.000ns  (clk_fpga_0 rise@0.000ns - clk_fpga_0 rise@0.000ns)
  Data Path Delay:        0.440ns  (logic 0.186ns (42.284%)  route 0.254ns (57.716%))
  Logic Levels:           1  (LUT6=1)
  Clock Path Skew:        0.266ns (DCD - SCD - CPR)
    Destination Clock Delay (DCD):    1.196ns
    Source Clock Delay      (SCD):    0.895ns
    Clock Pessimism Removal (CPR):    0.035ns

    Location             Delay type                Incr(ns)  Path(ns)    Netlist Resource(s)
  -------------------------------------------------------------------    -------------------
                         (clock clk_fpga_0 rise edge)
                                                      0.000     0.000 r  
    PS7_X0Y0             PS7                          0.000     0.000 r  design_2_i/processing_system7_0/inst/PS7_i/FCLKCLK[0]
                         net (fo=1, routed)           0.310     0.310    design_2_i/processing_system7_0/inst/FCLK_CLK_unbuffered[0]
    BUFGCTRL_X0Y16       BUFG (Prop_bufg_I_O)         0.026     0.336 r  design_2_i/processing_system7_0/inst/buffer_fclk_clk_0.FCLK_CLK_0_BUFG/O
                         net (fo=2094, routed)        0.559     0.895    <hidden>
    SLICE_X52Y1          FDRE                                         r  <hidden>
  -------------------------------------------------------------------    -------------------
    SLICE_X52Y1          FDRE (Prop_fdre_C_Q)         0.141     1.036 r  <hidden>
                         net (fo=3, routed)           0.254     1.289    <hidden>
    SLICE_X42Y0          LUT6 (Prop_lut6_I5_O)        0.045     1.334 r  <hidden>
                         net (fo=1, routed)           0.000     1.334    <hidden>
    SLICE_X42Y0          FDRE                                         r  <hidden>
  -------------------------------------------------------------------    -------------------

                         (clock clk_fpga_0 rise edge)
                                                      0.000     0.000 r  
    PS7_X0Y0             PS7                          0.000     0.000 r  design_2_i/processing_system7_0/inst/PS7_i/FCLKCLK[0]
                         net (fo=1, routed)           0.337     0.337    design_2_i/processing_system7_0/inst/FCLK_CLK_unbuffered[0]
    BUFGCTRL_X0Y16       BUFG (Prop_bufg_I_O)         0.029     0.366 r  design_2_i/processing_system7_0/inst/buffer_fclk_clk_0.FCLK_CLK_0_BUFG/O
                         net (fo=2094, routed)        0.830     1.196    <hidden>
    SLICE_X42Y0          FDRE                                         r  <hidden>
                         clock pessimism             -0.035     1.161    
    SLICE_X42Y0          FDRE (Hold_fdre_C_D)         0.121     1.282    <hidden>
  -------------------------------------------------------------------
                         required time                         -1.282    
                         arrival time                           1.334    
  -------------------------------------------------------------------
                         slack                                  0.052    

Slack (MET) :             0.053ns  (arrival time - required time)
  Source:                 design_2_i/axi_gpio_3/U0/gpio_core_1/Not_Dual.gpio_Data_Out_reg[23]/C
                            (rising edge-triggered cell FDRE clocked by clk_fpga_0  {rise@0.000ns fall@10.000ns period=20.000ns})
  Destination:            design_2_i/axi_gpio_3/U0/gpio_core_1/Not_Dual.ALLOUT_ND.READ_REG_GEN[23].reg1_reg[23]/D
                            (rising edge-triggered cell FDRE clocked by clk_fpga_0  {rise@0.000ns fall@10.000ns period=20.000ns})
  Path Group:             clk_fpga_0
  Path Type:              Hold (Min at Fast Process Corner)
  Requirement:            0.000ns  (clk_fpga_0 rise@0.000ns - clk_fpga_0 rise@0.000ns)
  Data Path Delay:        0.376ns  (logic 0.141ns (37.537%)  route 0.235ns (62.463%))
  Logic Levels:           0  
  Clock Path Skew:        0.265ns (DCD - SCD - CPR)
    Destination Clock Delay (DCD):    1.214ns
    Source Clock Delay      (SCD):    0.919ns
    Clock Pessimism Removal (CPR):    0.030ns

    Location             Delay type                Incr(ns)  Path(ns)    Netlist Resource(s)
  -------------------------------------------------------------------    -------------------
                         (clock clk_fpga_0 rise edge)
                                                      0.000     0.000 r  
    PS7_X0Y0             PS7                          0.000     0.000 r  design_2_i/processing_system7_0/inst/PS7_i/FCLKCLK[0]
                         net (fo=1, routed)           0.310     0.310    design_2_i/processing_system7_0/inst/FCLK_CLK_unbuffered[0]
    BUFGCTRL_X0Y16       BUFG (Prop_bufg_I_O)         0.026     0.336 r  design_2_i/processing_system7_0/inst/buffer_fclk_clk_0.FCLK_CLK_0_BUFG/O
                         net (fo=2094, routed)        0.583     0.919    design_2_i/axi_gpio_3/U0/gpio_core_1/s_axi_aclk
    SLICE_X57Y46         FDRE                                         r  design_2_i/axi_gpio_3/U0/gpio_core_1/Not_Dual.gpio_Data_Out_reg[23]/C
  -------------------------------------------------------------------    -------------------
    SLICE_X57Y46         FDRE (Prop_fdre_C_Q)         0.141     1.059 r  design_2_i/axi_gpio_3/U0/gpio_core_1/Not_Dual.gpio_Data_Out_reg[23]/Q
                         net (fo=2, routed)           0.235     1.294    design_2_i/axi_gpio_3/U0/gpio_core_1/gpio_io_o[8]
    SLICE_X57Y51         FDRE                                         r  design_2_i/axi_gpio_3/U0/gpio_core_1/Not_Dual.ALLOUT_ND.READ_REG_GEN[23].reg1_reg[23]/D
  -------------------------------------------------------------------    -------------------

                         (clock clk_fpga_0 rise edge)
                                                      0.000     0.000 r  
    PS7_X0Y0             PS7                          0.000     0.000 r  design_2_i/processing_system7_0/inst/PS7_i/FCLKCLK[0]
                         net (fo=1, routed)           0.337     0.337    design_2_i/processing_system7_0/inst/FCLK_CLK_unbuffered[0]
    BUFGCTRL_X0Y16       BUFG (Prop_bufg_I_O)         0.029     0.366 r  design_2_i/processing_system7_0/inst/buffer_fclk_clk_0.FCLK_CLK_0_BUFG/O
                         net (fo=2094, routed)        0.848     1.214    design_2_i/axi_gpio_3/U0/gpio_core_1/s_axi_aclk
    SLICE_X57Y51         FDRE                                         r  design_2_i/axi_gpio_3/U0/gpio_core_1/Not_Dual.ALLOUT_ND.READ_REG_GEN[23].reg1_reg[23]/C
                         clock pessimism             -0.030     1.184    
    SLICE_X57Y51         FDRE (Hold_fdre_C_D)         0.057     1.241    design_2_i/axi_gpio_3/U0/gpio_core_1/Not_Dual.ALLOUT_ND.READ_REG_GEN[23].reg1_reg[23]
  -------------------------------------------------------------------
                         required time                         -1.241    
                         arrival time                           1.294    
  -------------------------------------------------------------------
                         slack                                  0.053    

Slack (MET) :             0.054ns  (arrival time - required time)
  Source:                 <hidden>
                            (rising edge-triggered cell FDRE clocked by clk_fpga_0  {rise@0.000ns fall@10.000ns period=20.000ns})
  Destination:            <hidden>
                            (rising edge-triggered cell FDRE clocked by clk_fpga_0  {rise@0.000ns fall@10.000ns period=20.000ns})
  Path Group:             clk_fpga_0
  Path Type:              Hold (Min at Fast Process Corner)
  Requirement:            0.000ns  (clk_fpga_0 rise@0.000ns - clk_fpga_0 rise@0.000ns)
  Data Path Delay:        0.442ns  (logic 0.186ns (42.092%)  route 0.256ns (57.908%))
  Logic Levels:           1  (LUT5=1)
  Clock Path Skew:        0.266ns (DCD - SCD - CPR)
    Destination Clock Delay (DCD):    1.196ns
    Source Clock Delay      (SCD):    0.895ns
    Clock Pessimism Removal (CPR):    0.035ns

    Location             Delay type                Incr(ns)  Path(ns)    Netlist Resource(s)
  -------------------------------------------------------------------    -------------------
                         (clock clk_fpga_0 rise edge)
                                                      0.000     0.000 r  
    PS7_X0Y0             PS7                          0.000     0.000 r  design_2_i/processing_system7_0/inst/PS7_i/FCLKCLK[0]
                         net (fo=1, routed)           0.310     0.310    design_2_i/processing_system7_0/inst/FCLK_CLK_unbuffered[0]
    BUFGCTRL_X0Y16       BUFG (Prop_bufg_I_O)         0.026     0.336 r  design_2_i/processing_system7_0/inst/buffer_fclk_clk_0.FCLK_CLK_0_BUFG/O
                         net (fo=2094, routed)        0.559     0.895    <hidden>
    SLICE_X52Y1          FDRE                                         r  <hidden>
  -------------------------------------------------------------------    -------------------
    SLICE_X52Y1          FDRE (Prop_fdre_C_Q)         0.141     1.036 f  <hidden>
                         net (fo=3, routed)           0.256     1.291    <hidden>
    SLICE_X42Y0          LUT5 (Prop_lut5_I4_O)        0.045     1.336 r  <hidden>
                         net (fo=1, routed)           0.000     1.336    <hidden>
    SLICE_X42Y0          FDRE                                         r  <hidden>
  -------------------------------------------------------------------    -------------------

                         (clock clk_fpga_0 rise edge)
                                                      0.000     0.000 r  
    PS7_X0Y0             PS7                          0.000     0.000 r  design_2_i/processing_system7_0/inst/PS7_i/FCLKCLK[0]
                         net (fo=1, routed)           0.337     0.337    design_2_i/processing_system7_0/inst/FCLK_CLK_unbuffered[0]
    BUFGCTRL_X0Y16       BUFG (Prop_bufg_I_O)         0.029     0.366 r  design_2_i/processing_system7_0/inst/buffer_fclk_clk_0.FCLK_CLK_0_BUFG/O
                         net (fo=2094, routed)        0.830     1.196    <hidden>
    SLICE_X42Y0          FDRE                                         r  <hidden>
                         clock pessimism             -0.035     1.161    
    SLICE_X42Y0          FDRE (Hold_fdre_C_D)         0.121     1.282    <hidden>
  -------------------------------------------------------------------
                         required time                         -1.282    
                         arrival time                           1.336    
  -------------------------------------------------------------------
                         slack                                  0.054    

Slack (MET) :             0.057ns  (arrival time - required time)
  Source:                 design_2_i/axi_gpio_1/U0/AXI_LITE_IPIF_I/I_SLAVE_ATTACHMENT/s_axi_rdata_i_reg[9]/C
                            (rising edge-triggered cell FDRE clocked by clk_fpga_0  {rise@0.000ns fall@10.000ns period=20.000ns})
  Destination:            <hidden>
                            (rising edge-triggered cell FDRE clocked by clk_fpga_0  {rise@0.000ns fall@10.000ns period=20.000ns})
  Path Group:             clk_fpga_0
  Path Type:              Hold (Min at Fast Process Corner)
  Requirement:            0.000ns  (clk_fpga_0 rise@0.000ns - clk_fpga_0 rise@0.000ns)
  Data Path Delay:        0.428ns  (logic 0.280ns (65.350%)  route 0.148ns (34.650%))
  Logic Levels:           2  (LUT6=1 MUXF7=1)
  Clock Path Skew:        0.266ns (DCD - SCD - CPR)
    Destination Clock Delay (DCD):    1.196ns
    Source Clock Delay      (SCD):    0.895ns
    Clock Pessimism Removal (CPR):    0.035ns

    Location             Delay type                Incr(ns)  Path(ns)    Netlist Resource(s)
  -------------------------------------------------------------------    -------------------
                         (clock clk_fpga_0 rise edge)
                                                      0.000     0.000 r  
    PS7_X0Y0             PS7                          0.000     0.000 r  design_2_i/processing_system7_0/inst/PS7_i/FCLKCLK[0]
                         net (fo=1, routed)           0.310     0.310    design_2_i/processing_system7_0/inst/FCLK_CLK_unbuffered[0]
    BUFGCTRL_X0Y16       BUFG (Prop_bufg_I_O)         0.026     0.336 r  design_2_i/processing_system7_0/inst/buffer_fclk_clk_0.FCLK_CLK_0_BUFG/O
                         net (fo=2094, routed)        0.559     0.895    design_2_i/axi_gpio_1/U0/AXI_LITE_IPIF_I/I_SLAVE_ATTACHMENT/s_axi_aclk
    SLICE_X50Y47         FDRE                                         r  design_2_i/axi_gpio_1/U0/AXI_LITE_IPIF_I/I_SLAVE_ATTACHMENT/s_axi_rdata_i_reg[9]/C
  -------------------------------------------------------------------    -------------------
    SLICE_X50Y47         FDRE (Prop_fdre_C_Q)         0.164     1.059 r  design_2_i/axi_gpio_1/U0/AXI_LITE_IPIF_I/I_SLAVE_ATTACHMENT/s_axi_rdata_i_reg[9]/Q
                         net (fo=1, routed)           0.148     1.207    <hidden>
    SLICE_X49Y49         LUT6 (Prop_lut6_I0_O)        0.045     1.252 r  <hidden>
                         net (fo=1, routed)           0.000     1.252    <hidden>
    SLICE_X49Y49         MUXF7 (Prop_muxf7_I0_O)      0.071     1.323 r  <hidden>
                         net (fo=1, routed)           0.000     1.323    <hidden>
    SLICE_X49Y49         FDRE                                         r  <hidden>
  -------------------------------------------------------------------    -------------------

                         (clock clk_fpga_0 rise edge)
                                                      0.000     0.000 r  
    PS7_X0Y0             PS7                          0.000     0.000 r  design_2_i/processing_system7_0/inst/PS7_i/FCLKCLK[0]
                         net (fo=1, routed)           0.337     0.337    design_2_i/processing_system7_0/inst/FCLK_CLK_unbuffered[0]
    BUFGCTRL_X0Y16       BUFG (Prop_bufg_I_O)         0.029     0.366 r  design_2_i/processing_system7_0/inst/buffer_fclk_clk_0.FCLK_CLK_0_BUFG/O
                         net (fo=2094, routed)        0.830     1.196    <hidden>
    SLICE_X49Y49         FDRE                                         r  <hidden>
                         clock pessimism             -0.035     1.161    
    SLICE_X49Y49         FDRE (Hold_fdre_C_D)         0.105     1.266    <hidden>
  -------------------------------------------------------------------
                         required time                         -1.266    
                         arrival time                           1.323    
  -------------------------------------------------------------------
                         slack                                  0.057    

Slack (MET) :             0.077ns  (arrival time - required time)
  Source:                 design_2_i/axi_gpio_3/U0/AXI_LITE_IPIF_I/I_SLAVE_ATTACHMENT/s_axi_rdata_i_reg[18]/C
                            (rising edge-triggered cell FDRE clocked by clk_fpga_0  {rise@0.000ns fall@10.000ns period=20.000ns})
  Destination:            <hidden>
                            (rising edge-triggered cell FDRE clocked by clk_fpga_0  {rise@0.000ns fall@10.000ns period=20.000ns})
  Path Group:             clk_fpga_0
  Path Type:              Hold (Min at Fast Process Corner)
  Requirement:            0.000ns  (clk_fpga_0 rise@0.000ns - clk_fpga_0 rise@0.000ns)
  Data Path Delay:        0.446ns  (logic 0.257ns (57.683%)  route 0.189ns (42.317%))
  Logic Levels:           2  (LUT6=1 MUXF7=1)
  Clock Path Skew:        0.263ns (DCD - SCD - CPR)
    Destination Clock Delay (DCD):    1.188ns
    Source Clock Delay      (SCD):    0.890ns
    Clock Pessimism Removal (CPR):    0.035ns

    Location             Delay type                Incr(ns)  Path(ns)    Netlist Resource(s)
  -------------------------------------------------------------------    -------------------
                         (clock clk_fpga_0 rise edge)
                                                      0.000     0.000 r  
    PS7_X0Y0             PS7                          0.000     0.000 r  design_2_i/processing_system7_0/inst/PS7_i/FCLKCLK[0]
                         net (fo=1, routed)           0.310     0.310    design_2_i/processing_system7_0/inst/FCLK_CLK_unbuffered[0]
    BUFGCTRL_X0Y16       BUFG (Prop_bufg_I_O)         0.026     0.336 r  design_2_i/processing_system7_0/inst/buffer_fclk_clk_0.FCLK_CLK_0_BUFG/O
                         net (fo=2094, routed)        0.554     0.890    design_2_i/axi_gpio_3/U0/AXI_LITE_IPIF_I/I_SLAVE_ATTACHMENT/s_axi_aclk
    SLICE_X51Y13         FDRE                                         r  design_2_i/axi_gpio_3/U0/AXI_LITE_IPIF_I/I_SLAVE_ATTACHMENT/s_axi_rdata_i_reg[18]/C
  -------------------------------------------------------------------    -------------------
    SLICE_X51Y13         FDRE (Prop_fdre_C_Q)         0.141     1.031 r  design_2_i/axi_gpio_3/U0/AXI_LITE_IPIF_I/I_SLAVE_ATTACHMENT/s_axi_rdata_i_reg[18]/Q
                         net (fo=1, routed)           0.189     1.219    <hidden>
    SLICE_X49Y16         LUT6 (Prop_lut6_I1_O)        0.045     1.264 r  <hidden>
                         net (fo=1, routed)           0.000     1.264    <hidden>
    SLICE_X49Y16         MUXF7 (Prop_muxf7_I0_O)      0.071     1.335 r  <hidden>
                         net (fo=1, routed)           0.000     1.335    <hidden>
    SLICE_X49Y16         FDRE                                         r  <hidden>
  -------------------------------------------------------------------    -------------------

                         (clock clk_fpga_0 rise edge)
                                                      0.000     0.000 r  
    PS7_X0Y0             PS7                          0.000     0.000 r  design_2_i/processing_system7_0/inst/PS7_i/FCLKCLK[0]
                         net (fo=1, routed)           0.337     0.337    design_2_i/processing_system7_0/inst/FCLK_CLK_unbuffered[0]
    BUFGCTRL_X0Y16       BUFG (Prop_bufg_I_O)         0.029     0.366 r  design_2_i/processing_system7_0/inst/buffer_fclk_clk_0.FCLK_CLK_0_BUFG/O
                         net (fo=2094, routed)        0.822     1.188    <hidden>
    SLICE_X49Y16         FDRE                                         r  <hidden>
                         clock pessimism             -0.035     1.153    
    SLICE_X49Y16         FDRE (Hold_fdre_C_D)         0.105     1.258    <hidden>
  -------------------------------------------------------------------
                         required time                         -1.258    
                         arrival time                           1.335    
  -------------------------------------------------------------------
                         slack                                  0.077    

Slack (MET) :             0.079ns  (arrival time - required time)
  Source:                 design_2_i/axi_gpio_4/U0/AXI_LITE_IPIF_I/I_SLAVE_ATTACHMENT/s_axi_rvalid_i_reg/C
                            (rising edge-triggered cell FDRE clocked by clk_fpga_0  {rise@0.000ns fall@10.000ns period=20.000ns})
  Destination:            <hidden>
                            (rising edge-triggered cell FDRE clocked by clk_fpga_0  {rise@0.000ns fall@10.000ns period=20.000ns})
  Path Group:             clk_fpga_0
  Path Type:              Hold (Min at Fast Process Corner)
  Requirement:            0.000ns  (clk_fpga_0 rise@0.000ns - clk_fpga_0 rise@0.000ns)
  Data Path Delay:        0.465ns  (logic 0.209ns (44.955%)  route 0.256ns (55.045%))
  Logic Levels:           1  (LUT3=1)
  Clock Path Skew:        0.266ns (DCD - SCD - CPR)
    Destination Clock Delay (DCD):    1.196ns
    Source Clock Delay      (SCD):    0.895ns
    Clock Pessimism Removal (CPR):    0.035ns

    Location             Delay type                Incr(ns)  Path(ns)    Netlist Resource(s)
  -------------------------------------------------------------------    -------------------
                         (clock clk_fpga_0 rise edge)
                                                      0.000     0.000 r  
    PS7_X0Y0             PS7                          0.000     0.000 r  design_2_i/processing_system7_0/inst/PS7_i/FCLKCLK[0]
                         net (fo=1, routed)           0.310     0.310    design_2_i/processing_system7_0/inst/FCLK_CLK_unbuffered[0]
    BUFGCTRL_X0Y16       BUFG (Prop_bufg_I_O)         0.026     0.336 r  design_2_i/processing_system7_0/inst/buffer_fclk_clk_0.FCLK_CLK_0_BUFG/O
                         net (fo=2094, routed)        0.559     0.895    design_2_i/axi_gpio_4/U0/AXI_LITE_IPIF_I/I_SLAVE_ATTACHMENT/s_axi_aclk
    SLICE_X50Y0          FDRE                                         r  design_2_i/axi_gpio_4/U0/AXI_LITE_IPIF_I/I_SLAVE_ATTACHMENT/s_axi_rvalid_i_reg/C
  -------------------------------------------------------------------    -------------------
    SLICE_X50Y0          FDRE (Prop_fdre_C_Q)         0.164     1.059 f  design_2_i/axi_gpio_4/U0/AXI_LITE_IPIF_I/I_SLAVE_ATTACHMENT/s_axi_rvalid_i_reg/Q
                         net (fo=8, routed)           0.256     1.314    <hidden>
    SLICE_X42Y0          LUT3 (Prop_lut3_I2_O)        0.045     1.359 r  <hidden>
                         net (fo=1, routed)           0.000     1.359    <hidden>
    SLICE_X42Y0          FDRE                                         r  <hidden>
  -------------------------------------------------------------------    -------------------

                         (clock clk_fpga_0 rise edge)
                                                      0.000     0.000 r  
    PS7_X0Y0             PS7                          0.000     0.000 r  design_2_i/processing_system7_0/inst/PS7_i/FCLKCLK[0]
                         net (fo=1, routed)           0.337     0.337    design_2_i/processing_system7_0/inst/FCLK_CLK_unbuffered[0]
    BUFGCTRL_X0Y16       BUFG (Prop_bufg_I_O)         0.029     0.366 r  design_2_i/processing_system7_0/inst/buffer_fclk_clk_0.FCLK_CLK_0_BUFG/O
                         net (fo=2094, routed)        0.830     1.196    <hidden>
    SLICE_X42Y0          FDRE                                         r  <hidden>
                         clock pessimism             -0.035     1.161    
    SLICE_X42Y0          FDRE (Hold_fdre_C_D)         0.120     1.281    <hidden>
  -------------------------------------------------------------------
                         required time                         -1.281    
                         arrival time                           1.359    
  -------------------------------------------------------------------
                         slack                                  0.079    

Slack (MET) :             0.087ns  (arrival time - required time)
  Source:                 design_2_i/axi_gpio_2/U0/ip2bus_data_i_D1_reg[31]/C
                            (rising edge-triggered cell FDRE clocked by clk_fpga_0  {rise@0.000ns fall@10.000ns period=20.000ns})
  Destination:            design_2_i/axi_gpio_2/U0/AXI_LITE_IPIF_I/I_SLAVE_ATTACHMENT/s_axi_rdata_i_reg[0]/D
                            (rising edge-triggered cell FDRE clocked by clk_fpga_0  {rise@0.000ns fall@10.000ns period=20.000ns})
  Path Group:             clk_fpga_0
  Path Type:              Hold (Min at Fast Process Corner)
  Requirement:            0.000ns  (clk_fpga_0 rise@0.000ns - clk_fpga_0 rise@0.000ns)
  Data Path Delay:        0.430ns  (logic 0.141ns (32.770%)  route 0.289ns (67.230%))
  Logic Levels:           0  
  Clock Path Skew:        0.258ns (DCD - SCD - CPR)
    Destination Clock Delay (DCD):    1.179ns
    Source Clock Delay      (SCD):    0.886ns
    Clock Pessimism Removal (CPR):    0.035ns

    Location             Delay type                Incr(ns)  Path(ns)    Netlist Resource(s)
  -------------------------------------------------------------------    -------------------
                         (clock clk_fpga_0 rise edge)
                                                      0.000     0.000 r  
    PS7_X0Y0             PS7                          0.000     0.000 r  design_2_i/processing_system7_0/inst/PS7_i/FCLKCLK[0]
                         net (fo=1, routed)           0.310     0.310    design_2_i/processing_system7_0/inst/FCLK_CLK_unbuffered[0]
    BUFGCTRL_X0Y16       BUFG (Prop_bufg_I_O)         0.026     0.336 r  design_2_i/processing_system7_0/inst/buffer_fclk_clk_0.FCLK_CLK_0_BUFG/O
                         net (fo=2094, routed)        0.550     0.886    design_2_i/axi_gpio_2/U0/s_axi_aclk
    SLICE_X37Y26         FDRE                                         r  design_2_i/axi_gpio_2/U0/ip2bus_data_i_D1_reg[31]/C
  -------------------------------------------------------------------    -------------------
    SLICE_X37Y26         FDRE (Prop_fdre_C_Q)         0.141     1.026 r  design_2_i/axi_gpio_2/U0/ip2bus_data_i_D1_reg[31]/Q
                         net (fo=1, routed)           0.289     1.316    design_2_i/axi_gpio_2/U0/AXI_LITE_IPIF_I/I_SLAVE_ATTACHMENT/Q[0]
    SLICE_X50Y28         FDRE                                         r  design_2_i/axi_gpio_2/U0/AXI_LITE_IPIF_I/I_SLAVE_ATTACHMENT/s_axi_rdata_i_reg[0]/D
  -------------------------------------------------------------------    -------------------

                         (clock clk_fpga_0 rise edge)
                                                      0.000     0.000 r  
    PS7_X0Y0             PS7                          0.000     0.000 r  design_2_i/processing_system7_0/inst/PS7_i/FCLKCLK[0]
                         net (fo=1, routed)           0.337     0.337    design_2_i/processing_system7_0/inst/FCLK_CLK_unbuffered[0]
    BUFGCTRL_X0Y16       BUFG (Prop_bufg_I_O)         0.029     0.366 r  design_2_i/processing_system7_0/inst/buffer_fclk_clk_0.FCLK_CLK_0_BUFG/O
                         net (fo=2094, routed)        0.813     1.179    design_2_i/axi_gpio_2/U0/AXI_LITE_IPIF_I/I_SLAVE_ATTACHMENT/s_axi_aclk
    SLICE_X50Y28         FDRE                                         r  design_2_i/axi_gpio_2/U0/AXI_LITE_IPIF_I/I_SLAVE_ATTACHMENT/s_axi_rdata_i_reg[0]/C
                         clock pessimism             -0.035     1.144    
    SLICE_X50Y28         FDRE (Hold_fdre_C_D)         0.085     1.229    design_2_i/axi_gpio_2/U0/AXI_LITE_IPIF_I/I_SLAVE_ATTACHMENT/s_axi_rdata_i_reg[0]
  -------------------------------------------------------------------
                         required time                         -1.229    
                         arrival time                           1.316    
  -------------------------------------------------------------------
                         slack                                  0.087    





Pulse Width Checks
--------------------------------------------------------------------------------------
Clock Name:         clk_fpga_0
Waveform(ns):       { 0.000 10.000 }
Period(ns):         20.000
Sources:            { design_2_i/processing_system7_0/inst/PS7_i/FCLKCLK[0] }

Check Type        Corner  Lib Pin     Reference Pin  Required(ns)  Actual(ns)  Slack(ns)  Location        Pin
Min Period        n/a     BUFG/I      n/a            2.155         20.000      17.845     BUFGCTRL_X0Y16  design_2_i/processing_system7_0/inst/buffer_fclk_clk_0.FCLK_CLK_0_BUFG/I
Min Period        n/a     FDRE/C      n/a            1.000         20.000      19.000     SLICE_X42Y48    design_2_i/axi_gpio_0/U0/ip2bus_data_i_D1_reg[0]/C
Min Period        n/a     FDRE/C      n/a            1.000         20.000      19.000     SLICE_X49Y19    design_2_i/axi_gpio_0/U0/ip2bus_data_i_D1_reg[10]/C
Min Period        n/a     FDRE/C      n/a            1.000         20.000      19.000     SLICE_X39Y49    design_2_i/axi_gpio_0/U0/ip2bus_data_i_D1_reg[11]/C
Min Period        n/a     FDRE/C      n/a            1.000         20.000      19.000     SLICE_X44Y14    design_2_i/axi_gpio_0/U0/ip2bus_data_i_D1_reg[12]/C
Min Period        n/a     FDRE/C      n/a            1.000         20.000      19.000     SLICE_X49Y19    design_2_i/axi_gpio_0/U0/ip2bus_data_i_D1_reg[13]/C
Min Period        n/a     FDRE/C      n/a            1.000         20.000      19.000     SLICE_X53Y14    design_2_i/axi_gpio_0/U0/ip2bus_data_i_D1_reg[14]/C
Min Period        n/a     FDRE/C      n/a            1.000         20.000      19.000     SLICE_X49Y19    design_2_i/axi_gpio_0/U0/ip2bus_data_i_D1_reg[15]/C
Min Period        n/a     FDRE/C      n/a            1.000         20.000      19.000     SLICE_X48Y40    design_2_i/axi_gpio_0/U0/ip2bus_data_i_D1_reg[16]/C
Min Period        n/a     FDRE/C      n/a            1.000         20.000      19.000     SLICE_X54Y32    design_2_i/axi_gpio_0/U0/ip2bus_data_i_D1_reg[17]/C
Low Pulse Width   Slow    SRL16E/CLK  n/a            0.980         10.000      9.020      SLICE_X86Y1     design_2_i/axi_smc/inst/clk_map/psr_aclk/U0/EXT_LPF/POR_SRL_I/CLK
Low Pulse Width   Fast    SRL16E/CLK  n/a            0.980         10.000      9.020      SLICE_X86Y1     design_2_i/axi_smc/inst/clk_map/psr_aclk/U0/EXT_LPF/POR_SRL_I/CLK
Low Pulse Width   Slow    SRL16E/CLK  n/a            0.980         10.000      9.020      SLICE_X86Y1     design_2_i/rst_ps7_0_50M/U0/EXT_LPF/POR_SRL_I/CLK
Low Pulse Width   Fast    SRL16E/CLK  n/a            0.980         10.000      9.020      SLICE_X86Y1     design_2_i/rst_ps7_0_50M/U0/EXT_LPF/POR_SRL_I/CLK
Low Pulse Width   Slow    FDRE/C      n/a            0.500         10.000      9.500      SLICE_X42Y48    design_2_i/axi_gpio_0/U0/ip2bus_data_i_D1_reg[0]/C
Low Pulse Width   Fast    FDRE/C      n/a            0.500         10.000      9.500      SLICE_X42Y48    design_2_i/axi_gpio_0/U0/ip2bus_data_i_D1_reg[0]/C
Low Pulse Width   Slow    FDRE/C      n/a            0.500         10.000      9.500      SLICE_X49Y19    design_2_i/axi_gpio_0/U0/ip2bus_data_i_D1_reg[10]/C
Low Pulse Width   Fast    FDRE/C      n/a            0.500         10.000      9.500      SLICE_X49Y19    design_2_i/axi_gpio_0/U0/ip2bus_data_i_D1_reg[10]/C
Low Pulse Width   Slow    FDRE/C      n/a            0.500         10.000      9.500      SLICE_X39Y49    design_2_i/axi_gpio_0/U0/ip2bus_data_i_D1_reg[11]/C
Low Pulse Width   Fast    FDRE/C      n/a            0.500         10.000      9.500      SLICE_X39Y49    design_2_i/axi_gpio_0/U0/ip2bus_data_i_D1_reg[11]/C
High Pulse Width  Slow    SRL16E/CLK  n/a            0.980         10.000      9.020      SLICE_X86Y1     design_2_i/axi_smc/inst/clk_map/psr_aclk/U0/EXT_LPF/POR_SRL_I/CLK
High Pulse Width  Fast    SRL16E/CLK  n/a            0.980         10.000      9.020      SLICE_X86Y1     design_2_i/axi_smc/inst/clk_map/psr_aclk/U0/EXT_LPF/POR_SRL_I/CLK
High Pulse Width  Slow    SRL16E/CLK  n/a            0.980         10.000      9.020      SLICE_X86Y1     design_2_i/rst_ps7_0_50M/U0/EXT_LPF/POR_SRL_I/CLK
High Pulse Width  Fast    SRL16E/CLK  n/a            0.980         10.000      9.020      SLICE_X86Y1     design_2_i/rst_ps7_0_50M/U0/EXT_LPF/POR_SRL_I/CLK
High Pulse Width  Slow    FDRE/C      n/a            0.500         10.000      9.500      SLICE_X42Y48    design_2_i/axi_gpio_0/U0/ip2bus_data_i_D1_reg[0]/C
High Pulse Width  Fast    FDRE/C      n/a            0.500         10.000      9.500      SLICE_X42Y48    design_2_i/axi_gpio_0/U0/ip2bus_data_i_D1_reg[0]/C
High Pulse Width  Slow    FDRE/C      n/a            0.500         10.000      9.500      SLICE_X49Y19    design_2_i/axi_gpio_0/U0/ip2bus_data_i_D1_reg[10]/C
High Pulse Width  Fast    FDRE/C      n/a            0.500         10.000      9.500      SLICE_X49Y19    design_2_i/axi_gpio_0/U0/ip2bus_data_i_D1_reg[10]/C
High Pulse Width  Slow    FDRE/C      n/a            0.500         10.000      9.500      SLICE_X39Y49    design_2_i/axi_gpio_0/U0/ip2bus_data_i_D1_reg[11]/C
High Pulse Width  Fast    FDRE/C      n/a            0.500         10.000      9.500      SLICE_X39Y49    design_2_i/axi_gpio_0/U0/ip2bus_data_i_D1_reg[11]/C



---------------------------------------------------------------------------------------------------
Path Group:  **async_default**
From Clock:  clk_fpga_0
  To Clock:  clk_fpga_0

Setup :            0  Failing Endpoints,  Worst Slack       11.347ns,  Total Violation        0.000ns
Hold  :            0  Failing Endpoints,  Worst Slack        1.156ns,  Total Violation        0.000ns
---------------------------------------------------------------------------------------------------


Max Delay Paths
--------------------------------------------------------------------------------------
Slack (MET) :             11.347ns  (required time - arrival time)
  Source:                 design_2_i/axi_gpio_5/U0/gpio_core_1/Not_Dual.gpio_Data_Out_reg[0]/C
                            (rising edge-triggered cell FDRE clocked by clk_fpga_0  {rise@0.000ns fall@10.000ns period=20.000ns})
  Destination:            design_2_i/top_onn_system_wrapp_0/inst/riya/onn_1/matcher_inst/best_match_reg[29]/CLR
                            (recovery check against rising-edge clock clk_fpga_0  {rise@0.000ns fall@10.000ns period=20.000ns})
  Path Group:             **async_default**
  Path Type:              Recovery (Max at Slow Process Corner)
  Requirement:            20.000ns  (clk_fpga_0 rise@20.000ns - clk_fpga_0 rise@0.000ns)
  Data Path Delay:        8.016ns  (logic 0.456ns (5.689%)  route 7.560ns (94.311%))
  Logic Levels:           0  
  Clock Path Skew:        0.070ns (DCD - SCD + CPR)
    Destination Clock Delay (DCD):    2.790ns = ( 22.791 - 20.000 ) 
    Source Clock Delay      (SCD):    2.950ns
    Clock Pessimism Removal (CPR):    0.230ns
  Clock Uncertainty:      0.302ns  ((TSJ^2 + TIJ^2)^1/2 + DJ) / 2 + PE
    Total System Jitter     (TSJ):    0.071ns
    Total Input Jitter      (TIJ):    0.600ns
    Discrete Jitter          (DJ):    0.000ns
    Phase Error              (PE):    0.000ns

    Location             Delay type                Incr(ns)  Path(ns)    Netlist Resource(s)
  -------------------------------------------------------------------    -------------------
                         (clock clk_fpga_0 rise edge)
                                                      0.000     0.000 r  
    PS7_X0Y0             PS7                          0.000     0.000 r  design_2_i/processing_system7_0/inst/PS7_i/FCLKCLK[0]
                         net (fo=1, routed)           1.193     1.193    design_2_i/processing_system7_0/inst/FCLK_CLK_unbuffered[0]
    BUFGCTRL_X0Y16       BUFG (Prop_bufg_I_O)         0.101     1.294 r  design_2_i/processing_system7_0/inst/buffer_fclk_clk_0.FCLK_CLK_0_BUFG/O
                         net (fo=2094, routed)        1.656     2.950    design_2_i/axi_gpio_5/U0/gpio_core_1/s_axi_aclk
    SLICE_X51Y6          FDRE                                         r  design_2_i/axi_gpio_5/U0/gpio_core_1/Not_Dual.gpio_Data_Out_reg[0]/C
  -------------------------------------------------------------------    -------------------
    SLICE_X51Y6          FDRE (Prop_fdre_C_Q)         0.456     3.406 f  design_2_i/axi_gpio_5/U0/gpio_core_1/Not_Dual.gpio_Data_Out_reg[0]/Q
                         net (fo=1637, routed)        7.560    10.966    design_2_i/top_onn_system_wrapp_0/inst/riya/onn_1/matcher_inst/reset
    SLICE_X91Y30         FDCE                                         f  design_2_i/top_onn_system_wrapp_0/inst/riya/onn_1/matcher_inst/best_match_reg[29]/CLR
  -------------------------------------------------------------------    -------------------

                         (clock clk_fpga_0 rise edge)
                                                     20.000    20.000 r  
    PS7_X0Y0             PS7                          0.000    20.000 r  design_2_i/processing_system7_0/inst/PS7_i/FCLKCLK[0]
                         net (fo=1, routed)           1.088    21.088    design_2_i/processing_system7_0/inst/FCLK_CLK_unbuffered[0]
    BUFGCTRL_X0Y16       BUFG (Prop_bufg_I_O)         0.091    21.179 r  design_2_i/processing_system7_0/inst/buffer_fclk_clk_0.FCLK_CLK_0_BUFG/O
                         net (fo=2094, routed)        1.611    22.791    design_2_i/top_onn_system_wrapp_0/inst/riya/onn_1/matcher_inst/clk
    SLICE_X91Y30         FDCE                                         r  design_2_i/top_onn_system_wrapp_0/inst/riya/onn_1/matcher_inst/best_match_reg[29]/C
                         clock pessimism              0.230    23.020    
                         clock uncertainty           -0.302    22.718    
    SLICE_X91Y30         FDCE (Recov_fdce_C_CLR)     -0.405    22.313    design_2_i/top_onn_system_wrapp_0/inst/riya/onn_1/matcher_inst/best_match_reg[29]
  -------------------------------------------------------------------
                         required time                         22.313    
                         arrival time                         -10.966    
  -------------------------------------------------------------------
                         slack                                 11.347    

Slack (MET) :             11.433ns  (required time - arrival time)
  Source:                 design_2_i/axi_gpio_5/U0/gpio_core_1/Not_Dual.gpio_Data_Out_reg[0]/C
                            (rising edge-triggered cell FDRE clocked by clk_fpga_0  {rise@0.000ns fall@10.000ns period=20.000ns})
  Destination:            design_2_i/top_onn_system_wrapp_0/inst/riya/onn_1/matcher_inst/best_match_reg[10]/CLR
                            (recovery check against rising-edge clock clk_fpga_0  {rise@0.000ns fall@10.000ns period=20.000ns})
  Path Group:             **async_default**
  Path Type:              Recovery (Max at Slow Process Corner)
  Requirement:            20.000ns  (clk_fpga_0 rise@20.000ns - clk_fpga_0 rise@0.000ns)
  Data Path Delay:        8.016ns  (logic 0.456ns (5.689%)  route 7.560ns (94.311%))
  Logic Levels:           0  
  Clock Path Skew:        0.070ns (DCD - SCD + CPR)
    Destination Clock Delay (DCD):    2.790ns = ( 22.791 - 20.000 ) 
    Source Clock Delay      (SCD):    2.950ns
    Clock Pessimism Removal (CPR):    0.230ns
  Clock Uncertainty:      0.302ns  ((TSJ^2 + TIJ^2)^1/2 + DJ) / 2 + PE
    Total System Jitter     (TSJ):    0.071ns
    Total Input Jitter      (TIJ):    0.600ns
    Discrete Jitter          (DJ):    0.000ns
    Phase Error              (PE):    0.000ns

    Location             Delay type                Incr(ns)  Path(ns)    Netlist Resource(s)
  -------------------------------------------------------------------    -------------------
                         (clock clk_fpga_0 rise edge)
                                                      0.000     0.000 r  
    PS7_X0Y0             PS7                          0.000     0.000 r  design_2_i/processing_system7_0/inst/PS7_i/FCLKCLK[0]
                         net (fo=1, routed)           1.193     1.193    design_2_i/processing_system7_0/inst/FCLK_CLK_unbuffered[0]
    BUFGCTRL_X0Y16       BUFG (Prop_bufg_I_O)         0.101     1.294 r  design_2_i/processing_system7_0/inst/buffer_fclk_clk_0.FCLK_CLK_0_BUFG/O
                         net (fo=2094, routed)        1.656     2.950    design_2_i/axi_gpio_5/U0/gpio_core_1/s_axi_aclk
    SLICE_X51Y6          FDRE                                         r  design_2_i/axi_gpio_5/U0/gpio_core_1/Not_Dual.gpio_Data_Out_reg[0]/C
  -------------------------------------------------------------------    -------------------
    SLICE_X51Y6          FDRE (Prop_fdre_C_Q)         0.456     3.406 f  design_2_i/axi_gpio_5/U0/gpio_core_1/Not_Dual.gpio_Data_Out_reg[0]/Q
                         net (fo=1637, routed)        7.560    10.966    design_2_i/top_onn_system_wrapp_0/inst/riya/onn_1/matcher_inst/reset
    SLICE_X90Y30         FDCE                                         f  design_2_i/top_onn_system_wrapp_0/inst/riya/onn_1/matcher_inst/best_match_reg[10]/CLR
  -------------------------------------------------------------------    -------------------

                         (clock clk_fpga_0 rise edge)
                                                     20.000    20.000 r  
    PS7_X0Y0             PS7                          0.000    20.000 r  design_2_i/processing_system7_0/inst/PS7_i/FCLKCLK[0]
                         net (fo=1, routed)           1.088    21.088    design_2_i/processing_system7_0/inst/FCLK_CLK_unbuffered[0]
    BUFGCTRL_X0Y16       BUFG (Prop_bufg_I_O)         0.091    21.179 r  design_2_i/processing_system7_0/inst/buffer_fclk_clk_0.FCLK_CLK_0_BUFG/O
                         net (fo=2094, routed)        1.611    22.791    design_2_i/top_onn_system_wrapp_0/inst/riya/onn_1/matcher_inst/clk
    SLICE_X90Y30         FDCE                                         r  design_2_i/top_onn_system_wrapp_0/inst/riya/onn_1/matcher_inst/best_match_reg[10]/C
                         clock pessimism              0.230    23.020    
                         clock uncertainty           -0.302    22.718    
    SLICE_X90Y30         FDCE (Recov_fdce_C_CLR)     -0.319    22.399    design_2_i/top_onn_system_wrapp_0/inst/riya/onn_1/matcher_inst/best_match_reg[10]
  -------------------------------------------------------------------
                         required time                         22.399    
                         arrival time                         -10.966    
  -------------------------------------------------------------------
                         slack                                 11.433    

Slack (MET) :             11.564ns  (required time - arrival time)
  Source:                 design_2_i/axi_gpio_5/U0/gpio_core_1/Not_Dual.gpio_Data_Out_reg[0]/C
                            (rising edge-triggered cell FDRE clocked by clk_fpga_0  {rise@0.000ns fall@10.000ns period=20.000ns})
  Destination:            design_2_i/top_onn_system_wrapp_0/inst/riya/onn_1/matcher_inst/best_match_reg[7]/CLR
                            (recovery check against rising-edge clock clk_fpga_0  {rise@0.000ns fall@10.000ns period=20.000ns})
  Path Group:             **async_default**
  Path Type:              Recovery (Max at Slow Process Corner)
  Requirement:            20.000ns  (clk_fpga_0 rise@20.000ns - clk_fpga_0 rise@0.000ns)
  Data Path Delay:        7.886ns  (logic 0.456ns (5.782%)  route 7.430ns (94.218%))
  Logic Levels:           0  
  Clock Path Skew:        0.071ns (DCD - SCD + CPR)
    Destination Clock Delay (DCD):    2.791ns = ( 22.792 - 20.000 ) 
    Source Clock Delay      (SCD):    2.950ns
    Clock Pessimism Removal (CPR):    0.230ns
  Clock Uncertainty:      0.302ns  ((TSJ^2 + TIJ^2)^1/2 + DJ) / 2 + PE
    Total System Jitter     (TSJ):    0.071ns
    Total Input Jitter      (TIJ):    0.600ns
    Discrete Jitter          (DJ):    0.000ns
    Phase Error              (PE):    0.000ns

    Location             Delay type                Incr(ns)  Path(ns)    Netlist Resource(s)
  -------------------------------------------------------------------    -------------------
                         (clock clk_fpga_0 rise edge)
                                                      0.000     0.000 r  
    PS7_X0Y0             PS7                          0.000     0.000 r  design_2_i/processing_system7_0/inst/PS7_i/FCLKCLK[0]
                         net (fo=1, routed)           1.193     1.193    design_2_i/processing_system7_0/inst/FCLK_CLK_unbuffered[0]
    BUFGCTRL_X0Y16       BUFG (Prop_bufg_I_O)         0.101     1.294 r  design_2_i/processing_system7_0/inst/buffer_fclk_clk_0.FCLK_CLK_0_BUFG/O
                         net (fo=2094, routed)        1.656     2.950    design_2_i/axi_gpio_5/U0/gpio_core_1/s_axi_aclk
    SLICE_X51Y6          FDRE                                         r  design_2_i/axi_gpio_5/U0/gpio_core_1/Not_Dual.gpio_Data_Out_reg[0]/C
  -------------------------------------------------------------------    -------------------
    SLICE_X51Y6          FDRE (Prop_fdre_C_Q)         0.456     3.406 f  design_2_i/axi_gpio_5/U0/gpio_core_1/Not_Dual.gpio_Data_Out_reg[0]/Q
                         net (fo=1637, routed)        7.430    10.836    design_2_i/top_onn_system_wrapp_0/inst/riya/onn_1/matcher_inst/reset
    SLICE_X96Y21         FDCE                                         f  design_2_i/top_onn_system_wrapp_0/inst/riya/onn_1/matcher_inst/best_match_reg[7]/CLR
  -------------------------------------------------------------------    -------------------

                         (clock clk_fpga_0 rise edge)
                                                     20.000    20.000 r  
    PS7_X0Y0             PS7                          0.000    20.000 r  design_2_i/processing_system7_0/inst/PS7_i/FCLKCLK[0]
                         net (fo=1, routed)           1.088    21.088    design_2_i/processing_system7_0/inst/FCLK_CLK_unbuffered[0]
    BUFGCTRL_X0Y16       BUFG (Prop_bufg_I_O)         0.091    21.179 r  design_2_i/processing_system7_0/inst/buffer_fclk_clk_0.FCLK_CLK_0_BUFG/O
                         net (fo=2094, routed)        1.612    22.792    design_2_i/top_onn_system_wrapp_0/inst/riya/onn_1/matcher_inst/clk
    SLICE_X96Y21         FDCE                                         r  design_2_i/top_onn_system_wrapp_0/inst/riya/onn_1/matcher_inst/best_match_reg[7]/C
                         clock pessimism              0.230    23.021    
                         clock uncertainty           -0.302    22.719    
    SLICE_X96Y21         FDCE (Recov_fdce_C_CLR)     -0.319    22.400    design_2_i/top_onn_system_wrapp_0/inst/riya/onn_1/matcher_inst/best_match_reg[7]
  -------------------------------------------------------------------
                         required time                         22.400    
                         arrival time                         -10.836    
  -------------------------------------------------------------------
                         slack                                 11.564    

Slack (MET) :             11.626ns  (required time - arrival time)
  Source:                 design_2_i/axi_gpio_5/U0/gpio_core_1/Not_Dual.gpio_Data_Out_reg[0]/C
                            (rising edge-triggered cell FDRE clocked by clk_fpga_0  {rise@0.000ns fall@10.000ns period=20.000ns})
  Destination:            design_2_i/top_onn_system_wrapp_0/inst/riya/onn_1/matcher_inst/best_match_reg[0]/CLR
                            (recovery check against rising-edge clock clk_fpga_0  {rise@0.000ns fall@10.000ns period=20.000ns})
  Path Group:             **async_default**
  Path Type:              Recovery (Max at Slow Process Corner)
  Requirement:            20.000ns  (clk_fpga_0 rise@20.000ns - clk_fpga_0 rise@0.000ns)
  Data Path Delay:        7.739ns  (logic 0.456ns (5.892%)  route 7.283ns (94.108%))
  Logic Levels:           0  
  Clock Path Skew:        0.072ns (DCD - SCD + CPR)
    Destination Clock Delay (DCD):    2.792ns = ( 22.792 - 20.000 ) 
    Source Clock Delay      (SCD):    2.950ns
    Clock Pessimism Removal (CPR):    0.230ns
  Clock Uncertainty:      0.302ns  ((TSJ^2 + TIJ^2)^1/2 + DJ) / 2 + PE
    Total System Jitter     (TSJ):    0.071ns
    Total Input Jitter      (TIJ):    0.600ns
    Discrete Jitter          (DJ):    0.000ns
    Phase Error              (PE):    0.000ns

    Location             Delay type                Incr(ns)  Path(ns)    Netlist Resource(s)
  -------------------------------------------------------------------    -------------------
                         (clock clk_fpga_0 rise edge)
                                                      0.000     0.000 r  
    PS7_X0Y0             PS7                          0.000     0.000 r  design_2_i/processing_system7_0/inst/PS7_i/FCLKCLK[0]
                         net (fo=1, routed)           1.193     1.193    design_2_i/processing_system7_0/inst/FCLK_CLK_unbuffered[0]
    BUFGCTRL_X0Y16       BUFG (Prop_bufg_I_O)         0.101     1.294 r  design_2_i/processing_system7_0/inst/buffer_fclk_clk_0.FCLK_CLK_0_BUFG/O
                         net (fo=2094, routed)        1.656     2.950    design_2_i/axi_gpio_5/U0/gpio_core_1/s_axi_aclk
    SLICE_X51Y6          FDRE                                         r  design_2_i/axi_gpio_5/U0/gpio_core_1/Not_Dual.gpio_Data_Out_reg[0]/C
  -------------------------------------------------------------------    -------------------
    SLICE_X51Y6          FDRE (Prop_fdre_C_Q)         0.456     3.406 f  design_2_i/axi_gpio_5/U0/gpio_core_1/Not_Dual.gpio_Data_Out_reg[0]/Q
                         net (fo=1637, routed)        7.283    10.689    design_2_i/top_onn_system_wrapp_0/inst/riya/onn_1/matcher_inst/reset
    SLICE_X99Y21         FDCE                                         f  design_2_i/top_onn_system_wrapp_0/inst/riya/onn_1/matcher_inst/best_match_reg[0]/CLR
  -------------------------------------------------------------------    -------------------

                         (clock clk_fpga_0 rise edge)
                                                     20.000    20.000 r  
    PS7_X0Y0             PS7                          0.000    20.000 r  design_2_i/processing_system7_0/inst/PS7_i/FCLKCLK[0]
                         net (fo=1, routed)           1.088    21.088    design_2_i/processing_system7_0/inst/FCLK_CLK_unbuffered[0]
    BUFGCTRL_X0Y16       BUFG (Prop_bufg_I_O)         0.091    21.179 r  design_2_i/processing_system7_0/inst/buffer_fclk_clk_0.FCLK_CLK_0_BUFG/O
                         net (fo=2094, routed)        1.613    22.792    design_2_i/top_onn_system_wrapp_0/inst/riya/onn_1/matcher_inst/clk
    SLICE_X99Y21         FDCE                                         r  design_2_i/top_onn_system_wrapp_0/inst/riya/onn_1/matcher_inst/best_match_reg[0]/C
                         clock pessimism              0.230    23.022    
                         clock uncertainty           -0.302    22.720    
    SLICE_X99Y21         FDCE (Recov_fdce_C_CLR)     -0.405    22.315    design_2_i/top_onn_system_wrapp_0/inst/riya/onn_1/matcher_inst/best_match_reg[0]
  -------------------------------------------------------------------
                         required time                         22.315    
                         arrival time                         -10.689    
  -------------------------------------------------------------------
                         slack                                 11.626    

Slack (MET) :             11.865ns  (required time - arrival time)
  Source:                 design_2_i/axi_gpio_5/U0/gpio_core_1/Not_Dual.gpio_Data_Out_reg[0]/C
                            (rising edge-triggered cell FDRE clocked by clk_fpga_0  {rise@0.000ns fall@10.000ns period=20.000ns})
  Destination:            design_2_i/top_onn_system_wrapp_0/inst/riya/onn_1/matcher_inst/best_pattern_temp_reg[0]/CLR
                            (recovery check against rising-edge clock clk_fpga_0  {rise@0.000ns fall@10.000ns period=20.000ns})
  Path Group:             **async_default**
  Path Type:              Recovery (Max at Slow Process Corner)
  Requirement:            20.000ns  (clk_fpga_0 rise@20.000ns - clk_fpga_0 rise@0.000ns)
  Data Path Delay:        7.586ns  (logic 0.456ns (6.011%)  route 7.130ns (93.989%))
  Logic Levels:           0  
  Clock Path Skew:        0.072ns (DCD - SCD + CPR)
    Destination Clock Delay (DCD):    2.792ns = ( 22.792 - 20.000 ) 
    Source Clock Delay      (SCD):    2.950ns
    Clock Pessimism Removal (CPR):    0.230ns
  Clock Uncertainty:      0.302ns  ((TSJ^2 + TIJ^2)^1/2 + DJ) / 2 + PE
    Total System Jitter     (TSJ):    0.071ns
    Total Input Jitter      (TIJ):    0.600ns
    Discrete Jitter          (DJ):    0.000ns
    Phase Error              (PE):    0.000ns

    Location             Delay type                Incr(ns)  Path(ns)    Netlist Resource(s)
  -------------------------------------------------------------------    -------------------
                         (clock clk_fpga_0 rise edge)
                                                      0.000     0.000 r  
    PS7_X0Y0             PS7                          0.000     0.000 r  design_2_i/processing_system7_0/inst/PS7_i/FCLKCLK[0]
                         net (fo=1, routed)           1.193     1.193    design_2_i/processing_system7_0/inst/FCLK_CLK_unbuffered[0]
    BUFGCTRL_X0Y16       BUFG (Prop_bufg_I_O)         0.101     1.294 r  design_2_i/processing_system7_0/inst/buffer_fclk_clk_0.FCLK_CLK_0_BUFG/O
                         net (fo=2094, routed)        1.656     2.950    design_2_i/axi_gpio_5/U0/gpio_core_1/s_axi_aclk
    SLICE_X51Y6          FDRE                                         r  design_2_i/axi_gpio_5/U0/gpio_core_1/Not_Dual.gpio_Data_Out_reg[0]/C
  -------------------------------------------------------------------    -------------------
    SLICE_X51Y6          FDRE (Prop_fdre_C_Q)         0.456     3.406 f  design_2_i/axi_gpio_5/U0/gpio_core_1/Not_Dual.gpio_Data_Out_reg[0]/Q
                         net (fo=1637, routed)        7.130    10.536    design_2_i/top_onn_system_wrapp_0/inst/riya/onn_1/matcher_inst/reset
    SLICE_X96Y19         FDCE                                         f  design_2_i/top_onn_system_wrapp_0/inst/riya/onn_1/matcher_inst/best_pattern_temp_reg[0]/CLR
  -------------------------------------------------------------------    -------------------

                         (clock clk_fpga_0 rise edge)
                                                     20.000    20.000 r  
    PS7_X0Y0             PS7                          0.000    20.000 r  design_2_i/processing_system7_0/inst/PS7_i/FCLKCLK[0]
                         net (fo=1, routed)           1.088    21.088    design_2_i/processing_system7_0/inst/FCLK_CLK_unbuffered[0]
    BUFGCTRL_X0Y16       BUFG (Prop_bufg_I_O)         0.091    21.179 r  design_2_i/processing_system7_0/inst/buffer_fclk_clk_0.FCLK_CLK_0_BUFG/O
                         net (fo=2094, routed)        1.613    22.792    design_2_i/top_onn_system_wrapp_0/inst/riya/onn_1/matcher_inst/clk
    SLICE_X96Y19         FDCE                                         r  design_2_i/top_onn_system_wrapp_0/inst/riya/onn_1/matcher_inst/best_pattern_temp_reg[0]/C
                         clock pessimism              0.230    23.022    
                         clock uncertainty           -0.302    22.720    
    SLICE_X96Y19         FDCE (Recov_fdce_C_CLR)     -0.319    22.401    design_2_i/top_onn_system_wrapp_0/inst/riya/onn_1/matcher_inst/best_pattern_temp_reg[0]
  -------------------------------------------------------------------
                         required time                         22.401    
                         arrival time                         -10.536    
  -------------------------------------------------------------------
                         slack                                 11.865    

Slack (MET) :             11.865ns  (required time - arrival time)
  Source:                 design_2_i/axi_gpio_5/U0/gpio_core_1/Not_Dual.gpio_Data_Out_reg[0]/C
                            (rising edge-triggered cell FDRE clocked by clk_fpga_0  {rise@0.000ns fall@10.000ns period=20.000ns})
  Destination:            design_2_i/top_onn_system_wrapp_0/inst/riya/onn_1/matcher_inst/best_pattern_temp_reg[7]/CLR
                            (recovery check against rising-edge clock clk_fpga_0  {rise@0.000ns fall@10.000ns period=20.000ns})
  Path Group:             **async_default**
  Path Type:              Recovery (Max at Slow Process Corner)
  Requirement:            20.000ns  (clk_fpga_0 rise@20.000ns - clk_fpga_0 rise@0.000ns)
  Data Path Delay:        7.586ns  (logic 0.456ns (6.011%)  route 7.130ns (93.989%))
  Logic Levels:           0  
  Clock Path Skew:        0.072ns (DCD - SCD + CPR)
    Destination Clock Delay (DCD):    2.792ns = ( 22.792 - 20.000 ) 
    Source Clock Delay      (SCD):    2.950ns
    Clock Pessimism Removal (CPR):    0.230ns
  Clock Uncertainty:      0.302ns  ((TSJ^2 + TIJ^2)^1/2 + DJ) / 2 + PE
    Total System Jitter     (TSJ):    0.071ns
    Total Input Jitter      (TIJ):    0.600ns
    Discrete Jitter          (DJ):    0.000ns
    Phase Error              (PE):    0.000ns

    Location             Delay type                Incr(ns)  Path(ns)    Netlist Resource(s)
  -------------------------------------------------------------------    -------------------
                         (clock clk_fpga_0 rise edge)
                                                      0.000     0.000 r  
    PS7_X0Y0             PS7                          0.000     0.000 r  design_2_i/processing_system7_0/inst/PS7_i/FCLKCLK[0]
                         net (fo=1, routed)           1.193     1.193    design_2_i/processing_system7_0/inst/FCLK_CLK_unbuffered[0]
    BUFGCTRL_X0Y16       BUFG (Prop_bufg_I_O)         0.101     1.294 r  design_2_i/processing_system7_0/inst/buffer_fclk_clk_0.FCLK_CLK_0_BUFG/O
                         net (fo=2094, routed)        1.656     2.950    design_2_i/axi_gpio_5/U0/gpio_core_1/s_axi_aclk
    SLICE_X51Y6          FDRE                                         r  design_2_i/axi_gpio_5/U0/gpio_core_1/Not_Dual.gpio_Data_Out_reg[0]/C
  -------------------------------------------------------------------    -------------------
    SLICE_X51Y6          FDRE (Prop_fdre_C_Q)         0.456     3.406 f  design_2_i/axi_gpio_5/U0/gpio_core_1/Not_Dual.gpio_Data_Out_reg[0]/Q
                         net (fo=1637, routed)        7.130    10.536    design_2_i/top_onn_system_wrapp_0/inst/riya/onn_1/matcher_inst/reset
    SLICE_X96Y19         FDCE                                         f  design_2_i/top_onn_system_wrapp_0/inst/riya/onn_1/matcher_inst/best_pattern_temp_reg[7]/CLR
  -------------------------------------------------------------------    -------------------

                         (clock clk_fpga_0 rise edge)
                                                     20.000    20.000 r  
    PS7_X0Y0             PS7                          0.000    20.000 r  design_2_i/processing_system7_0/inst/PS7_i/FCLKCLK[0]
                         net (fo=1, routed)           1.088    21.088    design_2_i/processing_system7_0/inst/FCLK_CLK_unbuffered[0]
    BUFGCTRL_X0Y16       BUFG (Prop_bufg_I_O)         0.091    21.179 r  design_2_i/processing_system7_0/inst/buffer_fclk_clk_0.FCLK_CLK_0_BUFG/O
                         net (fo=2094, routed)        1.613    22.792    design_2_i/top_onn_system_wrapp_0/inst/riya/onn_1/matcher_inst/clk
    SLICE_X96Y19         FDCE                                         r  design_2_i/top_onn_system_wrapp_0/inst/riya/onn_1/matcher_inst/best_pattern_temp_reg[7]/C
                         clock pessimism              0.230    23.022    
                         clock uncertainty           -0.302    22.720    
    SLICE_X96Y19         FDCE (Recov_fdce_C_CLR)     -0.319    22.401    design_2_i/top_onn_system_wrapp_0/inst/riya/onn_1/matcher_inst/best_pattern_temp_reg[7]
  -------------------------------------------------------------------
                         required time                         22.401    
                         arrival time                         -10.536    
  -------------------------------------------------------------------
                         slack                                 11.865    

Slack (MET) :             12.391ns  (required time - arrival time)
  Source:                 design_2_i/axi_gpio_5/U0/gpio_core_1/Not_Dual.gpio_Data_Out_reg[0]/C
                            (rising edge-triggered cell FDRE clocked by clk_fpga_0  {rise@0.000ns fall@10.000ns period=20.000ns})
  Destination:            design_2_i/top_onn_system_wrapp_0/inst/riya/onn_2/matcher_inst/best_index_temp_reg[3]/CLR
                            (recovery check against rising-edge clock clk_fpga_0  {rise@0.000ns fall@10.000ns period=20.000ns})
  Path Group:             **async_default**
  Path Type:              Recovery (Max at Slow Process Corner)
  Requirement:            20.000ns  (clk_fpga_0 rise@20.000ns - clk_fpga_0 rise@0.000ns)
  Data Path Delay:        7.016ns  (logic 0.456ns (6.499%)  route 6.560ns (93.501%))
  Logic Levels:           0  
  Clock Path Skew:        0.114ns (DCD - SCD + CPR)
    Destination Clock Delay (DCD):    2.949ns = ( 22.949 - 20.000 ) 
    Source Clock Delay      (SCD):    2.950ns
    Clock Pessimism Removal (CPR):    0.115ns
  Clock Uncertainty:      0.302ns  ((TSJ^2 + TIJ^2)^1/2 + DJ) / 2 + PE
    Total System Jitter     (TSJ):    0.071ns
    Total Input Jitter      (TIJ):    0.600ns
    Discrete Jitter          (DJ):    0.000ns
    Phase Error              (PE):    0.000ns

    Location             Delay type                Incr(ns)  Path(ns)    Netlist Resource(s)
  -------------------------------------------------------------------    -------------------
                         (clock clk_fpga_0 rise edge)
                                                      0.000     0.000 r  
    PS7_X0Y0             PS7                          0.000     0.000 r  design_2_i/processing_system7_0/inst/PS7_i/FCLKCLK[0]
                         net (fo=1, routed)           1.193     1.193    design_2_i/processing_system7_0/inst/FCLK_CLK_unbuffered[0]
    BUFGCTRL_X0Y16       BUFG (Prop_bufg_I_O)         0.101     1.294 r  design_2_i/processing_system7_0/inst/buffer_fclk_clk_0.FCLK_CLK_0_BUFG/O
                         net (fo=2094, routed)        1.656     2.950    design_2_i/axi_gpio_5/U0/gpio_core_1/s_axi_aclk
    SLICE_X51Y6          FDRE                                         r  design_2_i/axi_gpio_5/U0/gpio_core_1/Not_Dual.gpio_Data_Out_reg[0]/C
  -------------------------------------------------------------------    -------------------
    SLICE_X51Y6          FDRE (Prop_fdre_C_Q)         0.456     3.406 f  design_2_i/axi_gpio_5/U0/gpio_core_1/Not_Dual.gpio_Data_Out_reg[0]/Q
                         net (fo=1637, routed)        6.560     9.966    design_2_i/top_onn_system_wrapp_0/inst/riya/onn_2/matcher_inst/reset
    SLICE_X101Y121       FDCE                                         f  design_2_i/top_onn_system_wrapp_0/inst/riya/onn_2/matcher_inst/best_index_temp_reg[3]/CLR
  -------------------------------------------------------------------    -------------------

                         (clock clk_fpga_0 rise edge)
                                                     20.000    20.000 r  
    PS7_X0Y0             PS7                          0.000    20.000 r  design_2_i/processing_system7_0/inst/PS7_i/FCLKCLK[0]
                         net (fo=1, routed)           1.088    21.088    design_2_i/processing_system7_0/inst/FCLK_CLK_unbuffered[0]
    BUFGCTRL_X0Y16       BUFG (Prop_bufg_I_O)         0.091    21.179 r  design_2_i/processing_system7_0/inst/buffer_fclk_clk_0.FCLK_CLK_0_BUFG/O
                         net (fo=2094, routed)        1.770    22.949    design_2_i/top_onn_system_wrapp_0/inst/riya/onn_2/matcher_inst/clk
    SLICE_X101Y121       FDCE                                         r  design_2_i/top_onn_system_wrapp_0/inst/riya/onn_2/matcher_inst/best_index_temp_reg[3]/C
                         clock pessimism              0.115    23.064    
                         clock uncertainty           -0.302    22.762    
    SLICE_X101Y121       FDCE (Recov_fdce_C_CLR)     -0.405    22.357    design_2_i/top_onn_system_wrapp_0/inst/riya/onn_2/matcher_inst/best_index_temp_reg[3]
  -------------------------------------------------------------------
                         required time                         22.357    
                         arrival time                          -9.966    
  -------------------------------------------------------------------
                         slack                                 12.391    

Slack (MET) :             12.413ns  (required time - arrival time)
  Source:                 design_2_i/axi_gpio_5/U0/gpio_core_1/Not_Dual.gpio_Data_Out_reg[0]/C
                            (rising edge-triggered cell FDRE clocked by clk_fpga_0  {rise@0.000ns fall@10.000ns period=20.000ns})
  Destination:            design_2_i/top_onn_system_wrapp_0/inst/riya/onn_2/matcher_inst/min_total_diff_reg[3]/PRE
                            (recovery check against rising-edge clock clk_fpga_0  {rise@0.000ns fall@10.000ns period=20.000ns})
  Path Group:             **async_default**
  Path Type:              Recovery (Max at Slow Process Corner)
  Requirement:            20.000ns  (clk_fpga_0 rise@20.000ns - clk_fpga_0 rise@0.000ns)
  Data Path Delay:        7.037ns  (logic 0.456ns (6.480%)  route 6.581ns (93.520%))
  Logic Levels:           0  
  Clock Path Skew:        0.111ns (DCD - SCD + CPR)
    Destination Clock Delay (DCD):    2.946ns = ( 22.946 - 20.000 ) 
    Source Clock Delay      (SCD):    2.950ns
    Clock Pessimism Removal (CPR):    0.115ns
  Clock Uncertainty:      0.302ns  ((TSJ^2 + TIJ^2)^1/2 + DJ) / 2 + PE
    Total System Jitter     (TSJ):    0.071ns
    Total Input Jitter      (TIJ):    0.600ns
    Discrete Jitter          (DJ):    0.000ns
    Phase Error              (PE):    0.000ns

    Location             Delay type                Incr(ns)  Path(ns)    Netlist Resource(s)
  -------------------------------------------------------------------    -------------------
                         (clock clk_fpga_0 rise edge)
                                                      0.000     0.000 r  
    PS7_X0Y0             PS7                          0.000     0.000 r  design_2_i/processing_system7_0/inst/PS7_i/FCLKCLK[0]
                         net (fo=1, routed)           1.193     1.193    design_2_i/processing_system7_0/inst/FCLK_CLK_unbuffered[0]
    BUFGCTRL_X0Y16       BUFG (Prop_bufg_I_O)         0.101     1.294 r  design_2_i/processing_system7_0/inst/buffer_fclk_clk_0.FCLK_CLK_0_BUFG/O
                         net (fo=2094, routed)        1.656     2.950    design_2_i/axi_gpio_5/U0/gpio_core_1/s_axi_aclk
    SLICE_X51Y6          FDRE                                         r  design_2_i/axi_gpio_5/U0/gpio_core_1/Not_Dual.gpio_Data_Out_reg[0]/C
  -------------------------------------------------------------------    -------------------
    SLICE_X51Y6          FDRE (Prop_fdre_C_Q)         0.456     3.406 f  design_2_i/axi_gpio_5/U0/gpio_core_1/Not_Dual.gpio_Data_Out_reg[0]/Q
                         net (fo=1637, routed)        6.581     9.987    design_2_i/top_onn_system_wrapp_0/inst/riya/onn_2/matcher_inst/reset
    SLICE_X99Y126        FDPE                                         f  design_2_i/top_onn_system_wrapp_0/inst/riya/onn_2/matcher_inst/min_total_diff_reg[3]/PRE
  -------------------------------------------------------------------    -------------------

                         (clock clk_fpga_0 rise edge)
                                                     20.000    20.000 r  
    PS7_X0Y0             PS7                          0.000    20.000 r  design_2_i/processing_system7_0/inst/PS7_i/FCLKCLK[0]
                         net (fo=1, routed)           1.088    21.088    design_2_i/processing_system7_0/inst/FCLK_CLK_unbuffered[0]
    BUFGCTRL_X0Y16       BUFG (Prop_bufg_I_O)         0.091    21.179 r  design_2_i/processing_system7_0/inst/buffer_fclk_clk_0.FCLK_CLK_0_BUFG/O
                         net (fo=2094, routed)        1.767    22.946    design_2_i/top_onn_system_wrapp_0/inst/riya/onn_2/matcher_inst/clk
    SLICE_X99Y126        FDPE                                         r  design_2_i/top_onn_system_wrapp_0/inst/riya/onn_2/matcher_inst/min_total_diff_reg[3]/C
                         clock pessimism              0.115    23.061    
                         clock uncertainty           -0.302    22.759    
    SLICE_X99Y126        FDPE (Recov_fdpe_C_PRE)     -0.359    22.400    design_2_i/top_onn_system_wrapp_0/inst/riya/onn_2/matcher_inst/min_total_diff_reg[3]
  -------------------------------------------------------------------
                         required time                         22.400    
                         arrival time                          -9.987    
  -------------------------------------------------------------------
                         slack                                 12.413    

Slack (MET) :             12.413ns  (required time - arrival time)
  Source:                 design_2_i/axi_gpio_5/U0/gpio_core_1/Not_Dual.gpio_Data_Out_reg[0]/C
                            (rising edge-triggered cell FDRE clocked by clk_fpga_0  {rise@0.000ns fall@10.000ns period=20.000ns})
  Destination:            design_2_i/top_onn_system_wrapp_0/inst/riya/onn_2/matcher_inst/min_total_diff_reg[4]/PRE
                            (recovery check against rising-edge clock clk_fpga_0  {rise@0.000ns fall@10.000ns period=20.000ns})
  Path Group:             **async_default**
  Path Type:              Recovery (Max at Slow Process Corner)
  Requirement:            20.000ns  (clk_fpga_0 rise@20.000ns - clk_fpga_0 rise@0.000ns)
  Data Path Delay:        7.037ns  (logic 0.456ns (6.480%)  route 6.581ns (93.520%))
  Logic Levels:           0  
  Clock Path Skew:        0.111ns (DCD - SCD + CPR)
    Destination Clock Delay (DCD):    2.946ns = ( 22.946 - 20.000 ) 
    Source Clock Delay      (SCD):    2.950ns
    Clock Pessimism Removal (CPR):    0.115ns
  Clock Uncertainty:      0.302ns  ((TSJ^2 + TIJ^2)^1/2 + DJ) / 2 + PE
    Total System Jitter     (TSJ):    0.071ns
    Total Input Jitter      (TIJ):    0.600ns
    Discrete Jitter          (DJ):    0.000ns
    Phase Error              (PE):    0.000ns

    Location             Delay type                Incr(ns)  Path(ns)    Netlist Resource(s)
  -------------------------------------------------------------------    -------------------
                         (clock clk_fpga_0 rise edge)
                                                      0.000     0.000 r  
    PS7_X0Y0             PS7                          0.000     0.000 r  design_2_i/processing_system7_0/inst/PS7_i/FCLKCLK[0]
                         net (fo=1, routed)           1.193     1.193    design_2_i/processing_system7_0/inst/FCLK_CLK_unbuffered[0]
    BUFGCTRL_X0Y16       BUFG (Prop_bufg_I_O)         0.101     1.294 r  design_2_i/processing_system7_0/inst/buffer_fclk_clk_0.FCLK_CLK_0_BUFG/O
                         net (fo=2094, routed)        1.656     2.950    design_2_i/axi_gpio_5/U0/gpio_core_1/s_axi_aclk
    SLICE_X51Y6          FDRE                                         r  design_2_i/axi_gpio_5/U0/gpio_core_1/Not_Dual.gpio_Data_Out_reg[0]/C
  -------------------------------------------------------------------    -------------------
    SLICE_X51Y6          FDRE (Prop_fdre_C_Q)         0.456     3.406 f  design_2_i/axi_gpio_5/U0/gpio_core_1/Not_Dual.gpio_Data_Out_reg[0]/Q
                         net (fo=1637, routed)        6.581     9.987    design_2_i/top_onn_system_wrapp_0/inst/riya/onn_2/matcher_inst/reset
    SLICE_X99Y126        FDPE                                         f  design_2_i/top_onn_system_wrapp_0/inst/riya/onn_2/matcher_inst/min_total_diff_reg[4]/PRE
  -------------------------------------------------------------------    -------------------

                         (clock clk_fpga_0 rise edge)
                                                     20.000    20.000 r  
    PS7_X0Y0             PS7                          0.000    20.000 r  design_2_i/processing_system7_0/inst/PS7_i/FCLKCLK[0]
                         net (fo=1, routed)           1.088    21.088    design_2_i/processing_system7_0/inst/FCLK_CLK_unbuffered[0]
    BUFGCTRL_X0Y16       BUFG (Prop_bufg_I_O)         0.091    21.179 r  design_2_i/processing_system7_0/inst/buffer_fclk_clk_0.FCLK_CLK_0_BUFG/O
                         net (fo=2094, routed)        1.767    22.946    design_2_i/top_onn_system_wrapp_0/inst/riya/onn_2/matcher_inst/clk
    SLICE_X99Y126        FDPE                                         r  design_2_i/top_onn_system_wrapp_0/inst/riya/onn_2/matcher_inst/min_total_diff_reg[4]/C
                         clock pessimism              0.115    23.061    
                         clock uncertainty           -0.302    22.759    
    SLICE_X99Y126        FDPE (Recov_fdpe_C_PRE)     -0.359    22.400    design_2_i/top_onn_system_wrapp_0/inst/riya/onn_2/matcher_inst/min_total_diff_reg[4]
  -------------------------------------------------------------------
                         required time                         22.400    
                         arrival time                          -9.987    
  -------------------------------------------------------------------
                         slack                                 12.413    

Slack (MET) :             12.670ns  (required time - arrival time)
  Source:                 design_2_i/axi_gpio_5/U0/gpio_core_1/Not_Dual.gpio_Data_Out_reg[0]/C
                            (rising edge-triggered cell FDRE clocked by clk_fpga_0  {rise@0.000ns fall@10.000ns period=20.000ns})
  Destination:            design_2_i/top_onn_system_wrapp_0/inst/riya/onn_2/matcher_inst/min_total_diff_reg[0]/PRE
                            (recovery check against rising-edge clock clk_fpga_0  {rise@0.000ns fall@10.000ns period=20.000ns})
  Path Group:             **async_default**
  Path Type:              Recovery (Max at Slow Process Corner)
  Requirement:            20.000ns  (clk_fpga_0 rise@20.000ns - clk_fpga_0 rise@0.000ns)
  Data Path Delay:        6.855ns  (logic 0.456ns (6.652%)  route 6.399ns (93.348%))
  Logic Levels:           0  
  Clock Path Skew:        0.186ns (DCD - SCD + CPR)
    Destination Clock Delay (DCD):    3.021ns = ( 23.021 - 20.000 ) 
    Source Clock Delay      (SCD):    2.950ns
    Clock Pessimism Removal (CPR):    0.115ns
  Clock Uncertainty:      0.302ns  ((TSJ^2 + TIJ^2)^1/2 + DJ) / 2 + PE
    Total System Jitter     (TSJ):    0.071ns
    Total Input Jitter      (TIJ):    0.600ns
    Discrete Jitter          (DJ):    0.000ns
    Phase Error              (PE):    0.000ns

    Location             Delay type                Incr(ns)  Path(ns)    Netlist Resource(s)
  -------------------------------------------------------------------    -------------------
                         (clock clk_fpga_0 rise edge)
                                                      0.000     0.000 r  
    PS7_X0Y0             PS7                          0.000     0.000 r  design_2_i/processing_system7_0/inst/PS7_i/FCLKCLK[0]
                         net (fo=1, routed)           1.193     1.193    design_2_i/processing_system7_0/inst/FCLK_CLK_unbuffered[0]
    BUFGCTRL_X0Y16       BUFG (Prop_bufg_I_O)         0.101     1.294 r  design_2_i/processing_system7_0/inst/buffer_fclk_clk_0.FCLK_CLK_0_BUFG/O
                         net (fo=2094, routed)        1.656     2.950    design_2_i/axi_gpio_5/U0/gpio_core_1/s_axi_aclk
    SLICE_X51Y6          FDRE                                         r  design_2_i/axi_gpio_5/U0/gpio_core_1/Not_Dual.gpio_Data_Out_reg[0]/C
  -------------------------------------------------------------------    -------------------
    SLICE_X51Y6          FDRE (Prop_fdre_C_Q)         0.456     3.406 f  design_2_i/axi_gpio_5/U0/gpio_core_1/Not_Dual.gpio_Data_Out_reg[0]/Q
                         net (fo=1637, routed)        6.399     9.805    design_2_i/top_onn_system_wrapp_0/inst/riya/onn_2/matcher_inst/reset
    SLICE_X106Y126       FDPE                                         f  design_2_i/top_onn_system_wrapp_0/inst/riya/onn_2/matcher_inst/min_total_diff_reg[0]/PRE
  -------------------------------------------------------------------    -------------------

                         (clock clk_fpga_0 rise edge)
                                                     20.000    20.000 r  
    PS7_X0Y0             PS7                          0.000    20.000 r  design_2_i/processing_system7_0/inst/PS7_i/FCLKCLK[0]
                         net (fo=1, routed)           1.088    21.088    design_2_i/processing_system7_0/inst/FCLK_CLK_unbuffered[0]
    BUFGCTRL_X0Y16       BUFG (Prop_bufg_I_O)         0.091    21.179 r  design_2_i/processing_system7_0/inst/buffer_fclk_clk_0.FCLK_CLK_0_BUFG/O
                         net (fo=2094, routed)        1.842    23.021    design_2_i/top_onn_system_wrapp_0/inst/riya/onn_2/matcher_inst/clk
    SLICE_X106Y126       FDPE                                         r  design_2_i/top_onn_system_wrapp_0/inst/riya/onn_2/matcher_inst/min_total_diff_reg[0]/C
                         clock pessimism              0.115    23.136    
                         clock uncertainty           -0.302    22.834    
    SLICE_X106Y126       FDPE (Recov_fdpe_C_PRE)     -0.359    22.475    design_2_i/top_onn_system_wrapp_0/inst/riya/onn_2/matcher_inst/min_total_diff_reg[0]
  -------------------------------------------------------------------
                         required time                         22.475    
                         arrival time                          -9.805    
  -------------------------------------------------------------------
                         slack                                 12.670    





Min Delay Paths
--------------------------------------------------------------------------------------
Slack (MET) :             1.156ns  (arrival time - required time)
  Source:                 design_2_i/axi_gpio_5/U0/gpio_core_1/Not_Dual.gpio_Data_Out_reg[0]/C
                            (rising edge-triggered cell FDRE clocked by clk_fpga_0  {rise@0.000ns fall@10.000ns period=20.000ns})
  Destination:            design_2_i/top_onn_system_wrapp_0/inst/riya/onn_1/matcher_inst/best_pattern_temp_reg[28]/CLR
                            (removal check against rising-edge clock clk_fpga_0  {rise@0.000ns fall@10.000ns period=20.000ns})
  Path Group:             **async_default**
  Path Type:              Removal (Min at Fast Process Corner)
  Requirement:            0.000ns  (clk_fpga_0 rise@0.000ns - clk_fpga_0 rise@0.000ns)
  Data Path Delay:        1.118ns  (logic 0.141ns (12.614%)  route 0.977ns (87.386%))
  Logic Levels:           0  
  Clock Path Skew:        0.054ns (DCD - SCD - CPR)
    Destination Clock Delay (DCD):    1.211ns
    Source Clock Delay      (SCD):    0.894ns
    Clock Pessimism Removal (CPR):    0.263ns

    Location             Delay type                Incr(ns)  Path(ns)    Netlist Resource(s)
  -------------------------------------------------------------------    -------------------
                         (clock clk_fpga_0 rise edge)
                                                      0.000     0.000 r  
    PS7_X0Y0             PS7                          0.000     0.000 r  design_2_i/processing_system7_0/inst/PS7_i/FCLKCLK[0]
                         net (fo=1, routed)           0.310     0.310    design_2_i/processing_system7_0/inst/FCLK_CLK_unbuffered[0]
    BUFGCTRL_X0Y16       BUFG (Prop_bufg_I_O)         0.026     0.336 r  design_2_i/processing_system7_0/inst/buffer_fclk_clk_0.FCLK_CLK_0_BUFG/O
                         net (fo=2094, routed)        0.558     0.894    design_2_i/axi_gpio_5/U0/gpio_core_1/s_axi_aclk
    SLICE_X51Y6          FDRE                                         r  design_2_i/axi_gpio_5/U0/gpio_core_1/Not_Dual.gpio_Data_Out_reg[0]/C
  -------------------------------------------------------------------    -------------------
    SLICE_X51Y6          FDRE (Prop_fdre_C_Q)         0.141     1.035 f  design_2_i/axi_gpio_5/U0/gpio_core_1/Not_Dual.gpio_Data_Out_reg[0]/Q
                         net (fo=1637, routed)        0.977     2.011    design_2_i/top_onn_system_wrapp_0/inst/riya/onn_1/matcher_inst/reset
    SLICE_X88Y27         FDCE                                         f  design_2_i/top_onn_system_wrapp_0/inst/riya/onn_1/matcher_inst/best_pattern_temp_reg[28]/CLR
  -------------------------------------------------------------------    -------------------

                         (clock clk_fpga_0 rise edge)
                                                      0.000     0.000 r  
    PS7_X0Y0             PS7                          0.000     0.000 r  design_2_i/processing_system7_0/inst/PS7_i/FCLKCLK[0]
                         net (fo=1, routed)           0.337     0.337    design_2_i/processing_system7_0/inst/FCLK_CLK_unbuffered[0]
    BUFGCTRL_X0Y16       BUFG (Prop_bufg_I_O)         0.029     0.366 r  design_2_i/processing_system7_0/inst/buffer_fclk_clk_0.FCLK_CLK_0_BUFG/O
                         net (fo=2094, routed)        0.845     1.211    design_2_i/top_onn_system_wrapp_0/inst/riya/onn_1/matcher_inst/clk
    SLICE_X88Y27         FDCE                                         r  design_2_i/top_onn_system_wrapp_0/inst/riya/onn_1/matcher_inst/best_pattern_temp_reg[28]/C
                         clock pessimism             -0.263     0.948    
    SLICE_X88Y27         FDCE (Remov_fdce_C_CLR)     -0.092     0.856    design_2_i/top_onn_system_wrapp_0/inst/riya/onn_1/matcher_inst/best_pattern_temp_reg[28]
  -------------------------------------------------------------------
                         required time                         -0.855    
                         arrival time                           2.011    
  -------------------------------------------------------------------
                         slack                                  1.156    

Slack (MET) :             1.156ns  (arrival time - required time)
  Source:                 design_2_i/axi_gpio_5/U0/gpio_core_1/Not_Dual.gpio_Data_Out_reg[0]/C
                            (rising edge-triggered cell FDRE clocked by clk_fpga_0  {rise@0.000ns fall@10.000ns period=20.000ns})
  Destination:            design_2_i/top_onn_system_wrapp_0/inst/riya/onn_1/matcher_inst/best_pattern_temp_reg[29]/CLR
                            (removal check against rising-edge clock clk_fpga_0  {rise@0.000ns fall@10.000ns period=20.000ns})
  Path Group:             **async_default**
  Path Type:              Removal (Min at Fast Process Corner)
  Requirement:            0.000ns  (clk_fpga_0 rise@0.000ns - clk_fpga_0 rise@0.000ns)
  Data Path Delay:        1.118ns  (logic 0.141ns (12.614%)  route 0.977ns (87.386%))
  Logic Levels:           0  
  Clock Path Skew:        0.054ns (DCD - SCD - CPR)
    Destination Clock Delay (DCD):    1.211ns
    Source Clock Delay      (SCD):    0.894ns
    Clock Pessimism Removal (CPR):    0.263ns

    Location             Delay type                Incr(ns)  Path(ns)    Netlist Resource(s)
  -------------------------------------------------------------------    -------------------
                         (clock clk_fpga_0 rise edge)
                                                      0.000     0.000 r  
    PS7_X0Y0             PS7                          0.000     0.000 r  design_2_i/processing_system7_0/inst/PS7_i/FCLKCLK[0]
                         net (fo=1, routed)           0.310     0.310    design_2_i/processing_system7_0/inst/FCLK_CLK_unbuffered[0]
    BUFGCTRL_X0Y16       BUFG (Prop_bufg_I_O)         0.026     0.336 r  design_2_i/processing_system7_0/inst/buffer_fclk_clk_0.FCLK_CLK_0_BUFG/O
                         net (fo=2094, routed)        0.558     0.894    design_2_i/axi_gpio_5/U0/gpio_core_1/s_axi_aclk
    SLICE_X51Y6          FDRE                                         r  design_2_i/axi_gpio_5/U0/gpio_core_1/Not_Dual.gpio_Data_Out_reg[0]/C
  -------------------------------------------------------------------    -------------------
    SLICE_X51Y6          FDRE (Prop_fdre_C_Q)         0.141     1.035 f  design_2_i/axi_gpio_5/U0/gpio_core_1/Not_Dual.gpio_Data_Out_reg[0]/Q
                         net (fo=1637, routed)        0.977     2.011    design_2_i/top_onn_system_wrapp_0/inst/riya/onn_1/matcher_inst/reset
    SLICE_X88Y27         FDCE                                         f  design_2_i/top_onn_system_wrapp_0/inst/riya/onn_1/matcher_inst/best_pattern_temp_reg[29]/CLR
  -------------------------------------------------------------------    -------------------

                         (clock clk_fpga_0 rise edge)
                                                      0.000     0.000 r  
    PS7_X0Y0             PS7                          0.000     0.000 r  design_2_i/processing_system7_0/inst/PS7_i/FCLKCLK[0]
                         net (fo=1, routed)           0.337     0.337    design_2_i/processing_system7_0/inst/FCLK_CLK_unbuffered[0]
    BUFGCTRL_X0Y16       BUFG (Prop_bufg_I_O)         0.029     0.366 r  design_2_i/processing_system7_0/inst/buffer_fclk_clk_0.FCLK_CLK_0_BUFG/O
                         net (fo=2094, routed)        0.845     1.211    design_2_i/top_onn_system_wrapp_0/inst/riya/onn_1/matcher_inst/clk
    SLICE_X88Y27         FDCE                                         r  design_2_i/top_onn_system_wrapp_0/inst/riya/onn_1/matcher_inst/best_pattern_temp_reg[29]/C
                         clock pessimism             -0.263     0.948    
    SLICE_X88Y27         FDCE (Remov_fdce_C_CLR)     -0.092     0.856    design_2_i/top_onn_system_wrapp_0/inst/riya/onn_1/matcher_inst/best_pattern_temp_reg[29]
  -------------------------------------------------------------------
                         required time                         -0.855    
                         arrival time                           2.011    
  -------------------------------------------------------------------
                         slack                                  1.156    

Slack (MET) :             1.451ns  (arrival time - required time)
  Source:                 design_2_i/axi_gpio_5/U0/gpio_core_1/Not_Dual.gpio_Data_Out_reg[0]/C
                            (rising edge-triggered cell FDRE clocked by clk_fpga_0  {rise@0.000ns fall@10.000ns period=20.000ns})
  Destination:            design_2_i/top_onn_system_wrapp_0/inst/riya/onn_1/matcher_inst/index_reg_rep[1]/CLR
                            (removal check against rising-edge clock clk_fpga_0  {rise@0.000ns fall@10.000ns period=20.000ns})
  Path Group:             **async_default**
  Path Type:              Removal (Min at Fast Process Corner)
  Requirement:            0.000ns  (clk_fpga_0 rise@0.000ns - clk_fpga_0 rise@0.000ns)
  Data Path Delay:        1.415ns  (logic 0.141ns (9.962%)  route 1.274ns (90.038%))
  Logic Levels:           0  
  Clock Path Skew:        0.056ns (DCD - SCD - CPR)
    Destination Clock Delay (DCD):    1.213ns
    Source Clock Delay      (SCD):    0.894ns
    Clock Pessimism Removal (CPR):    0.263ns

    Location             Delay type                Incr(ns)  Path(ns)    Netlist Resource(s)
  -------------------------------------------------------------------    -------------------
                         (clock clk_fpga_0 rise edge)
                                                      0.000     0.000 r  
    PS7_X0Y0             PS7                          0.000     0.000 r  design_2_i/processing_system7_0/inst/PS7_i/FCLKCLK[0]
                         net (fo=1, routed)           0.310     0.310    design_2_i/processing_system7_0/inst/FCLK_CLK_unbuffered[0]
    BUFGCTRL_X0Y16       BUFG (Prop_bufg_I_O)         0.026     0.336 r  design_2_i/processing_system7_0/inst/buffer_fclk_clk_0.FCLK_CLK_0_BUFG/O
                         net (fo=2094, routed)        0.558     0.894    design_2_i/axi_gpio_5/U0/gpio_core_1/s_axi_aclk
    SLICE_X51Y6          FDRE                                         r  design_2_i/axi_gpio_5/U0/gpio_core_1/Not_Dual.gpio_Data_Out_reg[0]/C
  -------------------------------------------------------------------    -------------------
    SLICE_X51Y6          FDRE (Prop_fdre_C_Q)         0.141     1.035 f  design_2_i/axi_gpio_5/U0/gpio_core_1/Not_Dual.gpio_Data_Out_reg[0]/Q
                         net (fo=1637, routed)        1.274     2.309    design_2_i/top_onn_system_wrapp_0/inst/riya/onn_1/matcher_inst/reset
    SLICE_X67Y15         FDCE                                         f  design_2_i/top_onn_system_wrapp_0/inst/riya/onn_1/matcher_inst/index_reg_rep[1]/CLR
  -------------------------------------------------------------------    -------------------

                         (clock clk_fpga_0 rise edge)
                                                      0.000     0.000 r  
    PS7_X0Y0             PS7                          0.000     0.000 r  design_2_i/processing_system7_0/inst/PS7_i/FCLKCLK[0]
                         net (fo=1, routed)           0.337     0.337    design_2_i/processing_system7_0/inst/FCLK_CLK_unbuffered[0]
    BUFGCTRL_X0Y16       BUFG (Prop_bufg_I_O)         0.029     0.366 r  design_2_i/processing_system7_0/inst/buffer_fclk_clk_0.FCLK_CLK_0_BUFG/O
                         net (fo=2094, routed)        0.847     1.213    design_2_i/top_onn_system_wrapp_0/inst/riya/onn_1/matcher_inst/clk
    SLICE_X67Y15         FDCE                                         r  design_2_i/top_onn_system_wrapp_0/inst/riya/onn_1/matcher_inst/index_reg_rep[1]/C
                         clock pessimism             -0.263     0.950    
    SLICE_X67Y15         FDCE (Remov_fdce_C_CLR)     -0.092     0.858    design_2_i/top_onn_system_wrapp_0/inst/riya/onn_1/matcher_inst/index_reg_rep[1]
  -------------------------------------------------------------------
                         required time                         -0.858    
                         arrival time                           2.309    
  -------------------------------------------------------------------
                         slack                                  1.451    

Slack (MET) :             1.451ns  (arrival time - required time)
  Source:                 design_2_i/axi_gpio_5/U0/gpio_core_1/Not_Dual.gpio_Data_Out_reg[0]/C
                            (rising edge-triggered cell FDRE clocked by clk_fpga_0  {rise@0.000ns fall@10.000ns period=20.000ns})
  Destination:            design_2_i/top_onn_system_wrapp_0/inst/riya/onn_1/matcher_inst/index_reg_rep[5]/CLR
                            (removal check against rising-edge clock clk_fpga_0  {rise@0.000ns fall@10.000ns period=20.000ns})
  Path Group:             **async_default**
  Path Type:              Removal (Min at Fast Process Corner)
  Requirement:            0.000ns  (clk_fpga_0 rise@0.000ns - clk_fpga_0 rise@0.000ns)
  Data Path Delay:        1.415ns  (logic 0.141ns (9.962%)  route 1.274ns (90.038%))
  Logic Levels:           0  
  Clock Path Skew:        0.056ns (DCD - SCD - CPR)
    Destination Clock Delay (DCD):    1.213ns
    Source Clock Delay      (SCD):    0.894ns
    Clock Pessimism Removal (CPR):    0.263ns

    Location             Delay type                Incr(ns)  Path(ns)    Netlist Resource(s)
  -------------------------------------------------------------------    -------------------
                         (clock clk_fpga_0 rise edge)
                                                      0.000     0.000 r  
    PS7_X0Y0             PS7                          0.000     0.000 r  design_2_i/processing_system7_0/inst/PS7_i/FCLKCLK[0]
                         net (fo=1, routed)           0.310     0.310    design_2_i/processing_system7_0/inst/FCLK_CLK_unbuffered[0]
    BUFGCTRL_X0Y16       BUFG (Prop_bufg_I_O)         0.026     0.336 r  design_2_i/processing_system7_0/inst/buffer_fclk_clk_0.FCLK_CLK_0_BUFG/O
                         net (fo=2094, routed)        0.558     0.894    design_2_i/axi_gpio_5/U0/gpio_core_1/s_axi_aclk
    SLICE_X51Y6          FDRE                                         r  design_2_i/axi_gpio_5/U0/gpio_core_1/Not_Dual.gpio_Data_Out_reg[0]/C
  -------------------------------------------------------------------    -------------------
    SLICE_X51Y6          FDRE (Prop_fdre_C_Q)         0.141     1.035 f  design_2_i/axi_gpio_5/U0/gpio_core_1/Not_Dual.gpio_Data_Out_reg[0]/Q
                         net (fo=1637, routed)        1.274     2.309    design_2_i/top_onn_system_wrapp_0/inst/riya/onn_1/matcher_inst/reset
    SLICE_X67Y15         FDCE                                         f  design_2_i/top_onn_system_wrapp_0/inst/riya/onn_1/matcher_inst/index_reg_rep[5]/CLR
  -------------------------------------------------------------------    -------------------

                         (clock clk_fpga_0 rise edge)
                                                      0.000     0.000 r  
    PS7_X0Y0             PS7                          0.000     0.000 r  design_2_i/processing_system7_0/inst/PS7_i/FCLKCLK[0]
                         net (fo=1, routed)           0.337     0.337    design_2_i/processing_system7_0/inst/FCLK_CLK_unbuffered[0]
    BUFGCTRL_X0Y16       BUFG (Prop_bufg_I_O)         0.029     0.366 r  design_2_i/processing_system7_0/inst/buffer_fclk_clk_0.FCLK_CLK_0_BUFG/O
                         net (fo=2094, routed)        0.847     1.213    design_2_i/top_onn_system_wrapp_0/inst/riya/onn_1/matcher_inst/clk
    SLICE_X67Y15         FDCE                                         r  design_2_i/top_onn_system_wrapp_0/inst/riya/onn_1/matcher_inst/index_reg_rep[5]/C
                         clock pessimism             -0.263     0.950    
    SLICE_X67Y15         FDCE (Remov_fdce_C_CLR)     -0.092     0.858    design_2_i/top_onn_system_wrapp_0/inst/riya/onn_1/matcher_inst/index_reg_rep[5]
  -------------------------------------------------------------------
                         required time                         -0.858    
                         arrival time                           2.309    
  -------------------------------------------------------------------
                         slack                                  1.451    

Slack (MET) :             1.489ns  (arrival time - required time)
  Source:                 design_2_i/axi_gpio_5/U0/gpio_core_1/Not_Dual.gpio_Data_Out_reg[0]/C
                            (rising edge-triggered cell FDRE clocked by clk_fpga_0  {rise@0.000ns fall@10.000ns period=20.000ns})
  Destination:            design_2_i/top_onn_system_wrapp_0/inst/riya/onn_1/matcher_inst/best_match_reg[30]/CLR
                            (removal check against rising-edge clock clk_fpga_0  {rise@0.000ns fall@10.000ns period=20.000ns})
  Path Group:             **async_default**
  Path Type:              Removal (Min at Fast Process Corner)
  Requirement:            0.000ns  (clk_fpga_0 rise@0.000ns - clk_fpga_0 rise@0.000ns)
  Data Path Delay:        1.505ns  (logic 0.141ns (9.370%)  route 1.364ns (90.630%))
  Logic Levels:           0  
  Clock Path Skew:        0.083ns (DCD - SCD - CPR)
    Destination Clock Delay (DCD):    1.240ns
    Source Clock Delay      (SCD):    0.894ns
    Clock Pessimism Removal (CPR):    0.263ns

    Location             Delay type                Incr(ns)  Path(ns)    Netlist Resource(s)
  -------------------------------------------------------------------    -------------------
                         (clock clk_fpga_0 rise edge)
                                                      0.000     0.000 r  
    PS7_X0Y0             PS7                          0.000     0.000 r  design_2_i/processing_system7_0/inst/PS7_i/FCLKCLK[0]
                         net (fo=1, routed)           0.310     0.310    design_2_i/processing_system7_0/inst/FCLK_CLK_unbuffered[0]
    BUFGCTRL_X0Y16       BUFG (Prop_bufg_I_O)         0.026     0.336 r  design_2_i/processing_system7_0/inst/buffer_fclk_clk_0.FCLK_CLK_0_BUFG/O
                         net (fo=2094, routed)        0.558     0.894    design_2_i/axi_gpio_5/U0/gpio_core_1/s_axi_aclk
    SLICE_X51Y6          FDRE                                         r  design_2_i/axi_gpio_5/U0/gpio_core_1/Not_Dual.gpio_Data_Out_reg[0]/C
  -------------------------------------------------------------------    -------------------
    SLICE_X51Y6          FDRE (Prop_fdre_C_Q)         0.141     1.035 f  design_2_i/axi_gpio_5/U0/gpio_core_1/Not_Dual.gpio_Data_Out_reg[0]/Q
                         net (fo=1637, routed)        1.364     2.398    design_2_i/top_onn_system_wrapp_0/inst/riya/onn_1/matcher_inst/reset
    SLICE_X90Y33         FDCE                                         f  design_2_i/top_onn_system_wrapp_0/inst/riya/onn_1/matcher_inst/best_match_reg[30]/CLR
  -------------------------------------------------------------------    -------------------

                         (clock clk_fpga_0 rise edge)
                                                      0.000     0.000 r  
    PS7_X0Y0             PS7                          0.000     0.000 r  design_2_i/processing_system7_0/inst/PS7_i/FCLKCLK[0]
                         net (fo=1, routed)           0.337     0.337    design_2_i/processing_system7_0/inst/FCLK_CLK_unbuffered[0]
    BUFGCTRL_X0Y16       BUFG (Prop_bufg_I_O)         0.029     0.366 r  design_2_i/processing_system7_0/inst/buffer_fclk_clk_0.FCLK_CLK_0_BUFG/O
                         net (fo=2094, routed)        0.874     1.240    design_2_i/top_onn_system_wrapp_0/inst/riya/onn_1/matcher_inst/clk
    SLICE_X90Y33         FDCE                                         r  design_2_i/top_onn_system_wrapp_0/inst/riya/onn_1/matcher_inst/best_match_reg[30]/C
                         clock pessimism             -0.263     0.977    
    SLICE_X90Y33         FDCE (Remov_fdce_C_CLR)     -0.067     0.910    design_2_i/top_onn_system_wrapp_0/inst/riya/onn_1/matcher_inst/best_match_reg[30]
  -------------------------------------------------------------------
                         required time                         -0.910    
                         arrival time                           2.398    
  -------------------------------------------------------------------
                         slack                                  1.489    

Slack (MET) :             1.498ns  (arrival time - required time)
  Source:                 design_2_i/axi_gpio_5/U0/gpio_core_1/Not_Dual.gpio_Data_Out_reg[0]/C
                            (rising edge-triggered cell FDRE clocked by clk_fpga_0  {rise@0.000ns fall@10.000ns period=20.000ns})
  Destination:            design_2_i/top_onn_system_wrapp_0/inst/riya/onn_1/matcher_inst/best_match_reg[17]/CLR
                            (removal check against rising-edge clock clk_fpga_0  {rise@0.000ns fall@10.000ns period=20.000ns})
  Path Group:             **async_default**
  Path Type:              Removal (Min at Fast Process Corner)
  Requirement:            0.000ns  (clk_fpga_0 rise@0.000ns - clk_fpga_0 rise@0.000ns)
  Data Path Delay:        1.507ns  (logic 0.141ns (9.357%)  route 1.366ns (90.643%))
  Logic Levels:           0  
  Clock Path Skew:        0.076ns (DCD - SCD - CPR)
    Destination Clock Delay (DCD):    1.233ns
    Source Clock Delay      (SCD):    0.894ns
    Clock Pessimism Removal (CPR):    0.263ns

    Location             Delay type                Incr(ns)  Path(ns)    Netlist Resource(s)
  -------------------------------------------------------------------    -------------------
                         (clock clk_fpga_0 rise edge)
                                                      0.000     0.000 r  
    PS7_X0Y0             PS7                          0.000     0.000 r  design_2_i/processing_system7_0/inst/PS7_i/FCLKCLK[0]
                         net (fo=1, routed)           0.310     0.310    design_2_i/processing_system7_0/inst/FCLK_CLK_unbuffered[0]
    BUFGCTRL_X0Y16       BUFG (Prop_bufg_I_O)         0.026     0.336 r  design_2_i/processing_system7_0/inst/buffer_fclk_clk_0.FCLK_CLK_0_BUFG/O
                         net (fo=2094, routed)        0.558     0.894    design_2_i/axi_gpio_5/U0/gpio_core_1/s_axi_aclk
    SLICE_X51Y6          FDRE                                         r  design_2_i/axi_gpio_5/U0/gpio_core_1/Not_Dual.gpio_Data_Out_reg[0]/C
  -------------------------------------------------------------------    -------------------
    SLICE_X51Y6          FDRE (Prop_fdre_C_Q)         0.141     1.035 f  design_2_i/axi_gpio_5/U0/gpio_core_1/Not_Dual.gpio_Data_Out_reg[0]/Q
                         net (fo=1637, routed)        1.366     2.400    design_2_i/top_onn_system_wrapp_0/inst/riya/onn_1/matcher_inst/reset
    SLICE_X96Y25         FDCE                                         f  design_2_i/top_onn_system_wrapp_0/inst/riya/onn_1/matcher_inst/best_match_reg[17]/CLR
  -------------------------------------------------------------------    -------------------

                         (clock clk_fpga_0 rise edge)
                                                      0.000     0.000 r  
    PS7_X0Y0             PS7                          0.000     0.000 r  design_2_i/processing_system7_0/inst/PS7_i/FCLKCLK[0]
                         net (fo=1, routed)           0.337     0.337    design_2_i/processing_system7_0/inst/FCLK_CLK_unbuffered[0]
    BUFGCTRL_X0Y16       BUFG (Prop_bufg_I_O)         0.029     0.366 r  design_2_i/processing_system7_0/inst/buffer_fclk_clk_0.FCLK_CLK_0_BUFG/O
                         net (fo=2094, routed)        0.867     1.233    design_2_i/top_onn_system_wrapp_0/inst/riya/onn_1/matcher_inst/clk
    SLICE_X96Y25         FDCE                                         r  design_2_i/top_onn_system_wrapp_0/inst/riya/onn_1/matcher_inst/best_match_reg[17]/C
                         clock pessimism             -0.263     0.970    
    SLICE_X96Y25         FDCE (Remov_fdce_C_CLR)     -0.067     0.903    design_2_i/top_onn_system_wrapp_0/inst/riya/onn_1/matcher_inst/best_match_reg[17]
  -------------------------------------------------------------------
                         required time                         -0.903    
                         arrival time                           2.400    
  -------------------------------------------------------------------
                         slack                                  1.498    

Slack (MET) :             1.498ns  (arrival time - required time)
  Source:                 design_2_i/axi_gpio_5/U0/gpio_core_1/Not_Dual.gpio_Data_Out_reg[0]/C
                            (rising edge-triggered cell FDRE clocked by clk_fpga_0  {rise@0.000ns fall@10.000ns period=20.000ns})
  Destination:            design_2_i/top_onn_system_wrapp_0/inst/riya/onn_1/matcher_inst/best_match_reg[18]/CLR
                            (removal check against rising-edge clock clk_fpga_0  {rise@0.000ns fall@10.000ns period=20.000ns})
  Path Group:             **async_default**
  Path Type:              Removal (Min at Fast Process Corner)
  Requirement:            0.000ns  (clk_fpga_0 rise@0.000ns - clk_fpga_0 rise@0.000ns)
  Data Path Delay:        1.507ns  (logic 0.141ns (9.357%)  route 1.366ns (90.643%))
  Logic Levels:           0  
  Clock Path Skew:        0.076ns (DCD - SCD - CPR)
    Destination Clock Delay (DCD):    1.233ns
    Source Clock Delay      (SCD):    0.894ns
    Clock Pessimism Removal (CPR):    0.263ns

    Location             Delay type                Incr(ns)  Path(ns)    Netlist Resource(s)
  -------------------------------------------------------------------    -------------------
                         (clock clk_fpga_0 rise edge)
                                                      0.000     0.000 r  
    PS7_X0Y0             PS7                          0.000     0.000 r  design_2_i/processing_system7_0/inst/PS7_i/FCLKCLK[0]
                         net (fo=1, routed)           0.310     0.310    design_2_i/processing_system7_0/inst/FCLK_CLK_unbuffered[0]
    BUFGCTRL_X0Y16       BUFG (Prop_bufg_I_O)         0.026     0.336 r  design_2_i/processing_system7_0/inst/buffer_fclk_clk_0.FCLK_CLK_0_BUFG/O
                         net (fo=2094, routed)        0.558     0.894    design_2_i/axi_gpio_5/U0/gpio_core_1/s_axi_aclk
    SLICE_X51Y6          FDRE                                         r  design_2_i/axi_gpio_5/U0/gpio_core_1/Not_Dual.gpio_Data_Out_reg[0]/C
  -------------------------------------------------------------------    -------------------
    SLICE_X51Y6          FDRE (Prop_fdre_C_Q)         0.141     1.035 f  design_2_i/axi_gpio_5/U0/gpio_core_1/Not_Dual.gpio_Data_Out_reg[0]/Q
                         net (fo=1637, routed)        1.366     2.400    design_2_i/top_onn_system_wrapp_0/inst/riya/onn_1/matcher_inst/reset
    SLICE_X96Y25         FDCE                                         f  design_2_i/top_onn_system_wrapp_0/inst/riya/onn_1/matcher_inst/best_match_reg[18]/CLR
  -------------------------------------------------------------------    -------------------

                         (clock clk_fpga_0 rise edge)
                                                      0.000     0.000 r  
    PS7_X0Y0             PS7                          0.000     0.000 r  design_2_i/processing_system7_0/inst/PS7_i/FCLKCLK[0]
                         net (fo=1, routed)           0.337     0.337    design_2_i/processing_system7_0/inst/FCLK_CLK_unbuffered[0]
    BUFGCTRL_X0Y16       BUFG (Prop_bufg_I_O)         0.029     0.366 r  design_2_i/processing_system7_0/inst/buffer_fclk_clk_0.FCLK_CLK_0_BUFG/O
                         net (fo=2094, routed)        0.867     1.233    design_2_i/top_onn_system_wrapp_0/inst/riya/onn_1/matcher_inst/clk
    SLICE_X96Y25         FDCE                                         r  design_2_i/top_onn_system_wrapp_0/inst/riya/onn_1/matcher_inst/best_match_reg[18]/C
                         clock pessimism             -0.263     0.970    
    SLICE_X96Y25         FDCE (Remov_fdce_C_CLR)     -0.067     0.903    design_2_i/top_onn_system_wrapp_0/inst/riya/onn_1/matcher_inst/best_match_reg[18]
  -------------------------------------------------------------------
                         required time                         -0.903    
                         arrival time                           2.400    
  -------------------------------------------------------------------
                         slack                                  1.498    

Slack (MET) :             1.523ns  (arrival time - required time)
  Source:                 design_2_i/axi_gpio_5/U0/gpio_core_1/Not_Dual.gpio_Data_Out_reg[0]/C
                            (rising edge-triggered cell FDRE clocked by clk_fpga_0  {rise@0.000ns fall@10.000ns period=20.000ns})
  Destination:            design_2_i/top_onn_system_wrapp_0/inst/riya/onn_1/matcher_inst/best_match_reg[23]/CLR
                            (removal check against rising-edge clock clk_fpga_0  {rise@0.000ns fall@10.000ns period=20.000ns})
  Path Group:             **async_default**
  Path Type:              Removal (Min at Fast Process Corner)
  Requirement:            0.000ns  (clk_fpga_0 rise@0.000ns - clk_fpga_0 rise@0.000ns)
  Data Path Delay:        1.507ns  (logic 0.141ns (9.357%)  route 1.366ns (90.643%))
  Logic Levels:           0  
  Clock Path Skew:        0.076ns (DCD - SCD - CPR)
    Destination Clock Delay (DCD):    1.233ns
    Source Clock Delay      (SCD):    0.894ns
    Clock Pessimism Removal (CPR):    0.263ns

    Location             Delay type                Incr(ns)  Path(ns)    Netlist Resource(s)
  -------------------------------------------------------------------    -------------------
                         (clock clk_fpga_0 rise edge)
                                                      0.000     0.000 r  
    PS7_X0Y0             PS7                          0.000     0.000 r  design_2_i/processing_system7_0/inst/PS7_i/FCLKCLK[0]
                         net (fo=1, routed)           0.310     0.310    design_2_i/processing_system7_0/inst/FCLK_CLK_unbuffered[0]
    BUFGCTRL_X0Y16       BUFG (Prop_bufg_I_O)         0.026     0.336 r  design_2_i/processing_system7_0/inst/buffer_fclk_clk_0.FCLK_CLK_0_BUFG/O
                         net (fo=2094, routed)        0.558     0.894    design_2_i/axi_gpio_5/U0/gpio_core_1/s_axi_aclk
    SLICE_X51Y6          FDRE                                         r  design_2_i/axi_gpio_5/U0/gpio_core_1/Not_Dual.gpio_Data_Out_reg[0]/C
  -------------------------------------------------------------------    -------------------
    SLICE_X51Y6          FDRE (Prop_fdre_C_Q)         0.141     1.035 f  design_2_i/axi_gpio_5/U0/gpio_core_1/Not_Dual.gpio_Data_Out_reg[0]/Q
                         net (fo=1637, routed)        1.366     2.400    design_2_i/top_onn_system_wrapp_0/inst/riya/onn_1/matcher_inst/reset
    SLICE_X97Y25         FDCE                                         f  design_2_i/top_onn_system_wrapp_0/inst/riya/onn_1/matcher_inst/best_match_reg[23]/CLR
  -------------------------------------------------------------------    -------------------

                         (clock clk_fpga_0 rise edge)
                                                      0.000     0.000 r  
    PS7_X0Y0             PS7                          0.000     0.000 r  design_2_i/processing_system7_0/inst/PS7_i/FCLKCLK[0]
                         net (fo=1, routed)           0.337     0.337    design_2_i/processing_system7_0/inst/FCLK_CLK_unbuffered[0]
    BUFGCTRL_X0Y16       BUFG (Prop_bufg_I_O)         0.029     0.366 r  design_2_i/processing_system7_0/inst/buffer_fclk_clk_0.FCLK_CLK_0_BUFG/O
                         net (fo=2094, routed)        0.867     1.233    design_2_i/top_onn_system_wrapp_0/inst/riya/onn_1/matcher_inst/clk
    SLICE_X97Y25         FDCE                                         r  design_2_i/top_onn_system_wrapp_0/inst/riya/onn_1/matcher_inst/best_match_reg[23]/C
                         clock pessimism             -0.263     0.970    
    SLICE_X97Y25         FDCE (Remov_fdce_C_CLR)     -0.092     0.878    design_2_i/top_onn_system_wrapp_0/inst/riya/onn_1/matcher_inst/best_match_reg[23]
  -------------------------------------------------------------------
                         required time                         -0.877    
                         arrival time                           2.400    
  -------------------------------------------------------------------
                         slack                                  1.523    

Slack (MET) :             1.587ns  (arrival time - required time)
  Source:                 design_2_i/axi_gpio_5/U0/gpio_core_1/Not_Dual.gpio_Data_Out_reg[0]/C
                            (rising edge-triggered cell FDRE clocked by clk_fpga_0  {rise@0.000ns fall@10.000ns period=20.000ns})
  Destination:            design_2_i/top_onn_system_wrapp_0/inst/riya/onn_1/matcher_inst/best_pattern_temp_reg[16]/CLR
                            (removal check against rising-edge clock clk_fpga_0  {rise@0.000ns fall@10.000ns period=20.000ns})
  Path Group:             **async_default**
  Path Type:              Removal (Min at Fast Process Corner)
  Requirement:            0.000ns  (clk_fpga_0 rise@0.000ns - clk_fpga_0 rise@0.000ns)
  Data Path Delay:        1.571ns  (logic 0.141ns (8.976%)  route 1.430ns (91.024%))
  Logic Levels:           0  
  Clock Path Skew:        0.076ns (DCD - SCD - CPR)
    Destination Clock Delay (DCD):    1.233ns
    Source Clock Delay      (SCD):    0.894ns
    Clock Pessimism Removal (CPR):    0.263ns

    Location             Delay type                Incr(ns)  Path(ns)    Netlist Resource(s)
  -------------------------------------------------------------------    -------------------
                         (clock clk_fpga_0 rise edge)
                                                      0.000     0.000 r  
    PS7_X0Y0             PS7                          0.000     0.000 r  design_2_i/processing_system7_0/inst/PS7_i/FCLKCLK[0]
                         net (fo=1, routed)           0.310     0.310    design_2_i/processing_system7_0/inst/FCLK_CLK_unbuffered[0]
    BUFGCTRL_X0Y16       BUFG (Prop_bufg_I_O)         0.026     0.336 r  design_2_i/processing_system7_0/inst/buffer_fclk_clk_0.FCLK_CLK_0_BUFG/O
                         net (fo=2094, routed)        0.558     0.894    design_2_i/axi_gpio_5/U0/gpio_core_1/s_axi_aclk
    SLICE_X51Y6          FDRE                                         r  design_2_i/axi_gpio_5/U0/gpio_core_1/Not_Dual.gpio_Data_Out_reg[0]/C
  -------------------------------------------------------------------    -------------------
    SLICE_X51Y6          FDRE (Prop_fdre_C_Q)         0.141     1.035 f  design_2_i/axi_gpio_5/U0/gpio_core_1/Not_Dual.gpio_Data_Out_reg[0]/Q
                         net (fo=1637, routed)        1.430     2.464    design_2_i/top_onn_system_wrapp_0/inst/riya/onn_1/matcher_inst/reset
    SLICE_X97Y24         FDCE                                         f  design_2_i/top_onn_system_wrapp_0/inst/riya/onn_1/matcher_inst/best_pattern_temp_reg[16]/CLR
  -------------------------------------------------------------------    -------------------

                         (clock clk_fpga_0 rise edge)
                                                      0.000     0.000 r  
    PS7_X0Y0             PS7                          0.000     0.000 r  design_2_i/processing_system7_0/inst/PS7_i/FCLKCLK[0]
                         net (fo=1, routed)           0.337     0.337    design_2_i/processing_system7_0/inst/FCLK_CLK_unbuffered[0]
    BUFGCTRL_X0Y16       BUFG (Prop_bufg_I_O)         0.029     0.366 r  design_2_i/processing_system7_0/inst/buffer_fclk_clk_0.FCLK_CLK_0_BUFG/O
                         net (fo=2094, routed)        0.867     1.233    design_2_i/top_onn_system_wrapp_0/inst/riya/onn_1/matcher_inst/clk
    SLICE_X97Y24         FDCE                                         r  design_2_i/top_onn_system_wrapp_0/inst/riya/onn_1/matcher_inst/best_pattern_temp_reg[16]/C
                         clock pessimism             -0.263     0.970    
    SLICE_X97Y24         FDCE (Remov_fdce_C_CLR)     -0.092     0.878    design_2_i/top_onn_system_wrapp_0/inst/riya/onn_1/matcher_inst/best_pattern_temp_reg[16]
  -------------------------------------------------------------------
                         required time                         -0.877    
                         arrival time                           2.464    
  -------------------------------------------------------------------
                         slack                                  1.587    

Slack (MET) :             1.587ns  (arrival time - required time)
  Source:                 design_2_i/axi_gpio_5/U0/gpio_core_1/Not_Dual.gpio_Data_Out_reg[0]/C
                            (rising edge-triggered cell FDRE clocked by clk_fpga_0  {rise@0.000ns fall@10.000ns period=20.000ns})
  Destination:            design_2_i/top_onn_system_wrapp_0/inst/riya/onn_1/matcher_inst/best_pattern_temp_reg[23]/CLR
                            (removal check against rising-edge clock clk_fpga_0  {rise@0.000ns fall@10.000ns period=20.000ns})
  Path Group:             **async_default**
  Path Type:              Removal (Min at Fast Process Corner)
  Requirement:            0.000ns  (clk_fpga_0 rise@0.000ns - clk_fpga_0 rise@0.000ns)
  Data Path Delay:        1.571ns  (logic 0.141ns (8.976%)  route 1.430ns (91.024%))
  Logic Levels:           0  
  Clock Path Skew:        0.076ns (DCD - SCD - CPR)
    Destination Clock Delay (DCD):    1.233ns
    Source Clock Delay      (SCD):    0.894ns
    Clock Pessimism Removal (CPR):    0.263ns

    Location             Delay type                Incr(ns)  Path(ns)    Netlist Resource(s)
  -------------------------------------------------------------------    -------------------
                         (clock clk_fpga_0 rise edge)
                                                      0.000     0.000 r  
    PS7_X0Y0             PS7                          0.000     0.000 r  design_2_i/processing_system7_0/inst/PS7_i/FCLKCLK[0]
                         net (fo=1, routed)           0.310     0.310    design_2_i/processing_system7_0/inst/FCLK_CLK_unbuffered[0]
    BUFGCTRL_X0Y16       BUFG (Prop_bufg_I_O)         0.026     0.336 r  design_2_i/processing_system7_0/inst/buffer_fclk_clk_0.FCLK_CLK_0_BUFG/O
                         net (fo=2094, routed)        0.558     0.894    design_2_i/axi_gpio_5/U0/gpio_core_1/s_axi_aclk
    SLICE_X51Y6          FDRE                                         r  design_2_i/axi_gpio_5/U0/gpio_core_1/Not_Dual.gpio_Data_Out_reg[0]/C
  -------------------------------------------------------------------    -------------------
    SLICE_X51Y6          FDRE (Prop_fdre_C_Q)         0.141     1.035 f  design_2_i/axi_gpio_5/U0/gpio_core_1/Not_Dual.gpio_Data_Out_reg[0]/Q
                         net (fo=1637, routed)        1.430     2.464    design_2_i/top_onn_system_wrapp_0/inst/riya/onn_1/matcher_inst/reset
    SLICE_X97Y24         FDCE                                         f  design_2_i/top_onn_system_wrapp_0/inst/riya/onn_1/matcher_inst/best_pattern_temp_reg[23]/CLR
  -------------------------------------------------------------------    -------------------

                         (clock clk_fpga_0 rise edge)
                                                      0.000     0.000 r  
    PS7_X0Y0             PS7                          0.000     0.000 r  design_2_i/processing_system7_0/inst/PS7_i/FCLKCLK[0]
                         net (fo=1, routed)           0.337     0.337    design_2_i/processing_system7_0/inst/FCLK_CLK_unbuffered[0]
    BUFGCTRL_X0Y16       BUFG (Prop_bufg_I_O)         0.029     0.366 r  design_2_i/processing_system7_0/inst/buffer_fclk_clk_0.FCLK_CLK_0_BUFG/O
                         net (fo=2094, routed)        0.867     1.233    design_2_i/top_onn_system_wrapp_0/inst/riya/onn_1/matcher_inst/clk
    SLICE_X97Y24         FDCE                                         r  design_2_i/top_onn_system_wrapp_0/inst/riya/onn_1/matcher_inst/best_pattern_temp_reg[23]/C
                         clock pessimism             -0.263     0.970    
    SLICE_X97Y24         FDCE (Remov_fdce_C_CLR)     -0.092     0.878    design_2_i/top_onn_system_wrapp_0/inst/riya/onn_1/matcher_inst/best_pattern_temp_reg[23]
  -------------------------------------------------------------------
                         required time                         -0.877    
                         arrival time                           2.464    
  -------------------------------------------------------------------
                         slack                                  1.587    





--------------------------------------------------------------------------------------
Path Group:  (none)
From Clock:  
  To Clock:  clk_fpga_0

Max Delay             1 Endpoint
Min Delay             1 Endpoint
--------------------------------------------------------------------------------------


Max Delay Paths
--------------------------------------------------------------------------------------
Slack:                    inf
  Source:                 design_2_i/processing_system7_0/inst/PS7_i/FCLKRESETN[0]
                            (internal pin)
  Destination:            design_2_i/rst_ps7_0_50M/U0/EXT_LPF/ACTIVE_LOW_EXT.ACT_LO_EXT/syncstages_ff_reg[0]/D
                            (rising edge-triggered cell FDRE clocked by clk_fpga_0  {rise@0.000ns fall@10.000ns period=20.000ns})
  Path Group:             (none)
  Path Type:              Setup (Max at Slow Process Corner)
  Data Path Delay:        4.495ns  (logic 0.124ns (2.759%)  route 4.371ns (97.241%))
  Logic Levels:           1  (LUT1=1)
  Clock Uncertainty:      0.301ns  ((TSJ^2 + TIJ^2)^1/2 + DJ) / 2 + PE
    Total System Jitter     (TSJ):    0.050ns
    Total Input Jitter      (TIJ):    0.600ns
    Discrete Jitter          (DJ):    0.000ns
    Phase Error              (PE):    0.000ns
  Timing Exception:       False Path

    Location             Delay type                Incr(ns)  Path(ns)    Netlist Resource(s)
  -------------------------------------------------------------------    -------------------
    PS7_X0Y0             PS7                          0.000     0.000 f  design_2_i/processing_system7_0/inst/PS7_i/FCLKRESETN[0]
                         net (fo=1, routed)           4.065     4.065    design_2_i/rst_ps7_0_50M/U0/EXT_LPF/ext_reset_in
    SLICE_X18Y15         LUT1 (Prop_lut1_I0_O)        0.124     4.189 r  design_2_i/rst_ps7_0_50M/U0/EXT_LPF/ACTIVE_LOW_EXT.ACT_LO_EXT_i_1/O
                         net (fo=1, routed)           0.306     4.495    design_2_i/rst_ps7_0_50M/U0/EXT_LPF/ACTIVE_LOW_EXT.ACT_LO_EXT/src_in
    SLICE_X15Y15         FDRE                                         r  design_2_i/rst_ps7_0_50M/U0/EXT_LPF/ACTIVE_LOW_EXT.ACT_LO_EXT/syncstages_ff_reg[0]/D
  -------------------------------------------------------------------    -------------------

                         (clock clk_fpga_0 rise edge)
                                                      0.000     0.000 r  
    PS7_X0Y0             PS7                          0.000     0.000 r  design_2_i/processing_system7_0/inst/PS7_i/FCLKCLK[0]
                         net (fo=1, routed)           1.088     1.088    design_2_i/processing_system7_0/inst/FCLK_CLK_unbuffered[0]
    BUFGCTRL_X0Y16       BUFG (Prop_bufg_I_O)         0.091     1.179 r  design_2_i/processing_system7_0/inst/buffer_fclk_clk_0.FCLK_CLK_0_BUFG/O
                         net (fo=2094, routed)        1.574     2.753    design_2_i/rst_ps7_0_50M/U0/EXT_LPF/ACTIVE_LOW_EXT.ACT_LO_EXT/dest_clk
    SLICE_X15Y15         FDRE                                         r  design_2_i/rst_ps7_0_50M/U0/EXT_LPF/ACTIVE_LOW_EXT.ACT_LO_EXT/syncstages_ff_reg[0]/C





Min Delay Paths
--------------------------------------------------------------------------------------
Slack:                    inf
  Source:                 design_2_i/processing_system7_0/inst/PS7_i/FCLKRESETN[0]
                            (internal pin)
  Destination:            design_2_i/rst_ps7_0_50M/U0/EXT_LPF/ACTIVE_LOW_EXT.ACT_LO_EXT/syncstages_ff_reg[0]/D
                            (rising edge-triggered cell FDRE clocked by clk_fpga_0  {rise@0.000ns fall@10.000ns period=20.000ns})
  Path Group:             (none)
  Path Type:              Hold (Min at Fast Process Corner)
  Data Path Delay:        1.874ns  (logic 0.045ns (2.402%)  route 1.829ns (97.598%))
  Logic Levels:           1  (LUT1=1)
  Clock Uncertainty:      0.301ns  ((TSJ^2 + TIJ^2)^1/2 + DJ) / 2 + PE
    Total System Jitter     (TSJ):    0.050ns
    Total Input Jitter      (TIJ):    0.600ns
    Discrete Jitter          (DJ):    0.000ns
    Phase Error              (PE):    0.000ns
  Timing Exception:       False Path

    Location             Delay type                Incr(ns)  Path(ns)    Netlist Resource(s)
  -------------------------------------------------------------------    -------------------
    PS7_X0Y0             PS7                          0.000     0.000 f  design_2_i/processing_system7_0/inst/PS7_i/FCLKRESETN[0]
                         net (fo=1, routed)           1.716     1.716    design_2_i/rst_ps7_0_50M/U0/EXT_LPF/ext_reset_in
    SLICE_X18Y15         LUT1 (Prop_lut1_I0_O)        0.045     1.761 r  design_2_i/rst_ps7_0_50M/U0/EXT_LPF/ACTIVE_LOW_EXT.ACT_LO_EXT_i_1/O
                         net (fo=1, routed)           0.113     1.874    design_2_i/rst_ps7_0_50M/U0/EXT_LPF/ACTIVE_LOW_EXT.ACT_LO_EXT/src_in
    SLICE_X15Y15         FDRE                                         r  design_2_i/rst_ps7_0_50M/U0/EXT_LPF/ACTIVE_LOW_EXT.ACT_LO_EXT/syncstages_ff_reg[0]/D
  -------------------------------------------------------------------    -------------------

                         (clock clk_fpga_0 rise edge)
                                                      0.000     0.000 r  
    PS7_X0Y0             PS7                          0.000     0.000 r  design_2_i/processing_system7_0/inst/PS7_i/FCLKCLK[0]
                         net (fo=1, routed)           0.337     0.337    design_2_i/processing_system7_0/inst/FCLK_CLK_unbuffered[0]
    BUFGCTRL_X0Y16       BUFG (Prop_bufg_I_O)         0.029     0.366 r  design_2_i/processing_system7_0/inst/buffer_fclk_clk_0.FCLK_CLK_0_BUFG/O
                         net (fo=2094, routed)        0.859     1.225    design_2_i/rst_ps7_0_50M/U0/EXT_LPF/ACTIVE_LOW_EXT.ACT_LO_EXT/dest_clk
    SLICE_X15Y15         FDRE                                         r  design_2_i/rst_ps7_0_50M/U0/EXT_LPF/ACTIVE_LOW_EXT.ACT_LO_EXT/syncstages_ff_reg[0]/C





--------------------------------------------------------------------------------------
Path Group:  (none)
From Clock:  clk_fpga_0
  To Clock:  clk_fpga_0

Max Delay           166 Endpoints
Min Delay           166 Endpoints
--------------------------------------------------------------------------------------


Max Delay Paths
--------------------------------------------------------------------------------------
Slack:                    inf
  Source:                 design_2_i/axi_smc/inst/clk_map/psr_aclk/U0/ACTIVE_LOW_BSR_OUT_DFF[0].FDRE_BSR_N/C
                            (rising edge-triggered cell FDRE clocked by clk_fpga_0  {rise@0.000ns fall@10.000ns period=20.000ns})
  Destination:            <hidden>
                            (recovery check against rising-edge clock clk_fpga_0  {rise@0.000ns fall@10.000ns period=20.000ns})
  Path Group:             (none)
  Path Type:              Recovery (Max at Slow Process Corner)
  Data Path Delay:        8.245ns  (logic 0.580ns (7.034%)  route 7.665ns (92.966%))
  Logic Levels:           1  (LUT1=1)
  Clock Path Skew:        -0.267ns (DCD - SCD + CPR)
    Destination Clock Delay (DCD):    2.752ns
    Source Clock Delay      (SCD):    3.019ns
    Clock Pessimism Removal (CPR):    0.000ns
  Clock Uncertainty:      0.302ns  ((TSJ^2 + TIJ^2)^1/2 + DJ) / 2 + PE
    Total System Jitter     (TSJ):    0.071ns
    Total Input Jitter      (TIJ):    0.600ns
    Discrete Jitter          (DJ):    0.000ns
    Phase Error              (PE):    0.000ns
  Timing Exception:       False Path

    Location             Delay type                Incr(ns)  Path(ns)    Netlist Resource(s)
  -------------------------------------------------------------------    -------------------
                         (clock clk_fpga_0 rise edge)
                                                      0.000     0.000 r  
    PS7_X0Y0             PS7                          0.000     0.000 r  design_2_i/processing_system7_0/inst/PS7_i/FCLKCLK[0]
                         net (fo=1, routed)           1.193     1.193    design_2_i/processing_system7_0/inst/FCLK_CLK_unbuffered[0]
    BUFGCTRL_X0Y16       BUFG (Prop_bufg_I_O)         0.101     1.294 r  design_2_i/processing_system7_0/inst/buffer_fclk_clk_0.FCLK_CLK_0_BUFG/O
                         net (fo=2094, routed)        1.725     3.019    design_2_i/axi_smc/inst/clk_map/psr_aclk/U0/aclk
    SLICE_X73Y32         FDRE                                         r  design_2_i/axi_smc/inst/clk_map/psr_aclk/U0/ACTIVE_LOW_BSR_OUT_DFF[0].FDRE_BSR_N/C
  -------------------------------------------------------------------    -------------------
    SLICE_X73Y32         FDRE (Prop_fdre_C_Q)         0.456     3.475 r  design_2_i/axi_smc/inst/clk_map/psr_aclk/U0/ACTIVE_LOW_BSR_OUT_DFF[0].FDRE_BSR_N/Q
                         net (fo=55, routed)          7.043    10.518    <hidden>
    SLICE_X19Y16         LUT1 (Prop_lut1_I0_O)        0.124    10.642 f  <hidden>
                         net (fo=3, routed)           0.622    11.264    <hidden>
    SLICE_X19Y16         FDCE                                         f  <hidden>
  -------------------------------------------------------------------    -------------------

                         (clock clk_fpga_0 rise edge)
                                                      0.000     0.000 r  
    PS7_X0Y0             PS7                          0.000     0.000 r  design_2_i/processing_system7_0/inst/PS7_i/FCLKCLK[0]
                         net (fo=1, routed)           1.088     1.088    design_2_i/processing_system7_0/inst/FCLK_CLK_unbuffered[0]
    BUFGCTRL_X0Y16       BUFG (Prop_bufg_I_O)         0.091     1.179 r  design_2_i/processing_system7_0/inst/buffer_fclk_clk_0.FCLK_CLK_0_BUFG/O
                         net (fo=2094, routed)        1.573     2.752    <hidden>
    SLICE_X19Y16         FDCE                                         r  <hidden>

Slack:                    inf
  Source:                 design_2_i/axi_smc/inst/clk_map/psr_aclk/U0/ACTIVE_LOW_BSR_OUT_DFF[0].FDRE_BSR_N/C
                            (rising edge-triggered cell FDRE clocked by clk_fpga_0  {rise@0.000ns fall@10.000ns period=20.000ns})
  Destination:            <hidden>
                            (recovery check against rising-edge clock clk_fpga_0  {rise@0.000ns fall@10.000ns period=20.000ns})
  Path Group:             (none)
  Path Type:              Recovery (Max at Slow Process Corner)
  Data Path Delay:        8.245ns  (logic 0.580ns (7.034%)  route 7.665ns (92.966%))
  Logic Levels:           1  (LUT1=1)
  Clock Path Skew:        -0.267ns (DCD - SCD + CPR)
    Destination Clock Delay (DCD):    2.752ns
    Source Clock Delay      (SCD):    3.019ns
    Clock Pessimism Removal (CPR):    0.000ns
  Clock Uncertainty:      0.302ns  ((TSJ^2 + TIJ^2)^1/2 + DJ) / 2 + PE
    Total System Jitter     (TSJ):    0.071ns
    Total Input Jitter      (TIJ):    0.600ns
    Discrete Jitter          (DJ):    0.000ns
    Phase Error              (PE):    0.000ns
  Timing Exception:       False Path

    Location             Delay type                Incr(ns)  Path(ns)    Netlist Resource(s)
  -------------------------------------------------------------------    -------------------
                         (clock clk_fpga_0 rise edge)
                                                      0.000     0.000 r  
    PS7_X0Y0             PS7                          0.000     0.000 r  design_2_i/processing_system7_0/inst/PS7_i/FCLKCLK[0]
                         net (fo=1, routed)           1.193     1.193    design_2_i/processing_system7_0/inst/FCLK_CLK_unbuffered[0]
    BUFGCTRL_X0Y16       BUFG (Prop_bufg_I_O)         0.101     1.294 r  design_2_i/processing_system7_0/inst/buffer_fclk_clk_0.FCLK_CLK_0_BUFG/O
                         net (fo=2094, routed)        1.725     3.019    design_2_i/axi_smc/inst/clk_map/psr_aclk/U0/aclk
    SLICE_X73Y32         FDRE                                         r  design_2_i/axi_smc/inst/clk_map/psr_aclk/U0/ACTIVE_LOW_BSR_OUT_DFF[0].FDRE_BSR_N/C
  -------------------------------------------------------------------    -------------------
    SLICE_X73Y32         FDRE (Prop_fdre_C_Q)         0.456     3.475 r  design_2_i/axi_smc/inst/clk_map/psr_aclk/U0/ACTIVE_LOW_BSR_OUT_DFF[0].FDRE_BSR_N/Q
                         net (fo=55, routed)          7.043    10.518    <hidden>
    SLICE_X19Y16         LUT1 (Prop_lut1_I0_O)        0.124    10.642 f  <hidden>
                         net (fo=3, routed)           0.622    11.264    <hidden>
    SLICE_X19Y16         FDCE                                         f  <hidden>
  -------------------------------------------------------------------    -------------------

                         (clock clk_fpga_0 rise edge)
                                                      0.000     0.000 r  
    PS7_X0Y0             PS7                          0.000     0.000 r  design_2_i/processing_system7_0/inst/PS7_i/FCLKCLK[0]
                         net (fo=1, routed)           1.088     1.088    design_2_i/processing_system7_0/inst/FCLK_CLK_unbuffered[0]
    BUFGCTRL_X0Y16       BUFG (Prop_bufg_I_O)         0.091     1.179 r  design_2_i/processing_system7_0/inst/buffer_fclk_clk_0.FCLK_CLK_0_BUFG/O
                         net (fo=2094, routed)        1.573     2.752    <hidden>
    SLICE_X19Y16         FDCE                                         r  <hidden>

Slack:                    inf
  Source:                 design_2_i/axi_smc/inst/clk_map/psr_aclk/U0/ACTIVE_LOW_BSR_OUT_DFF[0].FDRE_BSR_N/C
                            (rising edge-triggered cell FDRE clocked by clk_fpga_0  {rise@0.000ns fall@10.000ns period=20.000ns})
  Destination:            <hidden>
                            (recovery check against rising-edge clock clk_fpga_0  {rise@0.000ns fall@10.000ns period=20.000ns})
  Path Group:             (none)
  Path Type:              Recovery (Max at Slow Process Corner)
  Data Path Delay:        8.245ns  (logic 0.580ns (7.034%)  route 7.665ns (92.966%))
  Logic Levels:           1  (LUT1=1)
  Clock Path Skew:        -0.267ns (DCD - SCD + CPR)
    Destination Clock Delay (DCD):    2.752ns
    Source Clock Delay      (SCD):    3.019ns
    Clock Pessimism Removal (CPR):    0.000ns
  Clock Uncertainty:      0.302ns  ((TSJ^2 + TIJ^2)^1/2 + DJ) / 2 + PE
    Total System Jitter     (TSJ):    0.071ns
    Total Input Jitter      (TIJ):    0.600ns
    Discrete Jitter          (DJ):    0.000ns
    Phase Error              (PE):    0.000ns
  Timing Exception:       False Path

    Location             Delay type                Incr(ns)  Path(ns)    Netlist Resource(s)
  -------------------------------------------------------------------    -------------------
                         (clock clk_fpga_0 rise edge)
                                                      0.000     0.000 r  
    PS7_X0Y0             PS7                          0.000     0.000 r  design_2_i/processing_system7_0/inst/PS7_i/FCLKCLK[0]
                         net (fo=1, routed)           1.193     1.193    design_2_i/processing_system7_0/inst/FCLK_CLK_unbuffered[0]
    BUFGCTRL_X0Y16       BUFG (Prop_bufg_I_O)         0.101     1.294 r  design_2_i/processing_system7_0/inst/buffer_fclk_clk_0.FCLK_CLK_0_BUFG/O
                         net (fo=2094, routed)        1.725     3.019    design_2_i/axi_smc/inst/clk_map/psr_aclk/U0/aclk
    SLICE_X73Y32         FDRE                                         r  design_2_i/axi_smc/inst/clk_map/psr_aclk/U0/ACTIVE_LOW_BSR_OUT_DFF[0].FDRE_BSR_N/C
  -------------------------------------------------------------------    -------------------
    SLICE_X73Y32         FDRE (Prop_fdre_C_Q)         0.456     3.475 r  design_2_i/axi_smc/inst/clk_map/psr_aclk/U0/ACTIVE_LOW_BSR_OUT_DFF[0].FDRE_BSR_N/Q
                         net (fo=55, routed)          7.043    10.518    <hidden>
    SLICE_X19Y16         LUT1 (Prop_lut1_I0_O)        0.124    10.642 f  <hidden>
                         net (fo=3, routed)           0.622    11.264    <hidden>
    SLICE_X19Y16         FDCE                                         f  <hidden>
  -------------------------------------------------------------------    -------------------

                         (clock clk_fpga_0 rise edge)
                                                      0.000     0.000 r  
    PS7_X0Y0             PS7                          0.000     0.000 r  design_2_i/processing_system7_0/inst/PS7_i/FCLKCLK[0]
                         net (fo=1, routed)           1.088     1.088    design_2_i/processing_system7_0/inst/FCLK_CLK_unbuffered[0]
    BUFGCTRL_X0Y16       BUFG (Prop_bufg_I_O)         0.091     1.179 r  design_2_i/processing_system7_0/inst/buffer_fclk_clk_0.FCLK_CLK_0_BUFG/O
                         net (fo=2094, routed)        1.573     2.752    <hidden>
    SLICE_X19Y16         FDCE                                         r  <hidden>

Slack:                    inf
  Source:                 design_2_i/axi_smc/inst/clk_map/psr_aclk/U0/ACTIVE_LOW_BSR_OUT_DFF[0].FDRE_BSR_N/C
                            (rising edge-triggered cell FDRE clocked by clk_fpga_0  {rise@0.000ns fall@10.000ns period=20.000ns})
  Destination:            <hidden>
                            (recovery check against rising-edge clock clk_fpga_0  {rise@0.000ns fall@10.000ns period=20.000ns})
  Path Group:             (none)
  Path Type:              Recovery (Max at Slow Process Corner)
  Data Path Delay:        8.185ns  (logic 0.610ns (7.452%)  route 7.575ns (92.548%))
  Logic Levels:           1  (LUT1=1)
  Clock Path Skew:        -0.267ns (DCD - SCD + CPR)
    Destination Clock Delay (DCD):    2.752ns
    Source Clock Delay      (SCD):    3.019ns
    Clock Pessimism Removal (CPR):    0.000ns
  Clock Uncertainty:      0.302ns  ((TSJ^2 + TIJ^2)^1/2 + DJ) / 2 + PE
    Total System Jitter     (TSJ):    0.071ns
    Total Input Jitter      (TIJ):    0.600ns
    Discrete Jitter          (DJ):    0.000ns
    Phase Error              (PE):    0.000ns
  Timing Exception:       False Path

    Location             Delay type                Incr(ns)  Path(ns)    Netlist Resource(s)
  -------------------------------------------------------------------    -------------------
                         (clock clk_fpga_0 rise edge)
                                                      0.000     0.000 r  
    PS7_X0Y0             PS7                          0.000     0.000 r  design_2_i/processing_system7_0/inst/PS7_i/FCLKCLK[0]
                         net (fo=1, routed)           1.193     1.193    design_2_i/processing_system7_0/inst/FCLK_CLK_unbuffered[0]
    BUFGCTRL_X0Y16       BUFG (Prop_bufg_I_O)         0.101     1.294 r  design_2_i/processing_system7_0/inst/buffer_fclk_clk_0.FCLK_CLK_0_BUFG/O
                         net (fo=2094, routed)        1.725     3.019    design_2_i/axi_smc/inst/clk_map/psr_aclk/U0/aclk
    SLICE_X73Y32         FDRE                                         r  design_2_i/axi_smc/inst/clk_map/psr_aclk/U0/ACTIVE_LOW_BSR_OUT_DFF[0].FDRE_BSR_N/C
  -------------------------------------------------------------------    -------------------
    SLICE_X73Y32         FDRE (Prop_fdre_C_Q)         0.456     3.475 r  design_2_i/axi_smc/inst/clk_map/psr_aclk/U0/ACTIVE_LOW_BSR_OUT_DFF[0].FDRE_BSR_N/Q
                         net (fo=55, routed)          7.043    10.518    <hidden>
    SLICE_X19Y16         LUT1 (Prop_lut1_I0_O)        0.154    10.672 f  <hidden>
                         net (fo=3, routed)           0.532    11.204    <hidden>
    SLICE_X18Y16         FDCE                                         f  <hidden>
  -------------------------------------------------------------------    -------------------

                         (clock clk_fpga_0 rise edge)
                                                      0.000     0.000 r  
    PS7_X0Y0             PS7                          0.000     0.000 r  design_2_i/processing_system7_0/inst/PS7_i/FCLKCLK[0]
                         net (fo=1, routed)           1.088     1.088    design_2_i/processing_system7_0/inst/FCLK_CLK_unbuffered[0]
    BUFGCTRL_X0Y16       BUFG (Prop_bufg_I_O)         0.091     1.179 r  design_2_i/processing_system7_0/inst/buffer_fclk_clk_0.FCLK_CLK_0_BUFG/O
                         net (fo=2094, routed)        1.573     2.752    <hidden>
    SLICE_X18Y16         FDCE                                         r  <hidden>

Slack:                    inf
  Source:                 design_2_i/axi_smc/inst/clk_map/psr_aclk/U0/ACTIVE_LOW_BSR_OUT_DFF[0].FDRE_BSR_N/C
                            (rising edge-triggered cell FDRE clocked by clk_fpga_0  {rise@0.000ns fall@10.000ns period=20.000ns})
  Destination:            <hidden>
                            (recovery check against rising-edge clock clk_fpga_0  {rise@0.000ns fall@10.000ns period=20.000ns})
  Path Group:             (none)
  Path Type:              Recovery (Max at Slow Process Corner)
  Data Path Delay:        8.185ns  (logic 0.610ns (7.452%)  route 7.575ns (92.548%))
  Logic Levels:           1  (LUT1=1)
  Clock Path Skew:        -0.267ns (DCD - SCD + CPR)
    Destination Clock Delay (DCD):    2.752ns
    Source Clock Delay      (SCD):    3.019ns
    Clock Pessimism Removal (CPR):    0.000ns
  Clock Uncertainty:      0.302ns  ((TSJ^2 + TIJ^2)^1/2 + DJ) / 2 + PE
    Total System Jitter     (TSJ):    0.071ns
    Total Input Jitter      (TIJ):    0.600ns
    Discrete Jitter          (DJ):    0.000ns
    Phase Error              (PE):    0.000ns
  Timing Exception:       False Path

    Location             Delay type                Incr(ns)  Path(ns)    Netlist Resource(s)
  -------------------------------------------------------------------    -------------------
                         (clock clk_fpga_0 rise edge)
                                                      0.000     0.000 r  
    PS7_X0Y0             PS7                          0.000     0.000 r  design_2_i/processing_system7_0/inst/PS7_i/FCLKCLK[0]
                         net (fo=1, routed)           1.193     1.193    design_2_i/processing_system7_0/inst/FCLK_CLK_unbuffered[0]
    BUFGCTRL_X0Y16       BUFG (Prop_bufg_I_O)         0.101     1.294 r  design_2_i/processing_system7_0/inst/buffer_fclk_clk_0.FCLK_CLK_0_BUFG/O
                         net (fo=2094, routed)        1.725     3.019    design_2_i/axi_smc/inst/clk_map/psr_aclk/U0/aclk
    SLICE_X73Y32         FDRE                                         r  design_2_i/axi_smc/inst/clk_map/psr_aclk/U0/ACTIVE_LOW_BSR_OUT_DFF[0].FDRE_BSR_N/C
  -------------------------------------------------------------------    -------------------
    SLICE_X73Y32         FDRE (Prop_fdre_C_Q)         0.456     3.475 r  design_2_i/axi_smc/inst/clk_map/psr_aclk/U0/ACTIVE_LOW_BSR_OUT_DFF[0].FDRE_BSR_N/Q
                         net (fo=55, routed)          7.043    10.518    <hidden>
    SLICE_X19Y16         LUT1 (Prop_lut1_I0_O)        0.154    10.672 f  <hidden>
                         net (fo=3, routed)           0.532    11.204    <hidden>
    SLICE_X18Y16         FDCE                                         f  <hidden>
  -------------------------------------------------------------------    -------------------

                         (clock clk_fpga_0 rise edge)
                                                      0.000     0.000 r  
    PS7_X0Y0             PS7                          0.000     0.000 r  design_2_i/processing_system7_0/inst/PS7_i/FCLKCLK[0]
                         net (fo=1, routed)           1.088     1.088    design_2_i/processing_system7_0/inst/FCLK_CLK_unbuffered[0]
    BUFGCTRL_X0Y16       BUFG (Prop_bufg_I_O)         0.091     1.179 r  design_2_i/processing_system7_0/inst/buffer_fclk_clk_0.FCLK_CLK_0_BUFG/O
                         net (fo=2094, routed)        1.573     2.752    <hidden>
    SLICE_X18Y16         FDCE                                         r  <hidden>

Slack:                    inf
  Source:                 design_2_i/axi_smc/inst/clk_map/psr_aclk/U0/ACTIVE_LOW_BSR_OUT_DFF[0].FDRE_BSR_N/C
                            (rising edge-triggered cell FDRE clocked by clk_fpga_0  {rise@0.000ns fall@10.000ns period=20.000ns})
  Destination:            <hidden>
                            (recovery check against rising-edge clock clk_fpga_0  {rise@0.000ns fall@10.000ns period=20.000ns})
  Path Group:             (none)
  Path Type:              Recovery (Max at Slow Process Corner)
  Data Path Delay:        8.185ns  (logic 0.610ns (7.452%)  route 7.575ns (92.548%))
  Logic Levels:           1  (LUT1=1)
  Clock Path Skew:        -0.267ns (DCD - SCD + CPR)
    Destination Clock Delay (DCD):    2.752ns
    Source Clock Delay      (SCD):    3.019ns
    Clock Pessimism Removal (CPR):    0.000ns
  Clock Uncertainty:      0.302ns  ((TSJ^2 + TIJ^2)^1/2 + DJ) / 2 + PE
    Total System Jitter     (TSJ):    0.071ns
    Total Input Jitter      (TIJ):    0.600ns
    Discrete Jitter          (DJ):    0.000ns
    Phase Error              (PE):    0.000ns
  Timing Exception:       False Path

    Location             Delay type                Incr(ns)  Path(ns)    Netlist Resource(s)
  -------------------------------------------------------------------    -------------------
                         (clock clk_fpga_0 rise edge)
                                                      0.000     0.000 r  
    PS7_X0Y0             PS7                          0.000     0.000 r  design_2_i/processing_system7_0/inst/PS7_i/FCLKCLK[0]
                         net (fo=1, routed)           1.193     1.193    design_2_i/processing_system7_0/inst/FCLK_CLK_unbuffered[0]
    BUFGCTRL_X0Y16       BUFG (Prop_bufg_I_O)         0.101     1.294 r  design_2_i/processing_system7_0/inst/buffer_fclk_clk_0.FCLK_CLK_0_BUFG/O
                         net (fo=2094, routed)        1.725     3.019    design_2_i/axi_smc/inst/clk_map/psr_aclk/U0/aclk
    SLICE_X73Y32         FDRE                                         r  design_2_i/axi_smc/inst/clk_map/psr_aclk/U0/ACTIVE_LOW_BSR_OUT_DFF[0].FDRE_BSR_N/C
  -------------------------------------------------------------------    -------------------
    SLICE_X73Y32         FDRE (Prop_fdre_C_Q)         0.456     3.475 r  design_2_i/axi_smc/inst/clk_map/psr_aclk/U0/ACTIVE_LOW_BSR_OUT_DFF[0].FDRE_BSR_N/Q
                         net (fo=55, routed)          7.043    10.518    <hidden>
    SLICE_X19Y16         LUT1 (Prop_lut1_I0_O)        0.154    10.672 f  <hidden>
                         net (fo=3, routed)           0.532    11.204    <hidden>
    SLICE_X18Y16         FDCE                                         f  <hidden>
  -------------------------------------------------------------------    -------------------

                         (clock clk_fpga_0 rise edge)
                                                      0.000     0.000 r  
    PS7_X0Y0             PS7                          0.000     0.000 r  design_2_i/processing_system7_0/inst/PS7_i/FCLKCLK[0]
                         net (fo=1, routed)           1.088     1.088    design_2_i/processing_system7_0/inst/FCLK_CLK_unbuffered[0]
    BUFGCTRL_X0Y16       BUFG (Prop_bufg_I_O)         0.091     1.179 r  design_2_i/processing_system7_0/inst/buffer_fclk_clk_0.FCLK_CLK_0_BUFG/O
                         net (fo=2094, routed)        1.573     2.752    <hidden>
    SLICE_X18Y16         FDCE                                         r  <hidden>

Slack:                    inf
  Source:                 design_2_i/axi_smc/inst/clk_map/psr_aclk/U0/ACTIVE_LOW_BSR_OUT_DFF[0].FDRE_BSR_N/C
                            (rising edge-triggered cell FDRE clocked by clk_fpga_0  {rise@0.000ns fall@10.000ns period=20.000ns})
  Destination:            <hidden>
                            (recovery check against rising-edge clock clk_fpga_0  {rise@0.000ns fall@10.000ns period=20.000ns})
  Path Group:             (none)
  Path Type:              Recovery (Max at Slow Process Corner)
  Data Path Delay:        8.065ns  (logic 0.580ns (7.192%)  route 7.485ns (92.808%))
  Logic Levels:           1  (LUT1=1)
  Clock Path Skew:        -0.266ns (DCD - SCD + CPR)
    Destination Clock Delay (DCD):    2.753ns
    Source Clock Delay      (SCD):    3.019ns
    Clock Pessimism Removal (CPR):    0.000ns
  Clock Uncertainty:      0.302ns  ((TSJ^2 + TIJ^2)^1/2 + DJ) / 2 + PE
    Total System Jitter     (TSJ):    0.071ns
    Total Input Jitter      (TIJ):    0.600ns
    Discrete Jitter          (DJ):    0.000ns
    Phase Error              (PE):    0.000ns
  Timing Exception:       False Path

    Location             Delay type                Incr(ns)  Path(ns)    Netlist Resource(s)
  -------------------------------------------------------------------    -------------------
                         (clock clk_fpga_0 rise edge)
                                                      0.000     0.000 r  
    PS7_X0Y0             PS7                          0.000     0.000 r  design_2_i/processing_system7_0/inst/PS7_i/FCLKCLK[0]
                         net (fo=1, routed)           1.193     1.193    design_2_i/processing_system7_0/inst/FCLK_CLK_unbuffered[0]
    BUFGCTRL_X0Y16       BUFG (Prop_bufg_I_O)         0.101     1.294 r  design_2_i/processing_system7_0/inst/buffer_fclk_clk_0.FCLK_CLK_0_BUFG/O
                         net (fo=2094, routed)        1.725     3.019    design_2_i/axi_smc/inst/clk_map/psr_aclk/U0/aclk
    SLICE_X73Y32         FDRE                                         r  design_2_i/axi_smc/inst/clk_map/psr_aclk/U0/ACTIVE_LOW_BSR_OUT_DFF[0].FDRE_BSR_N/C
  -------------------------------------------------------------------    -------------------
    SLICE_X73Y32         FDRE (Prop_fdre_C_Q)         0.456     3.475 r  design_2_i/axi_smc/inst/clk_map/psr_aclk/U0/ACTIVE_LOW_BSR_OUT_DFF[0].FDRE_BSR_N/Q
                         net (fo=55, routed)          6.853    10.328    <hidden>
    SLICE_X19Y15         LUT1 (Prop_lut1_I0_O)        0.124    10.452 f  <hidden>
                         net (fo=3, routed)           0.632    11.084    <hidden>
    SLICE_X19Y15         FDCE                                         f  <hidden>
  -------------------------------------------------------------------    -------------------

                         (clock clk_fpga_0 rise edge)
                                                      0.000     0.000 r  
    PS7_X0Y0             PS7                          0.000     0.000 r  design_2_i/processing_system7_0/inst/PS7_i/FCLKCLK[0]
                         net (fo=1, routed)           1.088     1.088    design_2_i/processing_system7_0/inst/FCLK_CLK_unbuffered[0]
    BUFGCTRL_X0Y16       BUFG (Prop_bufg_I_O)         0.091     1.179 r  design_2_i/processing_system7_0/inst/buffer_fclk_clk_0.FCLK_CLK_0_BUFG/O
                         net (fo=2094, routed)        1.574     2.753    <hidden>
    SLICE_X19Y15         FDCE                                         r  <hidden>

Slack:                    inf
  Source:                 design_2_i/axi_smc/inst/clk_map/psr_aclk/U0/ACTIVE_LOW_BSR_OUT_DFF[0].FDRE_BSR_N/C
                            (rising edge-triggered cell FDRE clocked by clk_fpga_0  {rise@0.000ns fall@10.000ns period=20.000ns})
  Destination:            <hidden>
                            (recovery check against rising-edge clock clk_fpga_0  {rise@0.000ns fall@10.000ns period=20.000ns})
  Path Group:             (none)
  Path Type:              Recovery (Max at Slow Process Corner)
  Data Path Delay:        8.065ns  (logic 0.580ns (7.192%)  route 7.485ns (92.808%))
  Logic Levels:           1  (LUT1=1)
  Clock Path Skew:        -0.266ns (DCD - SCD + CPR)
    Destination Clock Delay (DCD):    2.753ns
    Source Clock Delay      (SCD):    3.019ns
    Clock Pessimism Removal (CPR):    0.000ns
  Clock Uncertainty:      0.302ns  ((TSJ^2 + TIJ^2)^1/2 + DJ) / 2 + PE
    Total System Jitter     (TSJ):    0.071ns
    Total Input Jitter      (TIJ):    0.600ns
    Discrete Jitter          (DJ):    0.000ns
    Phase Error              (PE):    0.000ns
  Timing Exception:       False Path

    Location             Delay type                Incr(ns)  Path(ns)    Netlist Resource(s)
  -------------------------------------------------------------------    -------------------
                         (clock clk_fpga_0 rise edge)
                                                      0.000     0.000 r  
    PS7_X0Y0             PS7                          0.000     0.000 r  design_2_i/processing_system7_0/inst/PS7_i/FCLKCLK[0]
                         net (fo=1, routed)           1.193     1.193    design_2_i/processing_system7_0/inst/FCLK_CLK_unbuffered[0]
    BUFGCTRL_X0Y16       BUFG (Prop_bufg_I_O)         0.101     1.294 r  design_2_i/processing_system7_0/inst/buffer_fclk_clk_0.FCLK_CLK_0_BUFG/O
                         net (fo=2094, routed)        1.725     3.019    design_2_i/axi_smc/inst/clk_map/psr_aclk/U0/aclk
    SLICE_X73Y32         FDRE                                         r  design_2_i/axi_smc/inst/clk_map/psr_aclk/U0/ACTIVE_LOW_BSR_OUT_DFF[0].FDRE_BSR_N/C
  -------------------------------------------------------------------    -------------------
    SLICE_X73Y32         FDRE (Prop_fdre_C_Q)         0.456     3.475 r  design_2_i/axi_smc/inst/clk_map/psr_aclk/U0/ACTIVE_LOW_BSR_OUT_DFF[0].FDRE_BSR_N/Q
                         net (fo=55, routed)          6.853    10.328    <hidden>
    SLICE_X19Y15         LUT1 (Prop_lut1_I0_O)        0.124    10.452 f  <hidden>
                         net (fo=3, routed)           0.632    11.084    <hidden>
    SLICE_X19Y15         FDCE                                         f  <hidden>
  -------------------------------------------------------------------    -------------------

                         (clock clk_fpga_0 rise edge)
                                                      0.000     0.000 r  
    PS7_X0Y0             PS7                          0.000     0.000 r  design_2_i/processing_system7_0/inst/PS7_i/FCLKCLK[0]
                         net (fo=1, routed)           1.088     1.088    design_2_i/processing_system7_0/inst/FCLK_CLK_unbuffered[0]
    BUFGCTRL_X0Y16       BUFG (Prop_bufg_I_O)         0.091     1.179 r  design_2_i/processing_system7_0/inst/buffer_fclk_clk_0.FCLK_CLK_0_BUFG/O
                         net (fo=2094, routed)        1.574     2.753    <hidden>
    SLICE_X19Y15         FDCE                                         r  <hidden>

Slack:                    inf
  Source:                 design_2_i/axi_smc/inst/clk_map/psr_aclk/U0/ACTIVE_LOW_BSR_OUT_DFF[0].FDRE_BSR_N/C
                            (rising edge-triggered cell FDRE clocked by clk_fpga_0  {rise@0.000ns fall@10.000ns period=20.000ns})
  Destination:            <hidden>
                            (recovery check against rising-edge clock clk_fpga_0  {rise@0.000ns fall@10.000ns period=20.000ns})
  Path Group:             (none)
  Path Type:              Recovery (Max at Slow Process Corner)
  Data Path Delay:        8.065ns  (logic 0.580ns (7.192%)  route 7.485ns (92.808%))
  Logic Levels:           1  (LUT1=1)
  Clock Path Skew:        -0.266ns (DCD - SCD + CPR)
    Destination Clock Delay (DCD):    2.753ns
    Source Clock Delay      (SCD):    3.019ns
    Clock Pessimism Removal (CPR):    0.000ns
  Clock Uncertainty:      0.302ns  ((TSJ^2 + TIJ^2)^1/2 + DJ) / 2 + PE
    Total System Jitter     (TSJ):    0.071ns
    Total Input Jitter      (TIJ):    0.600ns
    Discrete Jitter          (DJ):    0.000ns
    Phase Error              (PE):    0.000ns
  Timing Exception:       False Path

    Location             Delay type                Incr(ns)  Path(ns)    Netlist Resource(s)
  -------------------------------------------------------------------    -------------------
                         (clock clk_fpga_0 rise edge)
                                                      0.000     0.000 r  
    PS7_X0Y0             PS7                          0.000     0.000 r  design_2_i/processing_system7_0/inst/PS7_i/FCLKCLK[0]
                         net (fo=1, routed)           1.193     1.193    design_2_i/processing_system7_0/inst/FCLK_CLK_unbuffered[0]
    BUFGCTRL_X0Y16       BUFG (Prop_bufg_I_O)         0.101     1.294 r  design_2_i/processing_system7_0/inst/buffer_fclk_clk_0.FCLK_CLK_0_BUFG/O
                         net (fo=2094, routed)        1.725     3.019    design_2_i/axi_smc/inst/clk_map/psr_aclk/U0/aclk
    SLICE_X73Y32         FDRE                                         r  design_2_i/axi_smc/inst/clk_map/psr_aclk/U0/ACTIVE_LOW_BSR_OUT_DFF[0].FDRE_BSR_N/C
  -------------------------------------------------------------------    -------------------
    SLICE_X73Y32         FDRE (Prop_fdre_C_Q)         0.456     3.475 r  design_2_i/axi_smc/inst/clk_map/psr_aclk/U0/ACTIVE_LOW_BSR_OUT_DFF[0].FDRE_BSR_N/Q
                         net (fo=55, routed)          6.853    10.328    <hidden>
    SLICE_X19Y15         LUT1 (Prop_lut1_I0_O)        0.124    10.452 f  <hidden>
                         net (fo=3, routed)           0.632    11.084    <hidden>
    SLICE_X19Y15         FDCE                                         f  <hidden>
  -------------------------------------------------------------------    -------------------

                         (clock clk_fpga_0 rise edge)
                                                      0.000     0.000 r  
    PS7_X0Y0             PS7                          0.000     0.000 r  design_2_i/processing_system7_0/inst/PS7_i/FCLKCLK[0]
                         net (fo=1, routed)           1.088     1.088    design_2_i/processing_system7_0/inst/FCLK_CLK_unbuffered[0]
    BUFGCTRL_X0Y16       BUFG (Prop_bufg_I_O)         0.091     1.179 r  design_2_i/processing_system7_0/inst/buffer_fclk_clk_0.FCLK_CLK_0_BUFG/O
                         net (fo=2094, routed)        1.574     2.753    <hidden>
    SLICE_X19Y15         FDCE                                         r  <hidden>

Slack:                    inf
  Source:                 design_2_i/axi_smc/inst/clk_map/psr_aclk/U0/ACTIVE_LOW_BSR_OUT_DFF[0].FDRE_BSR_N/C
                            (rising edge-triggered cell FDRE clocked by clk_fpga_0  {rise@0.000ns fall@10.000ns period=20.000ns})
  Destination:            <hidden>
                            (recovery check against rising-edge clock clk_fpga_0  {rise@0.000ns fall@10.000ns period=20.000ns})
  Path Group:             (none)
  Path Type:              Recovery (Max at Slow Process Corner)
  Data Path Delay:        7.623ns  (logic 0.606ns (7.950%)  route 7.017ns (92.050%))
  Logic Levels:           1  (LUT1=1)
  Clock Path Skew:        -0.270ns (DCD - SCD + CPR)
    Destination Clock Delay (DCD):    2.749ns
    Source Clock Delay      (SCD):    3.019ns
    Clock Pessimism Removal (CPR):    0.000ns
  Clock Uncertainty:      0.302ns  ((TSJ^2 + TIJ^2)^1/2 + DJ) / 2 + PE
    Total System Jitter     (TSJ):    0.071ns
    Total Input Jitter      (TIJ):    0.600ns
    Discrete Jitter          (DJ):    0.000ns
    Phase Error              (PE):    0.000ns
  Timing Exception:       False Path

    Location             Delay type                Incr(ns)  Path(ns)    Netlist Resource(s)
  -------------------------------------------------------------------    -------------------
                         (clock clk_fpga_0 rise edge)
                                                      0.000     0.000 r  
    PS7_X0Y0             PS7                          0.000     0.000 r  design_2_i/processing_system7_0/inst/PS7_i/FCLKCLK[0]
                         net (fo=1, routed)           1.193     1.193    design_2_i/processing_system7_0/inst/FCLK_CLK_unbuffered[0]
    BUFGCTRL_X0Y16       BUFG (Prop_bufg_I_O)         0.101     1.294 r  design_2_i/processing_system7_0/inst/buffer_fclk_clk_0.FCLK_CLK_0_BUFG/O
                         net (fo=2094, routed)        1.725     3.019    design_2_i/axi_smc/inst/clk_map/psr_aclk/U0/aclk
    SLICE_X73Y32         FDRE                                         r  design_2_i/axi_smc/inst/clk_map/psr_aclk/U0/ACTIVE_LOW_BSR_OUT_DFF[0].FDRE_BSR_N/C
  -------------------------------------------------------------------    -------------------
    SLICE_X73Y32         FDRE (Prop_fdre_C_Q)         0.456     3.475 r  design_2_i/axi_smc/inst/clk_map/psr_aclk/U0/ACTIVE_LOW_BSR_OUT_DFF[0].FDRE_BSR_N/Q
                         net (fo=55, routed)          6.281     9.756    <hidden>
    SLICE_X18Y10         LUT1 (Prop_lut1_I0_O)        0.150     9.906 f  <hidden>
                         net (fo=3, routed)           0.736    10.642    <hidden>
    SLICE_X18Y18         FDCE                                         f  <hidden>
  -------------------------------------------------------------------    -------------------

                         (clock clk_fpga_0 rise edge)
                                                      0.000     0.000 r  
    PS7_X0Y0             PS7                          0.000     0.000 r  design_2_i/processing_system7_0/inst/PS7_i/FCLKCLK[0]
                         net (fo=1, routed)           1.088     1.088    design_2_i/processing_system7_0/inst/FCLK_CLK_unbuffered[0]
    BUFGCTRL_X0Y16       BUFG (Prop_bufg_I_O)         0.091     1.179 r  design_2_i/processing_system7_0/inst/buffer_fclk_clk_0.FCLK_CLK_0_BUFG/O
                         net (fo=2094, routed)        1.570     2.749    <hidden>
    SLICE_X18Y18         FDCE                                         r  <hidden>





Min Delay Paths
--------------------------------------------------------------------------------------
Slack:                    inf
  Source:                 design_2_i/axi_smc/inst/clk_map/psr_aclk/U0/ACTIVE_LOW_BSR_OUT_DFF[0].FDRE_BSR_N/C
                            (rising edge-triggered cell FDRE clocked by clk_fpga_0  {rise@0.000ns fall@10.000ns period=20.000ns})
  Destination:            <hidden>
                            (removal check against rising-edge clock clk_fpga_0  {rise@0.000ns fall@10.000ns period=20.000ns})
  Path Group:             (none)
  Path Type:              Removal (Min at Fast Process Corner)
  Data Path Delay:        0.660ns  (logic 0.183ns (27.708%)  route 0.477ns (72.292%))
  Logic Levels:           1  (LUT1=1)
  Clock Path Skew:        0.295ns (DCD - SCD - CPR)
    Destination Clock Delay (DCD):    1.213ns
    Source Clock Delay      (SCD):    0.918ns
    Clock Pessimism Removal (CPR):    -0.000ns
  Clock Uncertainty:      0.302ns  ((TSJ^2 + TIJ^2)^1/2 + DJ) / 2 + PE
    Total System Jitter     (TSJ):    0.071ns
    Total Input Jitter      (TIJ):    0.600ns
    Discrete Jitter          (DJ):    0.000ns
    Phase Error              (PE):    0.000ns
  Timing Exception:       False Path

    Location             Delay type                Incr(ns)  Path(ns)    Netlist Resource(s)
  -------------------------------------------------------------------    -------------------
                         (clock clk_fpga_0 rise edge)
                                                      0.000     0.000 r  
    PS7_X0Y0             PS7                          0.000     0.000 r  design_2_i/processing_system7_0/inst/PS7_i/FCLKCLK[0]
                         net (fo=1, routed)           0.310     0.310    design_2_i/processing_system7_0/inst/FCLK_CLK_unbuffered[0]
    BUFGCTRL_X0Y16       BUFG (Prop_bufg_I_O)         0.026     0.336 r  design_2_i/processing_system7_0/inst/buffer_fclk_clk_0.FCLK_CLK_0_BUFG/O
                         net (fo=2094, routed)        0.582     0.918    design_2_i/axi_smc/inst/clk_map/psr_aclk/U0/aclk
    SLICE_X73Y32         FDRE                                         r  design_2_i/axi_smc/inst/clk_map/psr_aclk/U0/ACTIVE_LOW_BSR_OUT_DFF[0].FDRE_BSR_N/C
  -------------------------------------------------------------------    -------------------
    SLICE_X73Y32         FDRE (Prop_fdre_C_Q)         0.141     1.059 r  design_2_i/axi_smc/inst/clk_map/psr_aclk/U0/ACTIVE_LOW_BSR_OUT_DFF[0].FDRE_BSR_N/Q
                         net (fo=55, routed)          0.301     1.359    <hidden>
    SLICE_X77Y30         LUT1 (Prop_lut1_I0_O)        0.042     1.401 f  <hidden>
                         net (fo=3, routed)           0.177     1.578    <hidden>
    SLICE_X77Y30         FDCE                                         f  <hidden>
  -------------------------------------------------------------------    -------------------

                         (clock clk_fpga_0 rise edge)
                                                      0.000     0.000 r  
    PS7_X0Y0             PS7                          0.000     0.000 r  design_2_i/processing_system7_0/inst/PS7_i/FCLKCLK[0]
                         net (fo=1, routed)           0.337     0.337    design_2_i/processing_system7_0/inst/FCLK_CLK_unbuffered[0]
    BUFGCTRL_X0Y16       BUFG (Prop_bufg_I_O)         0.029     0.366 r  design_2_i/processing_system7_0/inst/buffer_fclk_clk_0.FCLK_CLK_0_BUFG/O
                         net (fo=2094, routed)        0.847     1.213    <hidden>
    SLICE_X77Y30         FDCE                                         r  <hidden>

Slack:                    inf
  Source:                 design_2_i/axi_smc/inst/clk_map/psr_aclk/U0/ACTIVE_LOW_BSR_OUT_DFF[0].FDRE_BSR_N/C
                            (rising edge-triggered cell FDRE clocked by clk_fpga_0  {rise@0.000ns fall@10.000ns period=20.000ns})
  Destination:            <hidden>
                            (removal check against rising-edge clock clk_fpga_0  {rise@0.000ns fall@10.000ns period=20.000ns})
  Path Group:             (none)
  Path Type:              Removal (Min at Fast Process Corner)
  Data Path Delay:        0.660ns  (logic 0.183ns (27.708%)  route 0.477ns (72.292%))
  Logic Levels:           1  (LUT1=1)
  Clock Path Skew:        0.295ns (DCD - SCD - CPR)
    Destination Clock Delay (DCD):    1.213ns
    Source Clock Delay      (SCD):    0.918ns
    Clock Pessimism Removal (CPR):    -0.000ns
  Clock Uncertainty:      0.302ns  ((TSJ^2 + TIJ^2)^1/2 + DJ) / 2 + PE
    Total System Jitter     (TSJ):    0.071ns
    Total Input Jitter      (TIJ):    0.600ns
    Discrete Jitter          (DJ):    0.000ns
    Phase Error              (PE):    0.000ns
  Timing Exception:       False Path

    Location             Delay type                Incr(ns)  Path(ns)    Netlist Resource(s)
  -------------------------------------------------------------------    -------------------
                         (clock clk_fpga_0 rise edge)
                                                      0.000     0.000 r  
    PS7_X0Y0             PS7                          0.000     0.000 r  design_2_i/processing_system7_0/inst/PS7_i/FCLKCLK[0]
                         net (fo=1, routed)           0.310     0.310    design_2_i/processing_system7_0/inst/FCLK_CLK_unbuffered[0]
    BUFGCTRL_X0Y16       BUFG (Prop_bufg_I_O)         0.026     0.336 r  design_2_i/processing_system7_0/inst/buffer_fclk_clk_0.FCLK_CLK_0_BUFG/O
                         net (fo=2094, routed)        0.582     0.918    design_2_i/axi_smc/inst/clk_map/psr_aclk/U0/aclk
    SLICE_X73Y32         FDRE                                         r  design_2_i/axi_smc/inst/clk_map/psr_aclk/U0/ACTIVE_LOW_BSR_OUT_DFF[0].FDRE_BSR_N/C
  -------------------------------------------------------------------    -------------------
    SLICE_X73Y32         FDRE (Prop_fdre_C_Q)         0.141     1.059 r  design_2_i/axi_smc/inst/clk_map/psr_aclk/U0/ACTIVE_LOW_BSR_OUT_DFF[0].FDRE_BSR_N/Q
                         net (fo=55, routed)          0.301     1.359    <hidden>
    SLICE_X77Y30         LUT1 (Prop_lut1_I0_O)        0.042     1.401 f  <hidden>
                         net (fo=3, routed)           0.177     1.578    <hidden>
    SLICE_X77Y30         FDCE                                         f  <hidden>
  -------------------------------------------------------------------    -------------------

                         (clock clk_fpga_0 rise edge)
                                                      0.000     0.000 r  
    PS7_X0Y0             PS7                          0.000     0.000 r  design_2_i/processing_system7_0/inst/PS7_i/FCLKCLK[0]
                         net (fo=1, routed)           0.337     0.337    design_2_i/processing_system7_0/inst/FCLK_CLK_unbuffered[0]
    BUFGCTRL_X0Y16       BUFG (Prop_bufg_I_O)         0.029     0.366 r  design_2_i/processing_system7_0/inst/buffer_fclk_clk_0.FCLK_CLK_0_BUFG/O
                         net (fo=2094, routed)        0.847     1.213    <hidden>
    SLICE_X77Y30         FDCE                                         r  <hidden>

Slack:                    inf
  Source:                 design_2_i/axi_smc/inst/clk_map/psr_aclk/U0/ACTIVE_LOW_BSR_OUT_DFF[0].FDRE_BSR_N/C
                            (rising edge-triggered cell FDRE clocked by clk_fpga_0  {rise@0.000ns fall@10.000ns period=20.000ns})
  Destination:            <hidden>
                            (removal check against rising-edge clock clk_fpga_0  {rise@0.000ns fall@10.000ns period=20.000ns})
  Path Group:             (none)
  Path Type:              Removal (Min at Fast Process Corner)
  Data Path Delay:        0.660ns  (logic 0.183ns (27.708%)  route 0.477ns (72.292%))
  Logic Levels:           1  (LUT1=1)
  Clock Path Skew:        0.295ns (DCD - SCD - CPR)
    Destination Clock Delay (DCD):    1.213ns
    Source Clock Delay      (SCD):    0.918ns
    Clock Pessimism Removal (CPR):    -0.000ns
  Clock Uncertainty:      0.302ns  ((TSJ^2 + TIJ^2)^1/2 + DJ) / 2 + PE
    Total System Jitter     (TSJ):    0.071ns
    Total Input Jitter      (TIJ):    0.600ns
    Discrete Jitter          (DJ):    0.000ns
    Phase Error              (PE):    0.000ns
  Timing Exception:       False Path

    Location             Delay type                Incr(ns)  Path(ns)    Netlist Resource(s)
  -------------------------------------------------------------------    -------------------
                         (clock clk_fpga_0 rise edge)
                                                      0.000     0.000 r  
    PS7_X0Y0             PS7                          0.000     0.000 r  design_2_i/processing_system7_0/inst/PS7_i/FCLKCLK[0]
                         net (fo=1, routed)           0.310     0.310    design_2_i/processing_system7_0/inst/FCLK_CLK_unbuffered[0]
    BUFGCTRL_X0Y16       BUFG (Prop_bufg_I_O)         0.026     0.336 r  design_2_i/processing_system7_0/inst/buffer_fclk_clk_0.FCLK_CLK_0_BUFG/O
                         net (fo=2094, routed)        0.582     0.918    design_2_i/axi_smc/inst/clk_map/psr_aclk/U0/aclk
    SLICE_X73Y32         FDRE                                         r  design_2_i/axi_smc/inst/clk_map/psr_aclk/U0/ACTIVE_LOW_BSR_OUT_DFF[0].FDRE_BSR_N/C
  -------------------------------------------------------------------    -------------------
    SLICE_X73Y32         FDRE (Prop_fdre_C_Q)         0.141     1.059 r  design_2_i/axi_smc/inst/clk_map/psr_aclk/U0/ACTIVE_LOW_BSR_OUT_DFF[0].FDRE_BSR_N/Q
                         net (fo=55, routed)          0.301     1.359    <hidden>
    SLICE_X77Y30         LUT1 (Prop_lut1_I0_O)        0.042     1.401 f  <hidden>
                         net (fo=3, routed)           0.177     1.578    <hidden>
    SLICE_X77Y30         FDCE                                         f  <hidden>
  -------------------------------------------------------------------    -------------------

                         (clock clk_fpga_0 rise edge)
                                                      0.000     0.000 r  
    PS7_X0Y0             PS7                          0.000     0.000 r  design_2_i/processing_system7_0/inst/PS7_i/FCLKCLK[0]
                         net (fo=1, routed)           0.337     0.337    design_2_i/processing_system7_0/inst/FCLK_CLK_unbuffered[0]
    BUFGCTRL_X0Y16       BUFG (Prop_bufg_I_O)         0.029     0.366 r  design_2_i/processing_system7_0/inst/buffer_fclk_clk_0.FCLK_CLK_0_BUFG/O
                         net (fo=2094, routed)        0.847     1.213    <hidden>
    SLICE_X77Y30         FDCE                                         r  <hidden>

Slack:                    inf
  Source:                 design_2_i/axi_smc/inst/clk_map/psr_aclk/U0/ACTIVE_LOW_BSR_OUT_DFF[0].FDRE_BSR_N/C
                            (rising edge-triggered cell FDRE clocked by clk_fpga_0  {rise@0.000ns fall@10.000ns period=20.000ns})
  Destination:            <hidden>
                            (removal check against rising-edge clock clk_fpga_0  {rise@0.000ns fall@10.000ns period=20.000ns})
  Path Group:             (none)
  Path Type:              Removal (Min at Fast Process Corner)
  Data Path Delay:        0.666ns  (logic 0.186ns (27.948%)  route 0.480ns (72.052%))
  Logic Levels:           1  (LUT1=1)
  Clock Path Skew:        0.295ns (DCD - SCD - CPR)
    Destination Clock Delay (DCD):    1.213ns
    Source Clock Delay      (SCD):    0.918ns
    Clock Pessimism Removal (CPR):    -0.000ns
  Clock Uncertainty:      0.302ns  ((TSJ^2 + TIJ^2)^1/2 + DJ) / 2 + PE
    Total System Jitter     (TSJ):    0.071ns
    Total Input Jitter      (TIJ):    0.600ns
    Discrete Jitter          (DJ):    0.000ns
    Phase Error              (PE):    0.000ns
  Timing Exception:       False Path

    Location             Delay type                Incr(ns)  Path(ns)    Netlist Resource(s)
  -------------------------------------------------------------------    -------------------
                         (clock clk_fpga_0 rise edge)
                                                      0.000     0.000 r  
    PS7_X0Y0             PS7                          0.000     0.000 r  design_2_i/processing_system7_0/inst/PS7_i/FCLKCLK[0]
                         net (fo=1, routed)           0.310     0.310    design_2_i/processing_system7_0/inst/FCLK_CLK_unbuffered[0]
    BUFGCTRL_X0Y16       BUFG (Prop_bufg_I_O)         0.026     0.336 r  design_2_i/processing_system7_0/inst/buffer_fclk_clk_0.FCLK_CLK_0_BUFG/O
                         net (fo=2094, routed)        0.582     0.918    design_2_i/axi_smc/inst/clk_map/psr_aclk/U0/aclk
    SLICE_X73Y32         FDRE                                         r  design_2_i/axi_smc/inst/clk_map/psr_aclk/U0/ACTIVE_LOW_BSR_OUT_DFF[0].FDRE_BSR_N/C
  -------------------------------------------------------------------    -------------------
    SLICE_X73Y32         FDRE (Prop_fdre_C_Q)         0.141     1.059 r  design_2_i/axi_smc/inst/clk_map/psr_aclk/U0/ACTIVE_LOW_BSR_OUT_DFF[0].FDRE_BSR_N/Q
                         net (fo=55, routed)          0.238     1.297    <hidden>
    SLICE_X74Y33         LUT1 (Prop_lut1_I0_O)        0.045     1.342 f  <hidden>
                         net (fo=3, routed)           0.242     1.583    <hidden>
    SLICE_X72Y32         FDCE                                         f  <hidden>
  -------------------------------------------------------------------    -------------------

                         (clock clk_fpga_0 rise edge)
                                                      0.000     0.000 r  
    PS7_X0Y0             PS7                          0.000     0.000 r  design_2_i/processing_system7_0/inst/PS7_i/FCLKCLK[0]
                         net (fo=1, routed)           0.337     0.337    design_2_i/processing_system7_0/inst/FCLK_CLK_unbuffered[0]
    BUFGCTRL_X0Y16       BUFG (Prop_bufg_I_O)         0.029     0.366 r  design_2_i/processing_system7_0/inst/buffer_fclk_clk_0.FCLK_CLK_0_BUFG/O
                         net (fo=2094, routed)        0.847     1.213    <hidden>
    SLICE_X72Y32         FDCE                                         r  <hidden>

Slack:                    inf
  Source:                 design_2_i/axi_smc/inst/clk_map/psr_aclk/U0/ACTIVE_LOW_BSR_OUT_DFF[0].FDRE_BSR_N/C
                            (rising edge-triggered cell FDRE clocked by clk_fpga_0  {rise@0.000ns fall@10.000ns period=20.000ns})
  Destination:            <hidden>
                            (removal check against rising-edge clock clk_fpga_0  {rise@0.000ns fall@10.000ns period=20.000ns})
  Path Group:             (none)
  Path Type:              Removal (Min at Fast Process Corner)
  Data Path Delay:        0.666ns  (logic 0.186ns (27.948%)  route 0.480ns (72.052%))
  Logic Levels:           1  (LUT1=1)
  Clock Path Skew:        0.295ns (DCD - SCD - CPR)
    Destination Clock Delay (DCD):    1.213ns
    Source Clock Delay      (SCD):    0.918ns
    Clock Pessimism Removal (CPR):    -0.000ns
  Clock Uncertainty:      0.302ns  ((TSJ^2 + TIJ^2)^1/2 + DJ) / 2 + PE
    Total System Jitter     (TSJ):    0.071ns
    Total Input Jitter      (TIJ):    0.600ns
    Discrete Jitter          (DJ):    0.000ns
    Phase Error              (PE):    0.000ns
  Timing Exception:       False Path

    Location             Delay type                Incr(ns)  Path(ns)    Netlist Resource(s)
  -------------------------------------------------------------------    -------------------
                         (clock clk_fpga_0 rise edge)
                                                      0.000     0.000 r  
    PS7_X0Y0             PS7                          0.000     0.000 r  design_2_i/processing_system7_0/inst/PS7_i/FCLKCLK[0]
                         net (fo=1, routed)           0.310     0.310    design_2_i/processing_system7_0/inst/FCLK_CLK_unbuffered[0]
    BUFGCTRL_X0Y16       BUFG (Prop_bufg_I_O)         0.026     0.336 r  design_2_i/processing_system7_0/inst/buffer_fclk_clk_0.FCLK_CLK_0_BUFG/O
                         net (fo=2094, routed)        0.582     0.918    design_2_i/axi_smc/inst/clk_map/psr_aclk/U0/aclk
    SLICE_X73Y32         FDRE                                         r  design_2_i/axi_smc/inst/clk_map/psr_aclk/U0/ACTIVE_LOW_BSR_OUT_DFF[0].FDRE_BSR_N/C
  -------------------------------------------------------------------    -------------------
    SLICE_X73Y32         FDRE (Prop_fdre_C_Q)         0.141     1.059 r  design_2_i/axi_smc/inst/clk_map/psr_aclk/U0/ACTIVE_LOW_BSR_OUT_DFF[0].FDRE_BSR_N/Q
                         net (fo=55, routed)          0.238     1.297    <hidden>
    SLICE_X74Y33         LUT1 (Prop_lut1_I0_O)        0.045     1.342 f  <hidden>
                         net (fo=3, routed)           0.242     1.583    <hidden>
    SLICE_X72Y32         FDCE                                         f  <hidden>
  -------------------------------------------------------------------    -------------------

                         (clock clk_fpga_0 rise edge)
                                                      0.000     0.000 r  
    PS7_X0Y0             PS7                          0.000     0.000 r  design_2_i/processing_system7_0/inst/PS7_i/FCLKCLK[0]
                         net (fo=1, routed)           0.337     0.337    design_2_i/processing_system7_0/inst/FCLK_CLK_unbuffered[0]
    BUFGCTRL_X0Y16       BUFG (Prop_bufg_I_O)         0.029     0.366 r  design_2_i/processing_system7_0/inst/buffer_fclk_clk_0.FCLK_CLK_0_BUFG/O
                         net (fo=2094, routed)        0.847     1.213    <hidden>
    SLICE_X72Y32         FDCE                                         r  <hidden>

Slack:                    inf
  Source:                 design_2_i/axi_smc/inst/clk_map/psr_aclk/U0/ACTIVE_LOW_BSR_OUT_DFF[0].FDRE_BSR_N/C
                            (rising edge-triggered cell FDRE clocked by clk_fpga_0  {rise@0.000ns fall@10.000ns period=20.000ns})
  Destination:            <hidden>
                            (removal check against rising-edge clock clk_fpga_0  {rise@0.000ns fall@10.000ns period=20.000ns})
  Path Group:             (none)
  Path Type:              Removal (Min at Fast Process Corner)
  Data Path Delay:        0.666ns  (logic 0.186ns (27.948%)  route 0.480ns (72.052%))
  Logic Levels:           1  (LUT1=1)
  Clock Path Skew:        0.295ns (DCD - SCD - CPR)
    Destination Clock Delay (DCD):    1.213ns
    Source Clock Delay      (SCD):    0.918ns
    Clock Pessimism Removal (CPR):    -0.000ns
  Clock Uncertainty:      0.302ns  ((TSJ^2 + TIJ^2)^1/2 + DJ) / 2 + PE
    Total System Jitter     (TSJ):    0.071ns
    Total Input Jitter      (TIJ):    0.600ns
    Discrete Jitter          (DJ):    0.000ns
    Phase Error              (PE):    0.000ns
  Timing Exception:       False Path

    Location             Delay type                Incr(ns)  Path(ns)    Netlist Resource(s)
  -------------------------------------------------------------------    -------------------
                         (clock clk_fpga_0 rise edge)
                                                      0.000     0.000 r  
    PS7_X0Y0             PS7                          0.000     0.000 r  design_2_i/processing_system7_0/inst/PS7_i/FCLKCLK[0]
                         net (fo=1, routed)           0.310     0.310    design_2_i/processing_system7_0/inst/FCLK_CLK_unbuffered[0]
    BUFGCTRL_X0Y16       BUFG (Prop_bufg_I_O)         0.026     0.336 r  design_2_i/processing_system7_0/inst/buffer_fclk_clk_0.FCLK_CLK_0_BUFG/O
                         net (fo=2094, routed)        0.582     0.918    design_2_i/axi_smc/inst/clk_map/psr_aclk/U0/aclk
    SLICE_X73Y32         FDRE                                         r  design_2_i/axi_smc/inst/clk_map/psr_aclk/U0/ACTIVE_LOW_BSR_OUT_DFF[0].FDRE_BSR_N/C
  -------------------------------------------------------------------    -------------------
    SLICE_X73Y32         FDRE (Prop_fdre_C_Q)         0.141     1.059 r  design_2_i/axi_smc/inst/clk_map/psr_aclk/U0/ACTIVE_LOW_BSR_OUT_DFF[0].FDRE_BSR_N/Q
                         net (fo=55, routed)          0.238     1.297    <hidden>
    SLICE_X74Y33         LUT1 (Prop_lut1_I0_O)        0.045     1.342 f  <hidden>
                         net (fo=3, routed)           0.242     1.583    <hidden>
    SLICE_X72Y32         FDCE                                         f  <hidden>
  -------------------------------------------------------------------    -------------------

                         (clock clk_fpga_0 rise edge)
                                                      0.000     0.000 r  
    PS7_X0Y0             PS7                          0.000     0.000 r  design_2_i/processing_system7_0/inst/PS7_i/FCLKCLK[0]
                         net (fo=1, routed)           0.337     0.337    design_2_i/processing_system7_0/inst/FCLK_CLK_unbuffered[0]
    BUFGCTRL_X0Y16       BUFG (Prop_bufg_I_O)         0.029     0.366 r  design_2_i/processing_system7_0/inst/buffer_fclk_clk_0.FCLK_CLK_0_BUFG/O
                         net (fo=2094, routed)        0.847     1.213    <hidden>
    SLICE_X72Y32         FDCE                                         r  <hidden>

Slack:                    inf
  Source:                 design_2_i/axi_smc/inst/clk_map/psr_aclk/U0/ACTIVE_LOW_BSR_OUT_DFF[0].FDRE_BSR_N/C
                            (rising edge-triggered cell FDRE clocked by clk_fpga_0  {rise@0.000ns fall@10.000ns period=20.000ns})
  Destination:            <hidden>
                            (removal check against rising-edge clock clk_fpga_0  {rise@0.000ns fall@10.000ns period=20.000ns})
  Path Group:             (none)
  Path Type:              Removal (Min at Fast Process Corner)
  Data Path Delay:        0.714ns  (logic 0.186ns (26.048%)  route 0.528ns (73.952%))
  Logic Levels:           1  (LUT1=1)
  Clock Path Skew:        0.292ns (DCD - SCD - CPR)
    Destination Clock Delay (DCD):    1.210ns
    Source Clock Delay      (SCD):    0.918ns
    Clock Pessimism Removal (CPR):    -0.000ns
  Clock Uncertainty:      0.302ns  ((TSJ^2 + TIJ^2)^1/2 + DJ) / 2 + PE
    Total System Jitter     (TSJ):    0.071ns
    Total Input Jitter      (TIJ):    0.600ns
    Discrete Jitter          (DJ):    0.000ns
    Phase Error              (PE):    0.000ns
  Timing Exception:       False Path

    Location             Delay type                Incr(ns)  Path(ns)    Netlist Resource(s)
  -------------------------------------------------------------------    -------------------
                         (clock clk_fpga_0 rise edge)
                                                      0.000     0.000 r  
    PS7_X0Y0             PS7                          0.000     0.000 r  design_2_i/processing_system7_0/inst/PS7_i/FCLKCLK[0]
                         net (fo=1, routed)           0.310     0.310    design_2_i/processing_system7_0/inst/FCLK_CLK_unbuffered[0]
    BUFGCTRL_X0Y16       BUFG (Prop_bufg_I_O)         0.026     0.336 r  design_2_i/processing_system7_0/inst/buffer_fclk_clk_0.FCLK_CLK_0_BUFG/O
                         net (fo=2094, routed)        0.582     0.918    design_2_i/axi_smc/inst/clk_map/psr_aclk/U0/aclk
    SLICE_X73Y32         FDRE                                         r  design_2_i/axi_smc/inst/clk_map/psr_aclk/U0/ACTIVE_LOW_BSR_OUT_DFF[0].FDRE_BSR_N/C
  -------------------------------------------------------------------    -------------------
    SLICE_X73Y32         FDRE (Prop_fdre_C_Q)         0.141     1.059 r  design_2_i/axi_smc/inst/clk_map/psr_aclk/U0/ACTIVE_LOW_BSR_OUT_DFF[0].FDRE_BSR_N/Q
                         net (fo=55, routed)          0.301     1.359    <hidden>
    SLICE_X77Y30         LUT1 (Prop_lut1_I0_O)        0.045     1.404 f  <hidden>
                         net (fo=3, routed)           0.227     1.632    <hidden>
    SLICE_X70Y30         FDCE                                         f  <hidden>
  -------------------------------------------------------------------    -------------------

                         (clock clk_fpga_0 rise edge)
                                                      0.000     0.000 r  
    PS7_X0Y0             PS7                          0.000     0.000 r  design_2_i/processing_system7_0/inst/PS7_i/FCLKCLK[0]
                         net (fo=1, routed)           0.337     0.337    design_2_i/processing_system7_0/inst/FCLK_CLK_unbuffered[0]
    BUFGCTRL_X0Y16       BUFG (Prop_bufg_I_O)         0.029     0.366 r  design_2_i/processing_system7_0/inst/buffer_fclk_clk_0.FCLK_CLK_0_BUFG/O
                         net (fo=2094, routed)        0.844     1.210    <hidden>
    SLICE_X70Y30         FDCE                                         r  <hidden>

Slack:                    inf
  Source:                 design_2_i/axi_smc/inst/clk_map/psr_aclk/U0/ACTIVE_LOW_BSR_OUT_DFF[0].FDRE_BSR_N/C
                            (rising edge-triggered cell FDRE clocked by clk_fpga_0  {rise@0.000ns fall@10.000ns period=20.000ns})
  Destination:            <hidden>
                            (removal check against rising-edge clock clk_fpga_0  {rise@0.000ns fall@10.000ns period=20.000ns})
  Path Group:             (none)
  Path Type:              Removal (Min at Fast Process Corner)
  Data Path Delay:        0.714ns  (logic 0.186ns (26.048%)  route 0.528ns (73.952%))
  Logic Levels:           1  (LUT1=1)
  Clock Path Skew:        0.292ns (DCD - SCD - CPR)
    Destination Clock Delay (DCD):    1.210ns
    Source Clock Delay      (SCD):    0.918ns
    Clock Pessimism Removal (CPR):    -0.000ns
  Clock Uncertainty:      0.302ns  ((TSJ^2 + TIJ^2)^1/2 + DJ) / 2 + PE
    Total System Jitter     (TSJ):    0.071ns
    Total Input Jitter      (TIJ):    0.600ns
    Discrete Jitter          (DJ):    0.000ns
    Phase Error              (PE):    0.000ns
  Timing Exception:       False Path

    Location             Delay type                Incr(ns)  Path(ns)    Netlist Resource(s)
  -------------------------------------------------------------------    -------------------
                         (clock clk_fpga_0 rise edge)
                                                      0.000     0.000 r  
    PS7_X0Y0             PS7                          0.000     0.000 r  design_2_i/processing_system7_0/inst/PS7_i/FCLKCLK[0]
                         net (fo=1, routed)           0.310     0.310    design_2_i/processing_system7_0/inst/FCLK_CLK_unbuffered[0]
    BUFGCTRL_X0Y16       BUFG (Prop_bufg_I_O)         0.026     0.336 r  design_2_i/processing_system7_0/inst/buffer_fclk_clk_0.FCLK_CLK_0_BUFG/O
                         net (fo=2094, routed)        0.582     0.918    design_2_i/axi_smc/inst/clk_map/psr_aclk/U0/aclk
    SLICE_X73Y32         FDRE                                         r  design_2_i/axi_smc/inst/clk_map/psr_aclk/U0/ACTIVE_LOW_BSR_OUT_DFF[0].FDRE_BSR_N/C
  -------------------------------------------------------------------    -------------------
    SLICE_X73Y32         FDRE (Prop_fdre_C_Q)         0.141     1.059 r  design_2_i/axi_smc/inst/clk_map/psr_aclk/U0/ACTIVE_LOW_BSR_OUT_DFF[0].FDRE_BSR_N/Q
                         net (fo=55, routed)          0.301     1.359    <hidden>
    SLICE_X77Y30         LUT1 (Prop_lut1_I0_O)        0.045     1.404 f  <hidden>
                         net (fo=3, routed)           0.227     1.632    <hidden>
    SLICE_X70Y30         FDCE                                         f  <hidden>
  -------------------------------------------------------------------    -------------------

                         (clock clk_fpga_0 rise edge)
                                                      0.000     0.000 r  
    PS7_X0Y0             PS7                          0.000     0.000 r  design_2_i/processing_system7_0/inst/PS7_i/FCLKCLK[0]
                         net (fo=1, routed)           0.337     0.337    design_2_i/processing_system7_0/inst/FCLK_CLK_unbuffered[0]
    BUFGCTRL_X0Y16       BUFG (Prop_bufg_I_O)         0.029     0.366 r  design_2_i/processing_system7_0/inst/buffer_fclk_clk_0.FCLK_CLK_0_BUFG/O
                         net (fo=2094, routed)        0.844     1.210    <hidden>
    SLICE_X70Y30         FDCE                                         r  <hidden>

Slack:                    inf
  Source:                 design_2_i/axi_smc/inst/clk_map/psr_aclk/U0/ACTIVE_LOW_BSR_OUT_DFF[0].FDRE_BSR_N/C
                            (rising edge-triggered cell FDRE clocked by clk_fpga_0  {rise@0.000ns fall@10.000ns period=20.000ns})
  Destination:            <hidden>
                            (removal check against rising-edge clock clk_fpga_0  {rise@0.000ns fall@10.000ns period=20.000ns})
  Path Group:             (none)
  Path Type:              Removal (Min at Fast Process Corner)
  Data Path Delay:        0.714ns  (logic 0.186ns (26.048%)  route 0.528ns (73.952%))
  Logic Levels:           1  (LUT1=1)
  Clock Path Skew:        0.292ns (DCD - SCD - CPR)
    Destination Clock Delay (DCD):    1.210ns
    Source Clock Delay      (SCD):    0.918ns
    Clock Pessimism Removal (CPR):    -0.000ns
  Clock Uncertainty:      0.302ns  ((TSJ^2 + TIJ^2)^1/2 + DJ) / 2 + PE
    Total System Jitter     (TSJ):    0.071ns
    Total Input Jitter      (TIJ):    0.600ns
    Discrete Jitter          (DJ):    0.000ns
    Phase Error              (PE):    0.000ns
  Timing Exception:       False Path

    Location             Delay type                Incr(ns)  Path(ns)    Netlist Resource(s)
  -------------------------------------------------------------------    -------------------
                         (clock clk_fpga_0 rise edge)
                                                      0.000     0.000 r  
    PS7_X0Y0             PS7                          0.000     0.000 r  design_2_i/processing_system7_0/inst/PS7_i/FCLKCLK[0]
                         net (fo=1, routed)           0.310     0.310    design_2_i/processing_system7_0/inst/FCLK_CLK_unbuffered[0]
    BUFGCTRL_X0Y16       BUFG (Prop_bufg_I_O)         0.026     0.336 r  design_2_i/processing_system7_0/inst/buffer_fclk_clk_0.FCLK_CLK_0_BUFG/O
                         net (fo=2094, routed)        0.582     0.918    design_2_i/axi_smc/inst/clk_map/psr_aclk/U0/aclk
    SLICE_X73Y32         FDRE                                         r  design_2_i/axi_smc/inst/clk_map/psr_aclk/U0/ACTIVE_LOW_BSR_OUT_DFF[0].FDRE_BSR_N/C
  -------------------------------------------------------------------    -------------------
    SLICE_X73Y32         FDRE (Prop_fdre_C_Q)         0.141     1.059 r  design_2_i/axi_smc/inst/clk_map/psr_aclk/U0/ACTIVE_LOW_BSR_OUT_DFF[0].FDRE_BSR_N/Q
                         net (fo=55, routed)          0.301     1.359    <hidden>
    SLICE_X77Y30         LUT1 (Prop_lut1_I0_O)        0.045     1.404 f  <hidden>
                         net (fo=3, routed)           0.227     1.632    <hidden>
    SLICE_X70Y30         FDCE                                         f  <hidden>
  -------------------------------------------------------------------    -------------------

                         (clock clk_fpga_0 rise edge)
                                                      0.000     0.000 r  
    PS7_X0Y0             PS7                          0.000     0.000 r  design_2_i/processing_system7_0/inst/PS7_i/FCLKCLK[0]
                         net (fo=1, routed)           0.337     0.337    design_2_i/processing_system7_0/inst/FCLK_CLK_unbuffered[0]
    BUFGCTRL_X0Y16       BUFG (Prop_bufg_I_O)         0.029     0.366 r  design_2_i/processing_system7_0/inst/buffer_fclk_clk_0.FCLK_CLK_0_BUFG/O
                         net (fo=2094, routed)        0.844     1.210    <hidden>
    SLICE_X70Y30         FDCE                                         r  <hidden>

Slack:                    inf
  Source:                 design_2_i/rst_ps7_0_50M/U0/ACTIVE_LOW_PR_OUT_DFF[0].FDRE_PER_N/C
                            (rising edge-triggered cell FDRE clocked by clk_fpga_0  {rise@0.000ns fall@10.000ns period=20.000ns})
  Destination:            design_2_i/axi_smc/inst/clk_map/psr_aclk/U0/EXT_LPF/ACTIVE_LOW_AUX.ACT_LO_AUX/syncstages_ff_reg[0]/D
                            (rising edge-triggered cell FDRE clocked by clk_fpga_0  {rise@0.000ns fall@10.000ns period=20.000ns})
  Path Group:             (none)
  Path Type:              Hold (Min at Fast Process Corner)
  Data Path Delay:        0.718ns  (logic 0.209ns (29.095%)  route 0.509ns (70.905%))
  Logic Levels:           1  (LUT1=1)
  Clock Path Skew:        0.271ns (DCD - SCD - CPR)
    Destination Clock Delay (DCD):    1.219ns
    Source Clock Delay      (SCD):    0.948ns
    Clock Pessimism Removal (CPR):    -0.000ns
  Clock Uncertainty:      0.302ns  ((TSJ^2 + TIJ^2)^1/2 + DJ) / 2 + PE
    Total System Jitter     (TSJ):    0.071ns
    Total Input Jitter      (TIJ):    0.600ns
    Discrete Jitter          (DJ):    0.000ns
    Phase Error              (PE):    0.000ns
  Timing Exception:       False Path

    Location             Delay type                Incr(ns)  Path(ns)    Netlist Resource(s)
  -------------------------------------------------------------------    -------------------
                         (clock clk_fpga_0 rise edge)
                                                      0.000     0.000 r  
    PS7_X0Y0             PS7                          0.000     0.000 r  design_2_i/processing_system7_0/inst/PS7_i/FCLKCLK[0]
                         net (fo=1, routed)           0.310     0.310    design_2_i/processing_system7_0/inst/FCLK_CLK_unbuffered[0]
    BUFGCTRL_X0Y16       BUFG (Prop_bufg_I_O)         0.026     0.336 r  design_2_i/processing_system7_0/inst/buffer_fclk_clk_0.FCLK_CLK_0_BUFG/O
                         net (fo=2094, routed)        0.612     0.948    design_2_i/rst_ps7_0_50M/U0/slowest_sync_clk
    SLICE_X90Y3          FDRE                                         r  design_2_i/rst_ps7_0_50M/U0/ACTIVE_LOW_PR_OUT_DFF[0].FDRE_PER_N/C
  -------------------------------------------------------------------    -------------------
    SLICE_X90Y3          FDRE (Prop_fdre_C_Q)         0.164     1.112 f  design_2_i/rst_ps7_0_50M/U0/ACTIVE_LOW_PR_OUT_DFF[0].FDRE_PER_N/Q
                         net (fo=22, routed)          0.509     1.621    design_2_i/axi_smc/inst/clk_map/psr_aclk/U0/EXT_LPF/aresetn
    SLICE_X88Y13         LUT1 (Prop_lut1_I0_O)        0.045     1.666 r  design_2_i/axi_smc/inst/clk_map/psr_aclk/U0/EXT_LPF/ACTIVE_LOW_AUX.ACT_LO_AUX_i_1/O
                         net (fo=1, routed)           0.000     1.666    design_2_i/axi_smc/inst/clk_map/psr_aclk/U0/EXT_LPF/ACTIVE_LOW_AUX.ACT_LO_AUX/src_in
    SLICE_X88Y13         FDRE                                         r  design_2_i/axi_smc/inst/clk_map/psr_aclk/U0/EXT_LPF/ACTIVE_LOW_AUX.ACT_LO_AUX/syncstages_ff_reg[0]/D
  -------------------------------------------------------------------    -------------------

                         (clock clk_fpga_0 rise edge)
                                                      0.000     0.000 r  
    PS7_X0Y0             PS7                          0.000     0.000 r  design_2_i/processing_system7_0/inst/PS7_i/FCLKCLK[0]
                         net (fo=1, routed)           0.337     0.337    design_2_i/processing_system7_0/inst/FCLK_CLK_unbuffered[0]
    BUFGCTRL_X0Y16       BUFG (Prop_bufg_I_O)         0.029     0.366 r  design_2_i/processing_system7_0/inst/buffer_fclk_clk_0.FCLK_CLK_0_BUFG/O
                         net (fo=2094, routed)        0.853     1.219    design_2_i/axi_smc/inst/clk_map/psr_aclk/U0/EXT_LPF/ACTIVE_LOW_AUX.ACT_LO_AUX/dest_clk
    SLICE_X88Y13         FDRE                                         r  design_2_i/axi_smc/inst/clk_map/psr_aclk/U0/EXT_LPF/ACTIVE_LOW_AUX.ACT_LO_AUX/syncstages_ff_reg[0]/C





--------------------------------------------------------------------------------------
Path Group:  (none)
From Clock:  
  To Clock:  

Max Delay          4192 Endpoints
Min Delay          4192 Endpoints
--------------------------------------------------------------------------------------


Max Delay Paths
--------------------------------------------------------------------------------------
Slack:                    inf
  Source:                 design_2_i/top_onn_system_wrapp_0/inst/riya/onn_1/phi_out_reg[39][1]/C
                            (rising edge-triggered cell FDRE)
  Destination:            design_2_i/top_onn_system_wrapp_0/inst/riya/onn_1/nin_inst/nin_reg[4]/D
  Path Group:             (none)
  Path Type:              Max at Slow Process Corner
  Data Path Delay:        55.689ns  (logic 5.123ns (9.199%)  route 50.566ns (90.801%))
  Logic Levels:           24  (CARRY4=13 FDRE=1 LUT2=1 LUT3=1 LUT4=1 LUT5=2 LUT6=3 MUXF7=1 MUXF8=1)

    Location             Delay type                Incr(ns)  Path(ns)    Netlist Resource(s)
  -------------------------------------------------------------------    -------------------
    SLICE_X40Y77         FDRE                         0.000     0.000 r  design_2_i/top_onn_system_wrapp_0/inst/riya/onn_1/phi_out_reg[39][1]/C
    SLICE_X40Y77         FDRE (Prop_fdre_C_Q)         0.456     0.456 r  design_2_i/top_onn_system_wrapp_0/inst/riya/onn_1/phi_out_reg[39][1]/Q
                         net (fo=14, routed)          4.713     5.169    design_2_i/top_onn_system_wrapp_0/inst/riya/onn_1/gen_osc[39].os/Q[1]
    SLICE_X79Y9          LUT6 (Prop_lut6_I2_O)        0.124     5.293 r  design_2_i/top_onn_system_wrapp_0/inst/riya/onn_1/gen_osc[39].os/signal_d_i_5/O
                         net (fo=1, routed)           0.000     5.293    design_2_i/top_onn_system_wrapp_0/inst/riya/onn_1/gen_osc[39].os/signal_d_i_5_n_0
    SLICE_X79Y9          MUXF7 (Prop_muxf7_I1_O)      0.245     5.538 r  design_2_i/top_onn_system_wrapp_0/inst/riya/onn_1/gen_osc[39].os/signal_d_reg_i_2/O
                         net (fo=1, routed)           0.000     5.538    design_2_i/top_onn_system_wrapp_0/inst/riya/onn_1/gen_osc[39].os/signal_d_reg_i_2_n_0
    SLICE_X79Y9          MUXF8 (Prop_muxf8_I0_O)      0.104     5.642 r  design_2_i/top_onn_system_wrapp_0/inst/riya/onn_1/gen_osc[39].os/signal_d_reg_i_1/O
                         net (fo=1902, routed)       30.664    36.306    design_2_i/top_onn_system_wrapp_0/inst/riya/onn_1/gen_osc[0].os/nin[23]_i_798[0]
    SLICE_X62Y53         LUT5 (Prop_lut5_I1_O)        0.316    36.622 r  design_2_i/top_onn_system_wrapp_0/inst/riya/onn_1/gen_osc[0].os/nin[30]_i_1473/O
                         net (fo=2, routed)           0.944    37.567    design_2_i/top_onn_system_wrapp_0/inst/riya/onn_1/gen_osc[0].os/nin[30]_i_1473_n_0
    SLICE_X62Y53         LUT6 (Prop_lut6_I5_O)        0.124    37.691 f  design_2_i/top_onn_system_wrapp_0/inst/riya/onn_1/gen_osc[0].os/nin[30]_i_1293/O
                         net (fo=50, routed)          6.549    44.239    design_2_i/top_onn_system_wrapp_0/inst/riya/onn_1/gen_osc[39].os/nin_reg[1]_i_747_0
    SLICE_X81Y137        LUT3 (Prop_lut3_I2_O)        0.152    44.391 r  design_2_i/top_onn_system_wrapp_0/inst/riya/onn_1/gen_osc[39].os/nin[4]_i_1093/O
                         net (fo=2, routed)           0.970    45.362    design_2_i/top_onn_system_wrapp_0/inst/riya/onn_1/gen_osc[39].os/nin[4]_i_1093_n_0
    SLICE_X67Y138        LUT4 (Prop_lut4_I3_O)        0.326    45.688 r  design_2_i/top_onn_system_wrapp_0/inst/riya/onn_1/gen_osc[39].os/nin[4]_i_1096/O
                         net (fo=1, routed)           0.000    45.688    design_2_i/top_onn_system_wrapp_0/inst/riya/onn_1/gen_osc[39].os/nin[4]_i_1096_n_0
    SLICE_X67Y138        CARRY4 (Prop_carry4_S[2]_O[2])
                                                      0.248    45.936 r  design_2_i/top_onn_system_wrapp_0/inst/riya/onn_1/gen_osc[39].os/nin_reg[4]_i_747/O[2]
                         net (fo=5, routed)           3.195    49.131    design_2_i/top_onn_system_wrapp_0/inst/riya/onn_1/gen_osc[24].os/nin_reg[4]_i_284_0[1]
    SLICE_X86Y88         LUT5 (Prop_lut5_I2_O)        0.302    49.433 r  design_2_i/top_onn_system_wrapp_0/inst/riya/onn_1/gen_osc[24].os/nin[4]_i_530/O
                         net (fo=2, routed)           2.359    51.793    design_2_i/top_onn_system_wrapp_0/inst/riya/onn_1/gen_osc[24].os/nin[4]_i_530_n_0
    SLICE_X84Y125        LUT6 (Prop_lut6_I0_O)        0.124    51.917 r  design_2_i/top_onn_system_wrapp_0/inst/riya/onn_1/gen_osc[24].os/nin[4]_i_534/O
                         net (fo=1, routed)           0.000    51.917    design_2_i/top_onn_system_wrapp_0/inst/riya/onn_1/gen_osc[24].os/nin[4]_i_534_n_0
    SLICE_X84Y125        CARRY4 (Prop_carry4_S[3]_CO[3])
                                                      0.401    52.318 r  design_2_i/top_onn_system_wrapp_0/inst/riya/onn_1/gen_osc[24].os/nin_reg[4]_i_285/CO[3]
                         net (fo=1, routed)           0.000    52.318    design_2_i/top_onn_system_wrapp_0/inst/riya/onn_1/gen_osc[24].os/nin_reg[4]_i_285_n_0
    SLICE_X84Y126        CARRY4 (Prop_carry4_CI_CO[3])
                                                      0.114    52.432 r  design_2_i/top_onn_system_wrapp_0/inst/riya/onn_1/gen_osc[24].os/nin_reg[4]_i_284/CO[3]
                         net (fo=1, routed)           0.000    52.432    design_2_i/top_onn_system_wrapp_0/inst/riya/onn_1/gen_osc[39].os/nin[4]_i_81_0[0]
    SLICE_X84Y127        CARRY4 (Prop_carry4_CI_CO[3])
                                                      0.114    52.546 r  design_2_i/top_onn_system_wrapp_0/inst/riya/onn_1/gen_osc[39].os/nin_reg[4]_i_178/CO[3]
                         net (fo=1, routed)           0.000    52.546    design_2_i/top_onn_system_wrapp_0/inst/riya/onn_1/gen_osc[39].os/nin_reg[4]_i_178_n_0
    SLICE_X84Y128        CARRY4 (Prop_carry4_CI_CO[3])
                                                      0.114    52.660 r  design_2_i/top_onn_system_wrapp_0/inst/riya/onn_1/gen_osc[39].os/nin_reg[4]_i_177/CO[3]
                         net (fo=1, routed)           0.000    52.660    design_2_i/top_onn_system_wrapp_0/inst/riya/onn_1/gen_osc[39].os/nin_reg[4]_i_177_n_0
    SLICE_X84Y129        CARRY4 (Prop_carry4_CI_CO[3])
                                                      0.114    52.774 r  design_2_i/top_onn_system_wrapp_0/inst/riya/onn_1/gen_osc[39].os/nin_reg[4]_i_87/CO[3]
                         net (fo=1, routed)           0.000    52.774    design_2_i/top_onn_system_wrapp_0/inst/riya/onn_1/gen_osc[39].os/nin_reg[4]_i_87_n_0
    SLICE_X84Y130        CARRY4 (Prop_carry4_CI_CO[3])
                                                      0.114    52.888 r  design_2_i/top_onn_system_wrapp_0/inst/riya/onn_1/gen_osc[39].os/nin_reg[4]_i_86/CO[3]
                         net (fo=1, routed)           0.000    52.888    design_2_i/top_onn_system_wrapp_0/inst/riya/onn_1/gen_osc[39].os/nin_reg[4]_i_86_n_0
    SLICE_X84Y131        CARRY4 (Prop_carry4_CI_CO[3])
                                                      0.114    53.002 r  design_2_i/top_onn_system_wrapp_0/inst/riya/onn_1/gen_osc[39].os/nin_reg[4]_i_49/CO[3]
                         net (fo=1, routed)           0.000    53.002    design_2_i/top_onn_system_wrapp_0/inst/riya/onn_1/gen_osc[39].os/nin_reg[4]_i_49_n_0
    SLICE_X84Y132        CARRY4 (Prop_carry4_CI_CO[3])
                                                      0.114    53.116 r  design_2_i/top_onn_system_wrapp_0/inst/riya/onn_1/gen_osc[39].os/nin_reg[4]_i_48/CO[3]
                         net (fo=1, routed)           0.000    53.116    design_2_i/top_onn_system_wrapp_0/inst/riya/onn_1/gen_osc[39].os/nin_reg[4]_i_48_n_0
    SLICE_X84Y133        CARRY4 (Prop_carry4_CI_CO[3])
                                                      0.114    53.230 r  design_2_i/top_onn_system_wrapp_0/inst/riya/onn_1/gen_osc[39].os/nin_reg[4]_i_29/CO[3]
                         net (fo=1, routed)           0.000    53.230    design_2_i/top_onn_system_wrapp_0/inst/riya/onn_1/gen_osc[39].os/nin_reg[4]_i_29_n_0
    SLICE_X84Y134        CARRY4 (Prop_carry4_CI_CO[3])
                                                      0.114    53.344 r  design_2_i/top_onn_system_wrapp_0/inst/riya/onn_1/gen_osc[39].os/nin_reg[4]_i_28/CO[3]
                         net (fo=1, routed)           0.000    53.344    design_2_i/top_onn_system_wrapp_0/inst/riya/onn_1/gen_osc[39].os/nin_reg[4]_i_28_n_0
    SLICE_X84Y135        CARRY4 (Prop_carry4_CI_O[1])
                                                      0.334    53.678 f  design_2_i/top_onn_system_wrapp_0/inst/riya/onn_1/gen_osc[39].os/nin_reg[4]_i_17/O[1]
                         net (fo=2, routed)           1.171    54.848    design_2_i/top_onn_system_wrapp_0/inst/riya/onn_1/gen_osc[39].os/nin_reg[4]_i_17_n_6
    SLICE_X66Y136        LUT2 (Prop_lut2_I1_O)        0.303    55.151 r  design_2_i/top_onn_system_wrapp_0/inst/riya/onn_1/gen_osc[39].os/nin[4]_i_7/O
                         net (fo=1, routed)           0.000    55.151    design_2_i/top_onn_system_wrapp_0/inst/riya/onn_1/gen_osc[39].os/nin[4]_i_7_n_0
    SLICE_X66Y136        CARRY4 (Prop_carry4_S[0]_CO[2])
                                                      0.538    55.689 r  design_2_i/top_onn_system_wrapp_0/inst/riya/onn_1/gen_osc[39].os/nin_reg[4]_i_1/CO[2]
                         net (fo=1, routed)           0.000    55.689    design_2_i/top_onn_system_wrapp_0/inst/riya/onn_1/nin_inst/D[4]
    SLICE_X66Y136        FDRE                                         r  design_2_i/top_onn_system_wrapp_0/inst/riya/onn_1/nin_inst/nin_reg[4]/D
  -------------------------------------------------------------------    -------------------

Slack:                    inf
  Source:                 design_2_i/top_onn_system_wrapp_0/inst/riya/onn_1/phi_out_reg[39][1]/C
                            (rising edge-triggered cell FDRE)
  Destination:            design_2_i/top_onn_system_wrapp_0/inst/riya/onn_1/nin_inst/nin_reg[3]/D
  Path Group:             (none)
  Path Type:              Max at Slow Process Corner
  Data Path Delay:        55.044ns  (logic 4.896ns (8.895%)  route 50.148ns (91.105%))
  Logic Levels:           24  (CARRY4=13 FDRE=1 LUT2=1 LUT4=1 LUT5=2 LUT6=4 MUXF7=1 MUXF8=1)

    Location             Delay type                Incr(ns)  Path(ns)    Netlist Resource(s)
  -------------------------------------------------------------------    -------------------
    SLICE_X40Y77         FDRE                         0.000     0.000 r  design_2_i/top_onn_system_wrapp_0/inst/riya/onn_1/phi_out_reg[39][1]/C
    SLICE_X40Y77         FDRE (Prop_fdre_C_Q)         0.456     0.456 r  design_2_i/top_onn_system_wrapp_0/inst/riya/onn_1/phi_out_reg[39][1]/Q
                         net (fo=14, routed)          4.713     5.169    design_2_i/top_onn_system_wrapp_0/inst/riya/onn_1/gen_osc[39].os/Q[1]
    SLICE_X79Y9          LUT6 (Prop_lut6_I2_O)        0.124     5.293 r  design_2_i/top_onn_system_wrapp_0/inst/riya/onn_1/gen_osc[39].os/signal_d_i_5/O
                         net (fo=1, routed)           0.000     5.293    design_2_i/top_onn_system_wrapp_0/inst/riya/onn_1/gen_osc[39].os/signal_d_i_5_n_0
    SLICE_X79Y9          MUXF7 (Prop_muxf7_I1_O)      0.245     5.538 r  design_2_i/top_onn_system_wrapp_0/inst/riya/onn_1/gen_osc[39].os/signal_d_reg_i_2/O
                         net (fo=1, routed)           0.000     5.538    design_2_i/top_onn_system_wrapp_0/inst/riya/onn_1/gen_osc[39].os/signal_d_reg_i_2_n_0
    SLICE_X79Y9          MUXF8 (Prop_muxf8_I0_O)      0.104     5.642 r  design_2_i/top_onn_system_wrapp_0/inst/riya/onn_1/gen_osc[39].os/signal_d_reg_i_1/O
                         net (fo=1902, routed)       30.664    36.306    design_2_i/top_onn_system_wrapp_0/inst/riya/onn_1/gen_osc[0].os/nin[23]_i_798[0]
    SLICE_X62Y53         LUT5 (Prop_lut5_I1_O)        0.316    36.622 r  design_2_i/top_onn_system_wrapp_0/inst/riya/onn_1/gen_osc[0].os/nin[30]_i_1473/O
                         net (fo=2, routed)           0.944    37.567    design_2_i/top_onn_system_wrapp_0/inst/riya/onn_1/gen_osc[0].os/nin[30]_i_1473_n_0
    SLICE_X62Y53         LUT6 (Prop_lut6_I5_O)        0.124    37.691 r  design_2_i/top_onn_system_wrapp_0/inst/riya/onn_1/gen_osc[0].os/nin[30]_i_1293/O
                         net (fo=50, routed)          6.904    44.595    design_2_i/top_onn_system_wrapp_0/inst/riya/onn_1/gen_osc[36].os/nin_reg[1]_i_747_0
    SLICE_X97Y138        LUT4 (Prop_lut4_I2_O)        0.124    44.719 r  design_2_i/top_onn_system_wrapp_0/inst/riya/onn_1/gen_osc[36].os/nin[3]_i_1094/O
                         net (fo=1, routed)           0.000    44.719    design_2_i/top_onn_system_wrapp_0/inst/riya/onn_1/gen_osc[39].os/nin[3]_i_535_0[1]
    SLICE_X97Y138        CARRY4 (Prop_carry4_S[1]_O[1])
                                                      0.227    44.946 r  design_2_i/top_onn_system_wrapp_0/inst/riya/onn_1/gen_osc[39].os/nin_reg[3]_i_745/O[1]
                         net (fo=3, routed)           2.623    47.569    design_2_i/top_onn_system_wrapp_0/inst/riya/onn_1/gen_osc[13].os/O[0]
    SLICE_X94Y93         LUT6 (Prop_lut6_I4_O)        0.303    47.872 r  design_2_i/top_onn_system_wrapp_0/inst/riya/onn_1/gen_osc[13].os/nin[3]_i_753/O
                         net (fo=2, routed)           2.161    50.033    design_2_i/top_onn_system_wrapp_0/inst/riya/onn_1/gen_osc[13].os/nin[3]_i_753_n_0
    SLICE_X96Y130        LUT5 (Prop_lut5_I4_O)        0.124    50.157 r  design_2_i/top_onn_system_wrapp_0/inst/riya/onn_1/gen_osc[13].os/nin[3]_i_528/O
                         net (fo=2, routed)           0.822    50.979    design_2_i/top_onn_system_wrapp_0/inst/riya/onn_1/gen_osc[13].os/nin[3]_i_528_n_0
    SLICE_X96Y131        LUT6 (Prop_lut6_I0_O)        0.124    51.103 r  design_2_i/top_onn_system_wrapp_0/inst/riya/onn_1/gen_osc[13].os/nin[3]_i_532/O
                         net (fo=1, routed)           0.000    51.103    design_2_i/top_onn_system_wrapp_0/inst/riya/onn_1/gen_osc[13].os/nin[3]_i_532_n_0
    SLICE_X96Y131        CARRY4 (Prop_carry4_S[3]_CO[3])
                                                      0.376    51.479 r  design_2_i/top_onn_system_wrapp_0/inst/riya/onn_1/gen_osc[13].os/nin_reg[3]_i_285/CO[3]
                         net (fo=1, routed)           0.000    51.479    design_2_i/top_onn_system_wrapp_0/inst/riya/onn_1/gen_osc[24].os/nin[3]_i_170_0[0]
    SLICE_X96Y132        CARRY4 (Prop_carry4_CI_CO[3])
                                                      0.117    51.596 r  design_2_i/top_onn_system_wrapp_0/inst/riya/onn_1/gen_osc[24].os/nin_reg[3]_i_284/CO[3]
                         net (fo=1, routed)           0.000    51.596    design_2_i/top_onn_system_wrapp_0/inst/riya/onn_1/gen_osc[39].os/nin[3]_i_81_0[0]
    SLICE_X96Y133        CARRY4 (Prop_carry4_CI_CO[3])
                                                      0.117    51.713 r  design_2_i/top_onn_system_wrapp_0/inst/riya/onn_1/gen_osc[39].os/nin_reg[3]_i_178/CO[3]
                         net (fo=1, routed)           0.000    51.713    design_2_i/top_onn_system_wrapp_0/inst/riya/onn_1/gen_osc[39].os/nin_reg[3]_i_178_n_0
    SLICE_X96Y134        CARRY4 (Prop_carry4_CI_CO[3])
                                                      0.117    51.830 r  design_2_i/top_onn_system_wrapp_0/inst/riya/onn_1/gen_osc[39].os/nin_reg[3]_i_177/CO[3]
                         net (fo=1, routed)           0.000    51.830    design_2_i/top_onn_system_wrapp_0/inst/riya/onn_1/gen_osc[39].os/nin_reg[3]_i_177_n_0
    SLICE_X96Y135        CARRY4 (Prop_carry4_CI_CO[3])
                                                      0.117    51.947 r  design_2_i/top_onn_system_wrapp_0/inst/riya/onn_1/gen_osc[39].os/nin_reg[3]_i_87/CO[3]
                         net (fo=1, routed)           0.000    51.947    design_2_i/top_onn_system_wrapp_0/inst/riya/onn_1/gen_osc[39].os/nin_reg[3]_i_87_n_0
    SLICE_X96Y136        CARRY4 (Prop_carry4_CI_CO[3])
                                                      0.117    52.064 r  design_2_i/top_onn_system_wrapp_0/inst/riya/onn_1/gen_osc[39].os/nin_reg[3]_i_86/CO[3]
                         net (fo=1, routed)           0.000    52.064    design_2_i/top_onn_system_wrapp_0/inst/riya/onn_1/gen_osc[39].os/nin_reg[3]_i_86_n_0
    SLICE_X96Y137        CARRY4 (Prop_carry4_CI_CO[3])
                                                      0.117    52.181 r  design_2_i/top_onn_system_wrapp_0/inst/riya/onn_1/gen_osc[39].os/nin_reg[3]_i_49/CO[3]
                         net (fo=1, routed)           0.000    52.181    design_2_i/top_onn_system_wrapp_0/inst/riya/onn_1/gen_osc[39].os/nin_reg[3]_i_49_n_0
    SLICE_X96Y138        CARRY4 (Prop_carry4_CI_CO[3])
                                                      0.117    52.298 r  design_2_i/top_onn_system_wrapp_0/inst/riya/onn_1/gen_osc[39].os/nin_reg[3]_i_48/CO[3]
                         net (fo=1, routed)           0.000    52.298    design_2_i/top_onn_system_wrapp_0/inst/riya/onn_1/gen_osc[39].os/nin_reg[3]_i_48_n_0
    SLICE_X96Y139        CARRY4 (Prop_carry4_CI_CO[3])
                                                      0.117    52.415 r  design_2_i/top_onn_system_wrapp_0/inst/riya/onn_1/gen_osc[39].os/nin_reg[3]_i_29/CO[3]
                         net (fo=1, routed)           0.000    52.415    design_2_i/top_onn_system_wrapp_0/inst/riya/onn_1/gen_osc[39].os/nin_reg[3]_i_29_n_0
    SLICE_X96Y140        CARRY4 (Prop_carry4_CI_CO[3])
                                                      0.117    52.532 r  design_2_i/top_onn_system_wrapp_0/inst/riya/onn_1/gen_osc[39].os/nin_reg[3]_i_28/CO[3]
                         net (fo=1, routed)           0.000    52.532    design_2_i/top_onn_system_wrapp_0/inst/riya/onn_1/gen_osc[39].os/nin_reg[3]_i_28_n_0
    SLICE_X96Y141        CARRY4 (Prop_carry4_CI_O[3])
                                                      0.315    52.847 f  design_2_i/top_onn_system_wrapp_0/inst/riya/onn_1/gen_osc[39].os/nin_reg[3]_i_17/O[3]
                         net (fo=2, routed)           1.317    54.163    design_2_i/top_onn_system_wrapp_0/inst/riya/onn_1/gen_osc[39].os/nin_reg[3]_i_17_n_4
    SLICE_X98Y133        LUT2 (Prop_lut2_I1_O)        0.307    54.470 r  design_2_i/top_onn_system_wrapp_0/inst/riya/onn_1/gen_osc[39].os/nin[3]_i_6/O
                         net (fo=1, routed)           0.000    54.470    design_2_i/top_onn_system_wrapp_0/inst/riya/onn_1/gen_osc[39].os/nin[3]_i_6_n_0
    SLICE_X98Y133        CARRY4 (Prop_carry4_S[1]_CO[2])
                                                      0.574    55.044 r  design_2_i/top_onn_system_wrapp_0/inst/riya/onn_1/gen_osc[39].os/nin_reg[3]_i_1/CO[2]
                         net (fo=1, routed)           0.000    55.044    design_2_i/top_onn_system_wrapp_0/inst/riya/onn_1/nin_inst/D[3]
    SLICE_X98Y133        FDRE                                         r  design_2_i/top_onn_system_wrapp_0/inst/riya/onn_1/nin_inst/nin_reg[3]/D
  -------------------------------------------------------------------    -------------------

Slack:                    inf
  Source:                 design_2_i/top_onn_system_wrapp_0/inst/riya/onn_1/phi_out_reg[39][1]/C
                            (rising edge-triggered cell FDRE)
  Destination:            design_2_i/top_onn_system_wrapp_0/inst/riya/onn_1/nin_inst/nin_reg[16]/D
  Path Group:             (none)
  Path Type:              Max at Slow Process Corner
  Data Path Delay:        54.733ns  (logic 5.266ns (9.621%)  route 49.467ns (90.379%))
  Logic Levels:           24  (CARRY4=12 FDRE=1 LUT2=2 LUT3=1 LUT4=1 LUT5=1 LUT6=4 MUXF7=1 MUXF8=1)

    Location             Delay type                Incr(ns)  Path(ns)    Netlist Resource(s)
  -------------------------------------------------------------------    -------------------
    SLICE_X40Y77         FDRE                         0.000     0.000 r  design_2_i/top_onn_system_wrapp_0/inst/riya/onn_1/phi_out_reg[39][1]/C
    SLICE_X40Y77         FDRE (Prop_fdre_C_Q)         0.456     0.456 r  design_2_i/top_onn_system_wrapp_0/inst/riya/onn_1/phi_out_reg[39][1]/Q
                         net (fo=14, routed)          4.713     5.169    design_2_i/top_onn_system_wrapp_0/inst/riya/onn_1/gen_osc[39].os/Q[1]
    SLICE_X79Y9          LUT6 (Prop_lut6_I2_O)        0.124     5.293 r  design_2_i/top_onn_system_wrapp_0/inst/riya/onn_1/gen_osc[39].os/signal_d_i_5/O
                         net (fo=1, routed)           0.000     5.293    design_2_i/top_onn_system_wrapp_0/inst/riya/onn_1/gen_osc[39].os/signal_d_i_5_n_0
    SLICE_X79Y9          MUXF7 (Prop_muxf7_I1_O)      0.245     5.538 r  design_2_i/top_onn_system_wrapp_0/inst/riya/onn_1/gen_osc[39].os/signal_d_reg_i_2/O
                         net (fo=1, routed)           0.000     5.538    design_2_i/top_onn_system_wrapp_0/inst/riya/onn_1/gen_osc[39].os/signal_d_reg_i_2_n_0
    SLICE_X79Y9          MUXF8 (Prop_muxf8_I0_O)      0.104     5.642 r  design_2_i/top_onn_system_wrapp_0/inst/riya/onn_1/gen_osc[39].os/signal_d_reg_i_1/O
                         net (fo=1902, routed)       30.664    36.306    design_2_i/top_onn_system_wrapp_0/inst/riya/onn_1/gen_osc[0].os/nin[23]_i_798[0]
    SLICE_X62Y53         LUT5 (Prop_lut5_I1_O)        0.316    36.622 r  design_2_i/top_onn_system_wrapp_0/inst/riya/onn_1/gen_osc[0].os/nin[30]_i_1473/O
                         net (fo=2, routed)           0.944    37.567    design_2_i/top_onn_system_wrapp_0/inst/riya/onn_1/gen_osc[0].os/nin[30]_i_1473_n_0
    SLICE_X62Y53         LUT6 (Prop_lut6_I5_O)        0.124    37.691 f  design_2_i/top_onn_system_wrapp_0/inst/riya/onn_1/gen_osc[0].os/nin[30]_i_1293/O
                         net (fo=50, routed)          4.933    42.624    design_2_i/top_onn_system_wrapp_0/inst/riya/onn_1/gen_osc[39].os/nin_reg[1]_i_747_0
    SLICE_X111Y0         LUT3 (Prop_lut3_I2_O)        0.124    42.748 r  design_2_i/top_onn_system_wrapp_0/inst/riya/onn_1/gen_osc[39].os/nin[16]_i_1085/O
                         net (fo=2, routed)           0.949    43.697    design_2_i/top_onn_system_wrapp_0/inst/riya/onn_1/gen_osc[39].os/nin[16]_i_1085_n_0
    SLICE_X111Y2         LUT4 (Prop_lut4_I3_O)        0.124    43.821 r  design_2_i/top_onn_system_wrapp_0/inst/riya/onn_1/gen_osc[39].os/nin[16]_i_1088/O
                         net (fo=1, routed)           0.000    43.821    design_2_i/top_onn_system_wrapp_0/inst/riya/onn_1/gen_osc[39].os/nin[16]_i_1088_n_0
    SLICE_X111Y2         CARRY4 (Prop_carry4_S[2]_CO[3])
                                                      0.398    44.219 r  design_2_i/top_onn_system_wrapp_0/inst/riya/onn_1/gen_osc[39].os/nin_reg[16]_i_745/CO[3]
                         net (fo=1, routed)           0.000    44.219    design_2_i/top_onn_system_wrapp_0/inst/riya/onn_1/gen_osc[39].os/nin_reg[16]_i_745_n_0
    SLICE_X111Y3         CARRY4 (Prop_carry4_CI_O[0])
                                                      0.222    44.441 r  design_2_i/top_onn_system_wrapp_0/inst/riya/onn_1/gen_osc[39].os/nin_reg[16]_i_543/O[0]
                         net (fo=5, routed)           1.486    45.927    design_2_i/top_onn_system_wrapp_0/inst/riya/onn_1/gen_osc[24].os/nin[16]_i_525_0[0]
    SLICE_X102Y13        LUT2 (Prop_lut2_I1_O)        0.299    46.226 r  design_2_i/top_onn_system_wrapp_0/inst/riya/onn_1/gen_osc[24].os/nin[16]_i_746/O
                         net (fo=1, routed)           1.206    47.432    design_2_i/top_onn_system_wrapp_0/inst/riya/onn_1/gen_osc[22].os/nin[16]_i_526_1
    SLICE_X108Y17        LUT6 (Prop_lut6_I3_O)        0.124    47.556 r  design_2_i/top_onn_system_wrapp_0/inst/riya/onn_1/gen_osc[22].os/nin[16]_i_522/O
                         net (fo=2, routed)           2.109    49.666    design_2_i/top_onn_system_wrapp_0/inst/riya/onn_1/gen_osc[24].os/nin[16]_i_170_1[1]
    SLICE_X72Y20         LUT6 (Prop_lut6_I0_O)        0.124    49.790 r  design_2_i/top_onn_system_wrapp_0/inst/riya/onn_1/gen_osc[24].os/nin[16]_i_526/O
                         net (fo=1, routed)           0.000    49.790    design_2_i/top_onn_system_wrapp_0/inst/riya/onn_1/gen_osc[24].os/nin[16]_i_526_n_0
    SLICE_X72Y20         CARRY4 (Prop_carry4_S[1]_CO[3])
                                                      0.550    50.340 r  design_2_i/top_onn_system_wrapp_0/inst/riya/onn_1/gen_osc[24].os/nin_reg[16]_i_284/CO[3]
                         net (fo=1, routed)           0.000    50.340    design_2_i/top_onn_system_wrapp_0/inst/riya/onn_1/gen_osc[39].os/nin[16]_i_81_0[0]
    SLICE_X72Y21         CARRY4 (Prop_carry4_CI_CO[3])
                                                      0.114    50.454 r  design_2_i/top_onn_system_wrapp_0/inst/riya/onn_1/gen_osc[39].os/nin_reg[16]_i_178/CO[3]
                         net (fo=1, routed)           0.000    50.454    design_2_i/top_onn_system_wrapp_0/inst/riya/onn_1/gen_osc[39].os/nin_reg[16]_i_178_n_0
    SLICE_X72Y22         CARRY4 (Prop_carry4_CI_CO[3])
                                                      0.114    50.568 r  design_2_i/top_onn_system_wrapp_0/inst/riya/onn_1/gen_osc[39].os/nin_reg[16]_i_177/CO[3]
                         net (fo=1, routed)           0.000    50.568    design_2_i/top_onn_system_wrapp_0/inst/riya/onn_1/gen_osc[39].os/nin_reg[16]_i_177_n_0
    SLICE_X72Y23         CARRY4 (Prop_carry4_CI_CO[3])
                                                      0.114    50.682 r  design_2_i/top_onn_system_wrapp_0/inst/riya/onn_1/gen_osc[39].os/nin_reg[16]_i_87/CO[3]
                         net (fo=1, routed)           0.000    50.682    design_2_i/top_onn_system_wrapp_0/inst/riya/onn_1/gen_osc[39].os/nin_reg[16]_i_87_n_0
    SLICE_X72Y24         CARRY4 (Prop_carry4_CI_CO[3])
                                                      0.114    50.796 r  design_2_i/top_onn_system_wrapp_0/inst/riya/onn_1/gen_osc[39].os/nin_reg[16]_i_86/CO[3]
                         net (fo=1, routed)           0.009    50.805    design_2_i/top_onn_system_wrapp_0/inst/riya/onn_1/gen_osc[39].os/nin_reg[16]_i_86_n_0
    SLICE_X72Y25         CARRY4 (Prop_carry4_CI_CO[3])
                                                      0.114    50.919 r  design_2_i/top_onn_system_wrapp_0/inst/riya/onn_1/gen_osc[39].os/nin_reg[16]_i_49/CO[3]
                         net (fo=1, routed)           0.000    50.919    design_2_i/top_onn_system_wrapp_0/inst/riya/onn_1/gen_osc[39].os/nin_reg[16]_i_49_n_0
    SLICE_X72Y26         CARRY4 (Prop_carry4_CI_O[3])
                                                      0.313    51.232 f  design_2_i/top_onn_system_wrapp_0/inst/riya/onn_1/gen_osc[39].os/nin_reg[16]_i_48/O[3]
                         net (fo=2, routed)           2.443    53.675    design_2_i/top_onn_system_wrapp_0/inst/riya/onn_1/gen_osc[39].os/nin_reg[16]_i_48_n_4
    SLICE_X111Y23        LUT2 (Prop_lut2_I1_O)        0.306    53.981 r  design_2_i/top_onn_system_wrapp_0/inst/riya/onn_1/gen_osc[39].os/nin[16]_i_24/O
                         net (fo=1, routed)           0.000    53.981    design_2_i/top_onn_system_wrapp_0/inst/riya/onn_1/gen_osc[39].os/nin[16]_i_24_n_0
    SLICE_X111Y23        CARRY4 (Prop_carry4_S[3]_CO[3])
                                                      0.401    54.382 r  design_2_i/top_onn_system_wrapp_0/inst/riya/onn_1/gen_osc[39].os/nin_reg[16]_i_8/CO[3]
                         net (fo=1, routed)           0.000    54.382    design_2_i/top_onn_system_wrapp_0/inst/riya/onn_1/gen_osc[39].os/nin_reg[16]_i_8_n_0
    SLICE_X111Y24        CARRY4 (Prop_carry4_CI_CO[3])
                                                      0.114    54.496 r  design_2_i/top_onn_system_wrapp_0/inst/riya/onn_1/gen_osc[39].os/nin_reg[16]_i_2/CO[3]
                         net (fo=1, routed)           0.009    54.505    design_2_i/top_onn_system_wrapp_0/inst/riya/onn_1/gen_osc[39].os/nin_reg[16]_i_2_n_0
    SLICE_X111Y25        CARRY4 (Prop_carry4_CI_CO[2])
                                                      0.228    54.733 r  design_2_i/top_onn_system_wrapp_0/inst/riya/onn_1/gen_osc[39].os/nin_reg[16]_i_1/CO[2]
                         net (fo=1, routed)           0.000    54.733    design_2_i/top_onn_system_wrapp_0/inst/riya/onn_1/nin_inst/D[16]
    SLICE_X111Y25        FDRE                                         r  design_2_i/top_onn_system_wrapp_0/inst/riya/onn_1/nin_inst/nin_reg[16]/D
  -------------------------------------------------------------------    -------------------

Slack:                    inf
  Source:                 design_2_i/top_onn_system_wrapp_0/inst/riya/onn_1/phi_out_reg[39][1]/C
                            (rising edge-triggered cell FDRE)
  Destination:            design_2_i/top_onn_system_wrapp_0/inst/riya/onn_1/nin_inst/nin_reg[28]/D
  Path Group:             (none)
  Path Type:              Max at Slow Process Corner
  Data Path Delay:        54.566ns  (logic 5.127ns (9.396%)  route 49.439ns (90.604%))
  Logic Levels:           23  (CARRY4=11 FDRE=1 LUT2=1 LUT3=1 LUT4=1 LUT5=2 LUT6=4 MUXF7=1 MUXF8=1)

    Location             Delay type                Incr(ns)  Path(ns)    Netlist Resource(s)
  -------------------------------------------------------------------    -------------------
    SLICE_X40Y77         FDRE                         0.000     0.000 r  design_2_i/top_onn_system_wrapp_0/inst/riya/onn_1/phi_out_reg[39][1]/C
    SLICE_X40Y77         FDRE (Prop_fdre_C_Q)         0.456     0.456 r  design_2_i/top_onn_system_wrapp_0/inst/riya/onn_1/phi_out_reg[39][1]/Q
                         net (fo=14, routed)          4.713     5.169    design_2_i/top_onn_system_wrapp_0/inst/riya/onn_1/gen_osc[39].os/Q[1]
    SLICE_X79Y9          LUT6 (Prop_lut6_I2_O)        0.124     5.293 r  design_2_i/top_onn_system_wrapp_0/inst/riya/onn_1/gen_osc[39].os/signal_d_i_5/O
                         net (fo=1, routed)           0.000     5.293    design_2_i/top_onn_system_wrapp_0/inst/riya/onn_1/gen_osc[39].os/signal_d_i_5_n_0
    SLICE_X79Y9          MUXF7 (Prop_muxf7_I1_O)      0.245     5.538 r  design_2_i/top_onn_system_wrapp_0/inst/riya/onn_1/gen_osc[39].os/signal_d_reg_i_2/O
                         net (fo=1, routed)           0.000     5.538    design_2_i/top_onn_system_wrapp_0/inst/riya/onn_1/gen_osc[39].os/signal_d_reg_i_2_n_0
    SLICE_X79Y9          MUXF8 (Prop_muxf8_I0_O)      0.104     5.642 r  design_2_i/top_onn_system_wrapp_0/inst/riya/onn_1/gen_osc[39].os/signal_d_reg_i_1/O
                         net (fo=1902, routed)       30.664    36.306    design_2_i/top_onn_system_wrapp_0/inst/riya/onn_1/gen_osc[0].os/nin[23]_i_798[0]
    SLICE_X62Y53         LUT5 (Prop_lut5_I1_O)        0.316    36.622 r  design_2_i/top_onn_system_wrapp_0/inst/riya/onn_1/gen_osc[0].os/nin[30]_i_1473/O
                         net (fo=2, routed)           0.944    37.567    design_2_i/top_onn_system_wrapp_0/inst/riya/onn_1/gen_osc[0].os/nin[30]_i_1473_n_0
    SLICE_X62Y53         LUT6 (Prop_lut6_I5_O)        0.124    37.691 f  design_2_i/top_onn_system_wrapp_0/inst/riya/onn_1/gen_osc[0].os/nin[30]_i_1293/O
                         net (fo=50, routed)          6.549    44.239    design_2_i/top_onn_system_wrapp_0/inst/riya/onn_1/gen_osc[39].os/nin_reg[1]_i_747_0
    SLICE_X81Y137        LUT3 (Prop_lut3_I2_O)        0.124    44.363 r  design_2_i/top_onn_system_wrapp_0/inst/riya/onn_1/gen_osc[39].os/nin[28]_i_1088/O
                         net (fo=2, routed)           0.813    45.176    design_2_i/top_onn_system_wrapp_0/inst/riya/onn_1/gen_osc[39].os/nin[28]_i_1088_n_0
    SLICE_X80Y137        LUT4 (Prop_lut4_I3_O)        0.124    45.300 r  design_2_i/top_onn_system_wrapp_0/inst/riya/onn_1/gen_osc[39].os/nin[28]_i_1091/O
                         net (fo=1, routed)           0.000    45.300    design_2_i/top_onn_system_wrapp_0/inst/riya/onn_1/gen_osc[39].os/nin[28]_i_1091_n_0
    SLICE_X80Y137        CARRY4 (Prop_carry4_S[2]_O[3])
                                                      0.352    45.652 r  design_2_i/top_onn_system_wrapp_0/inst/riya/onn_1/gen_osc[39].os/nin_reg[28]_i_749/O[3]
                         net (fo=3, routed)           2.123    47.775    design_2_i/top_onn_system_wrapp_0/inst/riya/onn_1/gen_osc[26].os/nin[28]_i_531_0[1]
    SLICE_X85Y99         LUT6 (Prop_lut6_I0_O)        0.306    48.081 f  design_2_i/top_onn_system_wrapp_0/inst/riya/onn_1/gen_osc[26].os/nin[28]_i_752/O
                         net (fo=2, routed)           1.681    49.761    design_2_i/top_onn_system_wrapp_0/inst/riya/onn_1/gen_osc[26].os/nin_reg[28]_i_747
    SLICE_X82Y124        LUT5 (Prop_lut5_I4_O)        0.124    49.885 r  design_2_i/top_onn_system_wrapp_0/inst/riya/onn_1/gen_osc[26].os/nin[28]_i_527/O
                         net (fo=2, routed)           0.991    50.877    design_2_i/top_onn_system_wrapp_0/inst/riya/onn_1/gen_osc[26].os/nin[28]_i_752_0[0]
    SLICE_X82Y126        LUT6 (Prop_lut6_I0_O)        0.124    51.001 r  design_2_i/top_onn_system_wrapp_0/inst/riya/onn_1/gen_osc[26].os/nin[28]_i_531/O
                         net (fo=1, routed)           0.000    51.001    design_2_i/top_onn_system_wrapp_0/inst/riya/onn_1/gen_osc[23].os/nin[28]_i_170_1[0]
    SLICE_X82Y126        CARRY4 (Prop_carry4_S[0]_CO[3])
                                                      0.513    51.514 r  design_2_i/top_onn_system_wrapp_0/inst/riya/onn_1/gen_osc[23].os/nin_reg[28]_i_284/CO[3]
                         net (fo=1, routed)           0.000    51.514    design_2_i/top_onn_system_wrapp_0/inst/riya/onn_1/gen_osc[39].os/nin[28]_i_81_0[0]
    SLICE_X82Y127        CARRY4 (Prop_carry4_CI_CO[3])
                                                      0.117    51.631 r  design_2_i/top_onn_system_wrapp_0/inst/riya/onn_1/gen_osc[39].os/nin_reg[28]_i_178/CO[3]
                         net (fo=1, routed)           0.000    51.631    design_2_i/top_onn_system_wrapp_0/inst/riya/onn_1/gen_osc[39].os/nin_reg[28]_i_178_n_0
    SLICE_X82Y128        CARRY4 (Prop_carry4_CI_CO[3])
                                                      0.117    51.748 r  design_2_i/top_onn_system_wrapp_0/inst/riya/onn_1/gen_osc[39].os/nin_reg[28]_i_177/CO[3]
                         net (fo=1, routed)           0.000    51.748    design_2_i/top_onn_system_wrapp_0/inst/riya/onn_1/gen_osc[39].os/nin_reg[28]_i_177_n_0
    SLICE_X82Y129        CARRY4 (Prop_carry4_CI_CO[3])
                                                      0.117    51.865 r  design_2_i/top_onn_system_wrapp_0/inst/riya/onn_1/gen_osc[39].os/nin_reg[28]_i_87/CO[3]
                         net (fo=1, routed)           0.000    51.865    design_2_i/top_onn_system_wrapp_0/inst/riya/onn_1/gen_osc[39].os/nin_reg[28]_i_87_n_0
    SLICE_X82Y130        CARRY4 (Prop_carry4_CI_CO[3])
                                                      0.117    51.982 r  design_2_i/top_onn_system_wrapp_0/inst/riya/onn_1/gen_osc[39].os/nin_reg[28]_i_86/CO[3]
                         net (fo=1, routed)           0.000    51.982    design_2_i/top_onn_system_wrapp_0/inst/riya/onn_1/gen_osc[39].os/nin_reg[28]_i_86_n_0
    SLICE_X82Y131        CARRY4 (Prop_carry4_CI_CO[3])
                                                      0.117    52.099 r  design_2_i/top_onn_system_wrapp_0/inst/riya/onn_1/gen_osc[39].os/nin_reg[28]_i_49/CO[3]
                         net (fo=1, routed)           0.000    52.099    design_2_i/top_onn_system_wrapp_0/inst/riya/onn_1/gen_osc[39].os/nin_reg[28]_i_49_n_0
    SLICE_X82Y132        CARRY4 (Prop_carry4_CI_CO[3])
                                                      0.117    52.216 r  design_2_i/top_onn_system_wrapp_0/inst/riya/onn_1/gen_osc[39].os/nin_reg[28]_i_48/CO[3]
                         net (fo=1, routed)           0.000    52.216    design_2_i/top_onn_system_wrapp_0/inst/riya/onn_1/gen_osc[39].os/nin_reg[28]_i_48_n_0
    SLICE_X82Y133        CARRY4 (Prop_carry4_CI_O[1])
                                                      0.323    52.539 f  design_2_i/top_onn_system_wrapp_0/inst/riya/onn_1/gen_osc[39].os/nin_reg[28]_i_29/O[1]
                         net (fo=2, routed)           0.962    53.500    design_2_i/top_onn_system_wrapp_0/inst/riya/onn_1/gen_osc[39].os/nin_reg[28]_i_29_n_6
    SLICE_X81Y135        LUT2 (Prop_lut2_I1_O)        0.306    53.806 r  design_2_i/top_onn_system_wrapp_0/inst/riya/onn_1/gen_osc[39].os/nin[28]_i_16/O
                         net (fo=1, routed)           0.000    53.806    design_2_i/top_onn_system_wrapp_0/inst/riya/onn_1/gen_osc[39].os/nin[28]_i_16_n_0
    SLICE_X81Y135        CARRY4 (Prop_carry4_S[0]_CO[3])
                                                      0.532    54.338 r  design_2_i/top_onn_system_wrapp_0/inst/riya/onn_1/gen_osc[39].os/nin_reg[28]_i_2/CO[3]
                         net (fo=1, routed)           0.000    54.338    design_2_i/top_onn_system_wrapp_0/inst/riya/onn_1/gen_osc[39].os/nin_reg[28]_i_2_n_0
    SLICE_X81Y136        CARRY4 (Prop_carry4_CI_CO[2])
                                                      0.228    54.566 r  design_2_i/top_onn_system_wrapp_0/inst/riya/onn_1/gen_osc[39].os/nin_reg[28]_i_1/CO[2]
                         net (fo=1, routed)           0.000    54.566    design_2_i/top_onn_system_wrapp_0/inst/riya/onn_1/nin_inst/D[28]
    SLICE_X81Y136        FDRE                                         r  design_2_i/top_onn_system_wrapp_0/inst/riya/onn_1/nin_inst/nin_reg[28]/D
  -------------------------------------------------------------------    -------------------

Slack:                    inf
  Source:                 design_2_i/top_onn_system_wrapp_0/inst/riya/onn_1/phi_out_reg[39][1]/C
                            (rising edge-triggered cell FDRE)
  Destination:            design_2_i/top_onn_system_wrapp_0/inst/riya/onn_1/nin_inst/nin_reg[25]/D
  Path Group:             (none)
  Path Type:              Max at Slow Process Corner
  Data Path Delay:        54.412ns  (logic 5.118ns (9.406%)  route 49.294ns (90.594%))
  Logic Levels:           23  (CARRY4=11 FDRE=1 LUT2=1 LUT3=1 LUT4=1 LUT5=2 LUT6=4 MUXF7=1 MUXF8=1)

    Location             Delay type                Incr(ns)  Path(ns)    Netlist Resource(s)
  -------------------------------------------------------------------    -------------------
    SLICE_X40Y77         FDRE                         0.000     0.000 r  design_2_i/top_onn_system_wrapp_0/inst/riya/onn_1/phi_out_reg[39][1]/C
    SLICE_X40Y77         FDRE (Prop_fdre_C_Q)         0.456     0.456 r  design_2_i/top_onn_system_wrapp_0/inst/riya/onn_1/phi_out_reg[39][1]/Q
                         net (fo=14, routed)          4.713     5.169    design_2_i/top_onn_system_wrapp_0/inst/riya/onn_1/gen_osc[39].os/Q[1]
    SLICE_X79Y9          LUT6 (Prop_lut6_I2_O)        0.124     5.293 r  design_2_i/top_onn_system_wrapp_0/inst/riya/onn_1/gen_osc[39].os/signal_d_i_5/O
                         net (fo=1, routed)           0.000     5.293    design_2_i/top_onn_system_wrapp_0/inst/riya/onn_1/gen_osc[39].os/signal_d_i_5_n_0
    SLICE_X79Y9          MUXF7 (Prop_muxf7_I1_O)      0.245     5.538 r  design_2_i/top_onn_system_wrapp_0/inst/riya/onn_1/gen_osc[39].os/signal_d_reg_i_2/O
                         net (fo=1, routed)           0.000     5.538    design_2_i/top_onn_system_wrapp_0/inst/riya/onn_1/gen_osc[39].os/signal_d_reg_i_2_n_0
    SLICE_X79Y9          MUXF8 (Prop_muxf8_I0_O)      0.104     5.642 r  design_2_i/top_onn_system_wrapp_0/inst/riya/onn_1/gen_osc[39].os/signal_d_reg_i_1/O
                         net (fo=1902, routed)       30.664    36.306    design_2_i/top_onn_system_wrapp_0/inst/riya/onn_1/gen_osc[0].os/nin[23]_i_798[0]
    SLICE_X62Y53         LUT5 (Prop_lut5_I1_O)        0.316    36.622 r  design_2_i/top_onn_system_wrapp_0/inst/riya/onn_1/gen_osc[0].os/nin[30]_i_1473/O
                         net (fo=2, routed)           0.944    37.567    design_2_i/top_onn_system_wrapp_0/inst/riya/onn_1/gen_osc[0].os/nin[30]_i_1473_n_0
    SLICE_X62Y53         LUT6 (Prop_lut6_I5_O)        0.124    37.691 f  design_2_i/top_onn_system_wrapp_0/inst/riya/onn_1/gen_osc[0].os/nin[30]_i_1293/O
                         net (fo=50, routed)          7.578    45.268    design_2_i/top_onn_system_wrapp_0/inst/riya/onn_1/gen_osc[39].os/nin_reg[1]_i_747_0
    SLICE_X45Y136        LUT3 (Prop_lut3_I2_O)        0.124    45.392 r  design_2_i/top_onn_system_wrapp_0/inst/riya/onn_1/gen_osc[39].os/nin[25]_i_1087/O
                         net (fo=2, routed)           0.837    46.229    design_2_i/top_onn_system_wrapp_0/inst/riya/onn_1/gen_osc[39].os/nin[25]_i_1087_n_0
    SLICE_X45Y137        LUT4 (Prop_lut4_I3_O)        0.124    46.353 r  design_2_i/top_onn_system_wrapp_0/inst/riya/onn_1/gen_osc[39].os/nin[25]_i_1090/O
                         net (fo=1, routed)           0.000    46.353    design_2_i/top_onn_system_wrapp_0/inst/riya/onn_1/gen_osc[39].os/nin[25]_i_1090_n_0
    SLICE_X45Y137        CARRY4 (Prop_carry4_S[2]_O[3])
                                                      0.352    46.705 r  design_2_i/top_onn_system_wrapp_0/inst/riya/onn_1/gen_osc[39].os/nin_reg[25]_i_748/O[3]
                         net (fo=3, routed)           1.590    48.295    design_2_i/top_onn_system_wrapp_0/inst/riya/onn_1/gen_osc[26].os/nin[25]_i_530_0[1]
    SLICE_X62Y130        LUT6 (Prop_lut6_I0_O)        0.306    48.601 f  design_2_i/top_onn_system_wrapp_0/inst/riya/onn_1/gen_osc[26].os/nin[25]_i_751/O
                         net (fo=2, routed)           1.064    49.665    design_2_i/top_onn_system_wrapp_0/inst/riya/onn_1/gen_osc[26].os/nin_reg[25]_i_746
    SLICE_X47Y136        LUT5 (Prop_lut5_I4_O)        0.124    49.789 r  design_2_i/top_onn_system_wrapp_0/inst/riya/onn_1/gen_osc[26].os/nin[25]_i_526/O
                         net (fo=2, routed)           0.739    50.528    design_2_i/top_onn_system_wrapp_0/inst/riya/onn_1/gen_osc[26].os/nin[25]_i_751_0[0]
    SLICE_X43Y137        LUT6 (Prop_lut6_I0_O)        0.124    50.652 r  design_2_i/top_onn_system_wrapp_0/inst/riya/onn_1/gen_osc[26].os/nin[25]_i_530/O
                         net (fo=1, routed)           0.000    50.652    design_2_i/top_onn_system_wrapp_0/inst/riya/onn_1/gen_osc[23].os/nin[25]_i_170_1[0]
    SLICE_X43Y137        CARRY4 (Prop_carry4_S[0]_CO[3])
                                                      0.532    51.184 r  design_2_i/top_onn_system_wrapp_0/inst/riya/onn_1/gen_osc[23].os/nin_reg[25]_i_284/CO[3]
                         net (fo=1, routed)           0.000    51.184    design_2_i/top_onn_system_wrapp_0/inst/riya/onn_1/gen_osc[39].os/nin[25]_i_81_0[0]
    SLICE_X43Y138        CARRY4 (Prop_carry4_CI_CO[3])
                                                      0.114    51.298 r  design_2_i/top_onn_system_wrapp_0/inst/riya/onn_1/gen_osc[39].os/nin_reg[25]_i_178/CO[3]
                         net (fo=1, routed)           0.000    51.298    design_2_i/top_onn_system_wrapp_0/inst/riya/onn_1/gen_osc[39].os/nin_reg[25]_i_178_n_0
    SLICE_X43Y139        CARRY4 (Prop_carry4_CI_CO[3])
                                                      0.114    51.412 r  design_2_i/top_onn_system_wrapp_0/inst/riya/onn_1/gen_osc[39].os/nin_reg[25]_i_177/CO[3]
                         net (fo=1, routed)           0.000    51.412    design_2_i/top_onn_system_wrapp_0/inst/riya/onn_1/gen_osc[39].os/nin_reg[25]_i_177_n_0
    SLICE_X43Y140        CARRY4 (Prop_carry4_CI_CO[3])
                                                      0.114    51.526 r  design_2_i/top_onn_system_wrapp_0/inst/riya/onn_1/gen_osc[39].os/nin_reg[25]_i_87/CO[3]
                         net (fo=1, routed)           0.000    51.526    design_2_i/top_onn_system_wrapp_0/inst/riya/onn_1/gen_osc[39].os/nin_reg[25]_i_87_n_0
    SLICE_X43Y141        CARRY4 (Prop_carry4_CI_CO[3])
                                                      0.114    51.640 r  design_2_i/top_onn_system_wrapp_0/inst/riya/onn_1/gen_osc[39].os/nin_reg[25]_i_86/CO[3]
                         net (fo=1, routed)           0.000    51.640    design_2_i/top_onn_system_wrapp_0/inst/riya/onn_1/gen_osc[39].os/nin_reg[25]_i_86_n_0
    SLICE_X43Y142        CARRY4 (Prop_carry4_CI_CO[3])
                                                      0.114    51.754 r  design_2_i/top_onn_system_wrapp_0/inst/riya/onn_1/gen_osc[39].os/nin_reg[25]_i_49/CO[3]
                         net (fo=1, routed)           0.000    51.754    design_2_i/top_onn_system_wrapp_0/inst/riya/onn_1/gen_osc[39].os/nin_reg[25]_i_49_n_0
    SLICE_X43Y143        CARRY4 (Prop_carry4_CI_CO[3])
                                                      0.114    51.868 r  design_2_i/top_onn_system_wrapp_0/inst/riya/onn_1/gen_osc[39].os/nin_reg[25]_i_48/CO[3]
                         net (fo=1, routed)           0.000    51.868    design_2_i/top_onn_system_wrapp_0/inst/riya/onn_1/gen_osc[39].os/nin_reg[25]_i_48_n_0
    SLICE_X43Y144        CARRY4 (Prop_carry4_CI_O[1])
                                                      0.334    52.202 f  design_2_i/top_onn_system_wrapp_0/inst/riya/onn_1/gen_osc[39].os/nin_reg[25]_i_29/O[1]
                         net (fo=2, routed)           1.165    53.367    design_2_i/top_onn_system_wrapp_0/inst/riya/onn_1/gen_osc[39].os/nin_reg[25]_i_29_n_6
    SLICE_X50Y146        LUT2 (Prop_lut2_I1_O)        0.303    53.670 r  design_2_i/top_onn_system_wrapp_0/inst/riya/onn_1/gen_osc[39].os/nin[25]_i_16/O
                         net (fo=1, routed)           0.000    53.670    design_2_i/top_onn_system_wrapp_0/inst/riya/onn_1/gen_osc[39].os/nin[25]_i_16_n_0
    SLICE_X50Y146        CARRY4 (Prop_carry4_S[0]_CO[3])
                                                      0.513    54.183 r  design_2_i/top_onn_system_wrapp_0/inst/riya/onn_1/gen_osc[39].os/nin_reg[25]_i_2/CO[3]
                         net (fo=1, routed)           0.000    54.183    design_2_i/top_onn_system_wrapp_0/inst/riya/onn_1/gen_osc[39].os/nin_reg[25]_i_2_n_0
    SLICE_X50Y147        CARRY4 (Prop_carry4_CI_CO[2])
                                                      0.229    54.412 r  design_2_i/top_onn_system_wrapp_0/inst/riya/onn_1/gen_osc[39].os/nin_reg[25]_i_1/CO[2]
                         net (fo=1, routed)           0.000    54.412    design_2_i/top_onn_system_wrapp_0/inst/riya/onn_1/nin_inst/D[25]
    SLICE_X50Y147        FDRE                                         r  design_2_i/top_onn_system_wrapp_0/inst/riya/onn_1/nin_inst/nin_reg[25]/D
  -------------------------------------------------------------------    -------------------

Slack:                    inf
  Source:                 design_2_i/top_onn_system_wrapp_0/inst/riya/onn_1/phi_out_reg[2][1]/C
                            (rising edge-triggered cell FDRE)
  Destination:            design_2_i/top_onn_system_wrapp_0/inst/riya/onn_1/nin_inst/nin_reg[24]/D
  Path Group:             (none)
  Path Type:              Max at Slow Process Corner
  Data Path Delay:        53.303ns  (logic 6.535ns (12.260%)  route 46.768ns (87.740%))
  Logic Levels:           25  (CARRY4=14 FDRE=1 LUT2=1 LUT3=3 LUT4=1 LUT5=2 LUT6=1 MUXF7=1 MUXF8=1)

    Location             Delay type                Incr(ns)  Path(ns)    Netlist Resource(s)
  -------------------------------------------------------------------    -------------------
    SLICE_X61Y3          FDRE                         0.000     0.000 r  design_2_i/top_onn_system_wrapp_0/inst/riya/onn_1/phi_out_reg[2][1]/C
    SLICE_X61Y3          FDRE (Prop_fdre_C_Q)         0.456     0.456 r  design_2_i/top_onn_system_wrapp_0/inst/riya/onn_1/phi_out_reg[2][1]/Q
                         net (fo=13, routed)          2.722     3.178    design_2_i/top_onn_system_wrapp_0/inst/riya/onn_1/gen_osc[2].os/Q[1]
    SLICE_X100Y16        LUT6 (Prop_lut6_I2_O)        0.124     3.302 r  design_2_i/top_onn_system_wrapp_0/inst/riya/onn_1/gen_osc[2].os/signal_d_i_4/O
                         net (fo=1, routed)           0.000     3.302    design_2_i/top_onn_system_wrapp_0/inst/riya/onn_1/gen_osc[2].os/signal_d_i_4_n_0
    SLICE_X100Y16        MUXF7 (Prop_muxf7_I0_O)      0.241     3.543 r  design_2_i/top_onn_system_wrapp_0/inst/riya/onn_1/gen_osc[2].os/signal_d_reg_i_2/O
                         net (fo=1, routed)           0.000     3.543    design_2_i/top_onn_system_wrapp_0/inst/riya/onn_1/gen_osc[2].os/signal_d_reg_i_2_n_0
    SLICE_X100Y16        MUXF8 (Prop_muxf8_I0_O)      0.098     3.641 r  design_2_i/top_onn_system_wrapp_0/inst/riya/onn_1/gen_osc[2].os/signal_d_reg_i_1/O
                         net (fo=1995, routed)       29.332    32.973    design_2_i/top_onn_system_wrapp_0/inst/riya/onn_1/gen_osc[3].os/nin_reg[1]_i_713_0[0]
    SLICE_X89Y51         LUT3 (Prop_lut3_I1_O)        0.345    33.318 r  design_2_i/top_onn_system_wrapp_0/inst/riya/onn_1/gen_osc[3].os/nin[38]_i_1524/O
                         net (fo=30, routed)          7.716    41.034    design_2_i/top_onn_system_wrapp_0/inst/riya/onn_1/gen_osc[2].os/nin_reg[20]_i_1108_1
    SLICE_X99Y87         LUT5 (Prop_lut5_I2_O)        0.326    41.360 r  design_2_i/top_onn_system_wrapp_0/inst/riya/onn_1/gen_osc[2].os/nin[24]_i_1389/O
                         net (fo=1, routed)           0.000    41.360    design_2_i/top_onn_system_wrapp_0/inst/riya/onn_1/gen_osc[2].os/nin[24]_i_1389_n_0
    SLICE_X99Y87         CARRY4 (Prop_carry4_S[2]_CO[3])
                                                      0.398    41.758 r  design_2_i/top_onn_system_wrapp_0/inst/riya/onn_1/gen_osc[2].os/nin_reg[24]_i_1120/CO[3]
                         net (fo=1, routed)           0.000    41.758    design_2_i/top_onn_system_wrapp_0/inst/riya/onn_1/gen_osc[2].os/nin_reg[24]_i_1120_n_0
    SLICE_X99Y88         CARRY4 (Prop_carry4_CI_O[2])
                                                      0.239    41.997 r  design_2_i/top_onn_system_wrapp_0/inst/riya/onn_1/gen_osc[2].os/nin_reg[24]_i_1115/O[2]
                         net (fo=2, routed)           1.264    43.261    design_2_i/top_onn_system_wrapp_0/inst/riya/onn_1/gen_osc[23].os/nin_reg[24]_i_550_0[2]
    SLICE_X98Y91         LUT3 (Prop_lut3_I1_O)        0.331    43.592 r  design_2_i/top_onn_system_wrapp_0/inst/riya/onn_1/gen_osc[23].os/nin[24]_i_810/O
                         net (fo=2, routed)           0.847    44.440    design_2_i/top_onn_system_wrapp_0/inst/riya/onn_1/gen_osc[23].os/nin[24]_i_810_n_0
    SLICE_X98Y91         LUT4 (Prop_lut4_I3_O)        0.331    44.771 r  design_2_i/top_onn_system_wrapp_0/inst/riya/onn_1/gen_osc[23].os/nin[24]_i_814/O
                         net (fo=1, routed)           0.000    44.771    design_2_i/top_onn_system_wrapp_0/inst/riya/onn_1/gen_osc[23].os/nin[24]_i_814_n_0
    SLICE_X98Y91         CARRY4 (Prop_carry4_S[3]_CO[3])
                                                      0.376    45.147 r  design_2_i/top_onn_system_wrapp_0/inst/riya/onn_1/gen_osc[23].os/nin_reg[24]_i_550/CO[3]
                         net (fo=1, routed)           0.000    45.147    design_2_i/top_onn_system_wrapp_0/inst/riya/onn_1/gen_osc[23].os/nin_reg[24]_i_550_n_0
    SLICE_X98Y92         CARRY4 (Prop_carry4_CI_CO[3])
                                                      0.117    45.264 r  design_2_i/top_onn_system_wrapp_0/inst/riya/onn_1/gen_osc[23].os/nin_reg[24]_i_543/CO[3]
                         net (fo=1, routed)           0.000    45.264    design_2_i/top_onn_system_wrapp_0/inst/riya/onn_1/gen_osc[23].os/nin_reg[24]_i_543_n_0
    SLICE_X98Y93         CARRY4 (Prop_carry4_CI_CO[3])
                                                      0.117    45.381 r  design_2_i/top_onn_system_wrapp_0/inst/riya/onn_1/gen_osc[23].os/nin_reg[24]_i_311/CO[3]
                         net (fo=1, routed)           0.000    45.381    design_2_i/top_onn_system_wrapp_0/inst/riya/onn_1/gen_osc[23].os/nin_reg[24]_i_311_n_0
    SLICE_X98Y94         CARRY4 (Prop_carry4_CI_CO[3])
                                                      0.117    45.498 r  design_2_i/top_onn_system_wrapp_0/inst/riya/onn_1/gen_osc[23].os/nin_reg[24]_i_304/CO[3]
                         net (fo=1, routed)           0.000    45.498    design_2_i/top_onn_system_wrapp_0/inst/riya/onn_1/gen_osc[23].os/nin_reg[24]_i_304_n_0
    SLICE_X98Y95         CARRY4 (Prop_carry4_CI_CO[3])
                                                      0.117    45.615 r  design_2_i/top_onn_system_wrapp_0/inst/riya/onn_1/gen_osc[23].os/nin_reg[24]_i_204/CO[3]
                         net (fo=1, routed)           0.000    45.615    design_2_i/top_onn_system_wrapp_0/inst/riya/onn_1/gen_osc[23].os/nin_reg[24]_i_204_n_0
    SLICE_X98Y96         CARRY4 (Prop_carry4_CI_CO[3])
                                                      0.117    45.732 r  design_2_i/top_onn_system_wrapp_0/inst/riya/onn_1/gen_osc[23].os/nin_reg[24]_i_197/CO[3]
                         net (fo=1, routed)           0.000    45.732    design_2_i/top_onn_system_wrapp_0/inst/riya/onn_1/gen_osc[23].os/nin_reg[24]_i_197_n_0
    SLICE_X98Y97         CARRY4 (Prop_carry4_CI_CO[3])
                                                      0.117    45.849 r  design_2_i/top_onn_system_wrapp_0/inst/riya/onn_1/gen_osc[23].os/nin_reg[24]_i_113/CO[3]
                         net (fo=1, routed)           0.000    45.849    design_2_i/top_onn_system_wrapp_0/inst/riya/onn_1/gen_osc[23].os/nin_reg[24]_i_113_n_0
    SLICE_X98Y98         CARRY4 (Prop_carry4_CI_CO[3])
                                                      0.117    45.966 r  design_2_i/top_onn_system_wrapp_0/inst/riya/onn_1/gen_osc[23].os/nin_reg[24]_i_106/CO[3]
                         net (fo=1, routed)           0.000    45.966    design_2_i/top_onn_system_wrapp_0/inst/riya/onn_1/gen_osc[23].os/nin_reg[24]_i_106_n_0
    SLICE_X98Y99         CARRY4 (Prop_carry4_CI_O[1])
                                                      0.323    46.289 r  design_2_i/top_onn_system_wrapp_0/inst/riya/onn_1/gen_osc[23].os/nin_reg[24]_i_71/O[1]
                         net (fo=4, routed)           2.558    48.846    design_2_i/top_onn_system_wrapp_0/inst/riya/onn_1/gen_osc[39].os/nin[24]_i_54_1[1]
    SLICE_X112Y114       LUT3 (Prop_lut3_I1_O)        0.306    49.152 r  design_2_i/top_onn_system_wrapp_0/inst/riya/onn_1/gen_osc[39].os/nin[24]_i_109/O
                         net (fo=1, routed)           1.293    50.445    design_2_i/top_onn_system_wrapp_0/inst/riya/onn_1/gen_osc[39].os/nin[24]_i_109_n_0
    SLICE_X112Y110       LUT5 (Prop_lut5_I1_O)        0.124    50.569 r  design_2_i/top_onn_system_wrapp_0/inst/riya/onn_1/gen_osc[39].os/nin[24]_i_56/O
                         net (fo=1, routed)           0.000    50.569    design_2_i/top_onn_system_wrapp_0/inst/riya/onn_1/gen_osc[39].os/nin[24]_i_56_n_0
    SLICE_X112Y110       CARRY4 (Prop_carry4_S[1]_CO[3])
                                                      0.533    51.102 r  design_2_i/top_onn_system_wrapp_0/inst/riya/onn_1/gen_osc[39].os/nin_reg[24]_i_28/CO[3]
                         net (fo=1, routed)           0.000    51.102    design_2_i/top_onn_system_wrapp_0/inst/riya/onn_1/gen_osc[39].os/nin_reg[24]_i_28_n_0
    SLICE_X112Y111       CARRY4 (Prop_carry4_CI_O[1])
                                                      0.323    51.425 f  design_2_i/top_onn_system_wrapp_0/inst/riya/onn_1/gen_osc[39].os/nin_reg[24]_i_17/O[1]
                         net (fo=2, routed)           1.036    52.461    design_2_i/top_onn_system_wrapp_0/inst/riya/onn_1/gen_osc[39].os/nin_inst/nin1__0[41]
    SLICE_X113Y109       LUT2 (Prop_lut2_I1_O)        0.306    52.767 r  design_2_i/top_onn_system_wrapp_0/inst/riya/onn_1/gen_osc[39].os/nin[24]_i_7/O
                         net (fo=1, routed)           0.000    52.767    design_2_i/top_onn_system_wrapp_0/inst/riya/onn_1/gen_osc[39].os/nin[24]_i_7_n_0
    SLICE_X113Y109       CARRY4 (Prop_carry4_S[0]_CO[2])
                                                      0.536    53.303 r  design_2_i/top_onn_system_wrapp_0/inst/riya/onn_1/gen_osc[39].os/nin_reg[24]_i_1/CO[2]
                         net (fo=1, routed)           0.000    53.303    design_2_i/top_onn_system_wrapp_0/inst/riya/onn_1/nin_inst/D[24]
    SLICE_X113Y109       FDRE                                         r  design_2_i/top_onn_system_wrapp_0/inst/riya/onn_1/nin_inst/nin_reg[24]/D
  -------------------------------------------------------------------    -------------------

Slack:                    inf
  Source:                 design_2_i/top_onn_system_wrapp_0/inst/riya/onn_1/phi_out_reg[39][1]/C
                            (rising edge-triggered cell FDRE)
  Destination:            design_2_i/top_onn_system_wrapp_0/inst/riya/onn_1/nin_inst/nin_reg[19]/D
  Path Group:             (none)
  Path Type:              Max at Slow Process Corner
  Data Path Delay:        53.096ns  (logic 5.271ns (9.927%)  route 47.825ns (90.073%))
  Logic Levels:           24  (CARRY4=13 FDRE=1 LUT2=1 LUT3=2 LUT4=1 LUT5=2 LUT6=2 MUXF7=1 MUXF8=1)

    Location             Delay type                Incr(ns)  Path(ns)    Netlist Resource(s)
  -------------------------------------------------------------------    -------------------
    SLICE_X40Y77         FDRE                         0.000     0.000 r  design_2_i/top_onn_system_wrapp_0/inst/riya/onn_1/phi_out_reg[39][1]/C
    SLICE_X40Y77         FDRE (Prop_fdre_C_Q)         0.456     0.456 r  design_2_i/top_onn_system_wrapp_0/inst/riya/onn_1/phi_out_reg[39][1]/Q
                         net (fo=14, routed)          4.713     5.169    design_2_i/top_onn_system_wrapp_0/inst/riya/onn_1/gen_osc[39].os/Q[1]
    SLICE_X79Y9          LUT6 (Prop_lut6_I2_O)        0.124     5.293 r  design_2_i/top_onn_system_wrapp_0/inst/riya/onn_1/gen_osc[39].os/signal_d_i_5/O
                         net (fo=1, routed)           0.000     5.293    design_2_i/top_onn_system_wrapp_0/inst/riya/onn_1/gen_osc[39].os/signal_d_i_5_n_0
    SLICE_X79Y9          MUXF7 (Prop_muxf7_I1_O)      0.245     5.538 r  design_2_i/top_onn_system_wrapp_0/inst/riya/onn_1/gen_osc[39].os/signal_d_reg_i_2/O
                         net (fo=1, routed)           0.000     5.538    design_2_i/top_onn_system_wrapp_0/inst/riya/onn_1/gen_osc[39].os/signal_d_reg_i_2_n_0
    SLICE_X79Y9          MUXF8 (Prop_muxf8_I0_O)      0.104     5.642 r  design_2_i/top_onn_system_wrapp_0/inst/riya/onn_1/gen_osc[39].os/signal_d_reg_i_1/O
                         net (fo=1902, routed)       30.664    36.306    design_2_i/top_onn_system_wrapp_0/inst/riya/onn_1/gen_osc[0].os/nin[23]_i_798[0]
    SLICE_X62Y53         LUT5 (Prop_lut5_I1_O)        0.316    36.622 r  design_2_i/top_onn_system_wrapp_0/inst/riya/onn_1/gen_osc[0].os/nin[30]_i_1473/O
                         net (fo=2, routed)           0.944    37.567    design_2_i/top_onn_system_wrapp_0/inst/riya/onn_1/gen_osc[0].os/nin[30]_i_1473_n_0
    SLICE_X62Y53         LUT6 (Prop_lut6_I5_O)        0.124    37.691 f  design_2_i/top_onn_system_wrapp_0/inst/riya/onn_1/gen_osc[0].os/nin[30]_i_1293/O
                         net (fo=50, routed)          5.541    43.232    design_2_i/top_onn_system_wrapp_0/inst/riya/onn_1/gen_osc[39].os/nin_reg[1]_i_747_0
    SLICE_X37Y4          LUT3 (Prop_lut3_I2_O)        0.124    43.356 r  design_2_i/top_onn_system_wrapp_0/inst/riya/onn_1/gen_osc[39].os/nin[19]_i_1097/O
                         net (fo=2, routed)           0.599    43.955    design_2_i/top_onn_system_wrapp_0/inst/riya/onn_1/gen_osc[39].os/nin[19]_i_1097_n_0
    SLICE_X36Y5          LUT4 (Prop_lut4_I3_O)        0.124    44.079 r  design_2_i/top_onn_system_wrapp_0/inst/riya/onn_1/gen_osc[39].os/nin[19]_i_1100/O
                         net (fo=1, routed)           0.000    44.079    design_2_i/top_onn_system_wrapp_0/inst/riya/onn_1/gen_osc[39].os/nin[19]_i_1100_n_0
    SLICE_X36Y5          CARRY4 (Prop_carry4_S[2]_CO[3])
                                                      0.380    44.459 r  design_2_i/top_onn_system_wrapp_0/inst/riya/onn_1/gen_osc[39].os/nin_reg[19]_i_750/CO[3]
                         net (fo=1, routed)           0.000    44.459    design_2_i/top_onn_system_wrapp_0/inst/riya/onn_1/gen_osc[39].os/nin_reg[19]_i_750_n_0
    SLICE_X36Y6          CARRY4 (Prop_carry4_CI_CO[3])
                                                      0.117    44.576 r  design_2_i/top_onn_system_wrapp_0/inst/riya/onn_1/gen_osc[39].os/nin_reg[19]_i_548/CO[3]
                         net (fo=1, routed)           0.000    44.576    design_2_i/top_onn_system_wrapp_0/inst/riya/onn_1/gen_osc[39].os/nin_reg[19]_i_548_n_0
    SLICE_X36Y7          CARRY4 (Prop_carry4_CI_CO[3])
                                                      0.117    44.693 r  design_2_i/top_onn_system_wrapp_0/inst/riya/onn_1/gen_osc[39].os/nin_reg[19]_i_541/CO[3]
                         net (fo=1, routed)           0.000    44.693    design_2_i/top_onn_system_wrapp_0/inst/riya/onn_1/gen_osc[39].os/nin_reg[19]_i_541_n_0
    SLICE_X36Y8          CARRY4 (Prop_carry4_CI_CO[3])
                                                      0.117    44.810 r  design_2_i/top_onn_system_wrapp_0/inst/riya/onn_1/gen_osc[39].os/nin_reg[19]_i_309/CO[3]
                         net (fo=1, routed)           0.000    44.810    design_2_i/top_onn_system_wrapp_0/inst/riya/onn_1/gen_osc[39].os/nin_reg[19]_i_309_n_0
    SLICE_X36Y9          CARRY4 (Prop_carry4_CI_CO[3])
                                                      0.117    44.927 r  design_2_i/top_onn_system_wrapp_0/inst/riya/onn_1/gen_osc[39].os/nin_reg[19]_i_302/CO[3]
                         net (fo=1, routed)           0.000    44.927    design_2_i/top_onn_system_wrapp_0/inst/riya/onn_1/gen_osc[39].os/nin_reg[19]_i_302_n_0
    SLICE_X36Y10         CARRY4 (Prop_carry4_CI_CO[3])
                                                      0.117    45.044 r  design_2_i/top_onn_system_wrapp_0/inst/riya/onn_1/gen_osc[39].os/nin_reg[19]_i_202/CO[3]
                         net (fo=1, routed)           0.000    45.044    design_2_i/top_onn_system_wrapp_0/inst/riya/onn_1/gen_osc[39].os/nin_reg[19]_i_202_n_0
    SLICE_X36Y11         CARRY4 (Prop_carry4_CI_CO[3])
                                                      0.117    45.161 r  design_2_i/top_onn_system_wrapp_0/inst/riya/onn_1/gen_osc[39].os/nin_reg[19]_i_195/CO[3]
                         net (fo=1, routed)           0.000    45.161    design_2_i/top_onn_system_wrapp_0/inst/riya/onn_1/gen_osc[39].os/nin_reg[19]_i_195_n_0
    SLICE_X36Y12         CARRY4 (Prop_carry4_CI_CO[3])
                                                      0.117    45.278 r  design_2_i/top_onn_system_wrapp_0/inst/riya/onn_1/gen_osc[39].os/nin_reg[19]_i_111/CO[3]
                         net (fo=1, routed)           0.000    45.278    design_2_i/top_onn_system_wrapp_0/inst/riya/onn_1/gen_osc[39].os/nin_reg[19]_i_111_n_0
    SLICE_X36Y13         CARRY4 (Prop_carry4_CI_O[1])
                                                      0.323    45.601 r  design_2_i/top_onn_system_wrapp_0/inst/riya/onn_1/gen_osc[39].os/nin_reg[19]_i_104/O[1]
                         net (fo=4, routed)           2.882    48.483    design_2_i/top_onn_system_wrapp_0/inst/riya/onn_1/gen_osc[39].os/nin_reg[19]_i_104_n_6
    SLICE_X27Y43         LUT3 (Prop_lut3_I0_O)        0.306    48.789 r  design_2_i/top_onn_system_wrapp_0/inst/riya/onn_1/gen_osc[39].os/nin[19]_i_116/O
                         net (fo=1, routed)           1.381    50.171    design_2_i/top_onn_system_wrapp_0/inst/riya/onn_1/gen_osc[39].os/nin[19]_i_116_n_0
    SLICE_X42Y43         LUT5 (Prop_lut5_I1_O)        0.124    50.295 r  design_2_i/top_onn_system_wrapp_0/inst/riya/onn_1/gen_osc[39].os/nin[19]_i_64/O
                         net (fo=1, routed)           0.000    50.295    design_2_i/top_onn_system_wrapp_0/inst/riya/onn_1/gen_osc[39].os/nin[19]_i_64_n_0
    SLICE_X42Y43         CARRY4 (Prop_carry4_S[1]_CO[3])
                                                      0.533    50.828 r  design_2_i/top_onn_system_wrapp_0/inst/riya/onn_1/gen_osc[39].os/nin_reg[19]_i_29/CO[3]
                         net (fo=1, routed)           0.000    50.828    design_2_i/top_onn_system_wrapp_0/inst/riya/onn_1/gen_osc[39].os/nin_reg[19]_i_29_n_0
    SLICE_X42Y44         CARRY4 (Prop_carry4_CI_O[2])
                                                      0.239    51.067 f  design_2_i/top_onn_system_wrapp_0/inst/riya/onn_1/gen_osc[39].os/nin_reg[19]_i_28/O[2]
                         net (fo=2, routed)           1.099    52.166    design_2_i/top_onn_system_wrapp_0/inst/riya/onn_1/gen_osc[39].os/nin_inst/nin1__13[38]
    SLICE_X47Y45         LUT2 (Prop_lut2_I0_O)        0.301    52.467 r  design_2_i/top_onn_system_wrapp_0/inst/riya/onn_1/gen_osc[39].os/nin[19]_i_13/O
                         net (fo=1, routed)           0.000    52.467    design_2_i/top_onn_system_wrapp_0/inst/riya/onn_1/gen_osc[39].os/nin[19]_i_13_n_0
    SLICE_X47Y45         CARRY4 (Prop_carry4_S[3]_CO[3])
                                                      0.401    52.868 r  design_2_i/top_onn_system_wrapp_0/inst/riya/onn_1/gen_osc[39].os/nin_reg[19]_i_2/CO[3]
                         net (fo=1, routed)           0.000    52.868    design_2_i/top_onn_system_wrapp_0/inst/riya/onn_1/gen_osc[39].os/nin_reg[19]_i_2_n_0
    SLICE_X47Y46         CARRY4 (Prop_carry4_CI_CO[2])
                                                      0.228    53.096 r  design_2_i/top_onn_system_wrapp_0/inst/riya/onn_1/gen_osc[39].os/nin_reg[19]_i_1/CO[2]
                         net (fo=1, routed)           0.000    53.096    design_2_i/top_onn_system_wrapp_0/inst/riya/onn_1/nin_inst/D[19]
    SLICE_X47Y46         FDRE                                         r  design_2_i/top_onn_system_wrapp_0/inst/riya/onn_1/nin_inst/nin_reg[19]/D
  -------------------------------------------------------------------    -------------------

Slack:                    inf
  Source:                 design_2_i/top_onn_system_wrapp_0/inst/riya/onn_1/phi_out_reg[39][1]/C
                            (rising edge-triggered cell FDRE)
  Destination:            design_2_i/top_onn_system_wrapp_0/inst/riya/onn_1/nin_inst/nin_reg[20]/D
  Path Group:             (none)
  Path Type:              Max at Slow Process Corner
  Data Path Delay:        52.933ns  (logic 5.377ns (10.158%)  route 47.556ns (89.842%))
  Logic Levels:           24  (CARRY4=12 FDRE=1 LUT2=1 LUT3=1 LUT4=1 LUT5=2 LUT6=4 MUXF7=1 MUXF8=1)

    Location             Delay type                Incr(ns)  Path(ns)    Netlist Resource(s)
  -------------------------------------------------------------------    -------------------
    SLICE_X40Y77         FDRE                         0.000     0.000 r  design_2_i/top_onn_system_wrapp_0/inst/riya/onn_1/phi_out_reg[39][1]/C
    SLICE_X40Y77         FDRE (Prop_fdre_C_Q)         0.456     0.456 r  design_2_i/top_onn_system_wrapp_0/inst/riya/onn_1/phi_out_reg[39][1]/Q
                         net (fo=14, routed)          4.713     5.169    design_2_i/top_onn_system_wrapp_0/inst/riya/onn_1/gen_osc[39].os/Q[1]
    SLICE_X79Y9          LUT6 (Prop_lut6_I2_O)        0.124     5.293 r  design_2_i/top_onn_system_wrapp_0/inst/riya/onn_1/gen_osc[39].os/signal_d_i_5/O
                         net (fo=1, routed)           0.000     5.293    design_2_i/top_onn_system_wrapp_0/inst/riya/onn_1/gen_osc[39].os/signal_d_i_5_n_0
    SLICE_X79Y9          MUXF7 (Prop_muxf7_I1_O)      0.245     5.538 r  design_2_i/top_onn_system_wrapp_0/inst/riya/onn_1/gen_osc[39].os/signal_d_reg_i_2/O
                         net (fo=1, routed)           0.000     5.538    design_2_i/top_onn_system_wrapp_0/inst/riya/onn_1/gen_osc[39].os/signal_d_reg_i_2_n_0
    SLICE_X79Y9          MUXF8 (Prop_muxf8_I0_O)      0.104     5.642 r  design_2_i/top_onn_system_wrapp_0/inst/riya/onn_1/gen_osc[39].os/signal_d_reg_i_1/O
                         net (fo=1902, routed)       30.664    36.306    design_2_i/top_onn_system_wrapp_0/inst/riya/onn_1/gen_osc[0].os/nin[23]_i_798[0]
    SLICE_X62Y53         LUT5 (Prop_lut5_I1_O)        0.316    36.622 r  design_2_i/top_onn_system_wrapp_0/inst/riya/onn_1/gen_osc[0].os/nin[30]_i_1473/O
                         net (fo=2, routed)           0.944    37.567    design_2_i/top_onn_system_wrapp_0/inst/riya/onn_1/gen_osc[0].os/nin[30]_i_1473_n_0
    SLICE_X62Y53         LUT6 (Prop_lut6_I5_O)        0.124    37.691 f  design_2_i/top_onn_system_wrapp_0/inst/riya/onn_1/gen_osc[0].os/nin[30]_i_1293/O
                         net (fo=50, routed)          5.541    43.232    design_2_i/top_onn_system_wrapp_0/inst/riya/onn_1/gen_osc[39].os/nin_reg[1]_i_747_0
    SLICE_X37Y4          LUT3 (Prop_lut3_I2_O)        0.150    43.382 r  design_2_i/top_onn_system_wrapp_0/inst/riya/onn_1/gen_osc[39].os/nin[20]_i_1085/O
                         net (fo=2, routed)           0.593    43.975    design_2_i/top_onn_system_wrapp_0/inst/riya/onn_1/gen_osc[39].os/nin[20]_i_1085_n_0
    SLICE_X38Y4          LUT4 (Prop_lut4_I3_O)        0.332    44.307 r  design_2_i/top_onn_system_wrapp_0/inst/riya/onn_1/gen_osc[39].os/nin[20]_i_1088/O
                         net (fo=1, routed)           0.000    44.307    design_2_i/top_onn_system_wrapp_0/inst/riya/onn_1/gen_osc[39].os/nin[20]_i_1088_n_0
    SLICE_X38Y4          CARRY4 (Prop_carry4_S[2]_O[3])
                                                      0.352    44.659 r  design_2_i/top_onn_system_wrapp_0/inst/riya/onn_1/gen_osc[39].os/nin_reg[20]_i_745/O[3]
                         net (fo=3, routed)           1.831    46.490    design_2_i/top_onn_system_wrapp_0/inst/riya/onn_1/gen_osc[26].os/nin[20]_i_527_0[1]
    SLICE_X47Y21         LUT6 (Prop_lut6_I0_O)        0.307    46.797 f  design_2_i/top_onn_system_wrapp_0/inst/riya/onn_1/gen_osc[26].os/nin[20]_i_748/O
                         net (fo=2, routed)           1.314    48.111    design_2_i/top_onn_system_wrapp_0/inst/riya/onn_1/gen_osc[26].os/nin_reg[20]_i_743
    SLICE_X44Y13         LUT5 (Prop_lut5_I4_O)        0.124    48.235 r  design_2_i/top_onn_system_wrapp_0/inst/riya/onn_1/gen_osc[26].os/nin[20]_i_523/O
                         net (fo=2, routed)           0.901    49.137    design_2_i/top_onn_system_wrapp_0/inst/riya/onn_1/gen_osc[26].os/nin[20]_i_748_0[0]
    SLICE_X39Y13         LUT6 (Prop_lut6_I0_O)        0.124    49.261 r  design_2_i/top_onn_system_wrapp_0/inst/riya/onn_1/gen_osc[26].os/nin[20]_i_527/O
                         net (fo=1, routed)           0.000    49.261    design_2_i/top_onn_system_wrapp_0/inst/riya/onn_1/gen_osc[24].os/nin[20]_i_170_1[0]
    SLICE_X39Y13         CARRY4 (Prop_carry4_S[0]_CO[3])
                                                      0.532    49.793 r  design_2_i/top_onn_system_wrapp_0/inst/riya/onn_1/gen_osc[24].os/nin_reg[20]_i_284/CO[3]
                         net (fo=1, routed)           0.000    49.793    design_2_i/top_onn_system_wrapp_0/inst/riya/onn_1/gen_osc[39].os/nin[20]_i_81_0[0]
    SLICE_X39Y14         CARRY4 (Prop_carry4_CI_CO[3])
                                                      0.114    49.907 r  design_2_i/top_onn_system_wrapp_0/inst/riya/onn_1/gen_osc[39].os/nin_reg[20]_i_178/CO[3]
                         net (fo=1, routed)           0.000    49.907    design_2_i/top_onn_system_wrapp_0/inst/riya/onn_1/gen_osc[39].os/nin_reg[20]_i_178_n_0
    SLICE_X39Y15         CARRY4 (Prop_carry4_CI_CO[3])
                                                      0.114    50.021 r  design_2_i/top_onn_system_wrapp_0/inst/riya/onn_1/gen_osc[39].os/nin_reg[20]_i_177/CO[3]
                         net (fo=1, routed)           0.000    50.021    design_2_i/top_onn_system_wrapp_0/inst/riya/onn_1/gen_osc[39].os/nin_reg[20]_i_177_n_0
    SLICE_X39Y16         CARRY4 (Prop_carry4_CI_CO[3])
                                                      0.114    50.135 r  design_2_i/top_onn_system_wrapp_0/inst/riya/onn_1/gen_osc[39].os/nin_reg[20]_i_87/CO[3]
                         net (fo=1, routed)           0.000    50.135    design_2_i/top_onn_system_wrapp_0/inst/riya/onn_1/gen_osc[39].os/nin_reg[20]_i_87_n_0
    SLICE_X39Y17         CARRY4 (Prop_carry4_CI_CO[3])
                                                      0.114    50.249 r  design_2_i/top_onn_system_wrapp_0/inst/riya/onn_1/gen_osc[39].os/nin_reg[20]_i_86/CO[3]
                         net (fo=1, routed)           0.000    50.249    design_2_i/top_onn_system_wrapp_0/inst/riya/onn_1/gen_osc[39].os/nin_reg[20]_i_86_n_0
    SLICE_X39Y18         CARRY4 (Prop_carry4_CI_CO[3])
                                                      0.114    50.363 r  design_2_i/top_onn_system_wrapp_0/inst/riya/onn_1/gen_osc[39].os/nin_reg[20]_i_49/CO[3]
                         net (fo=1, routed)           0.000    50.363    design_2_i/top_onn_system_wrapp_0/inst/riya/onn_1/gen_osc[39].os/nin_reg[20]_i_49_n_0
    SLICE_X39Y19         CARRY4 (Prop_carry4_CI_CO[3])
                                                      0.114    50.477 r  design_2_i/top_onn_system_wrapp_0/inst/riya/onn_1/gen_osc[39].os/nin_reg[20]_i_48/CO[3]
                         net (fo=1, routed)           0.000    50.477    design_2_i/top_onn_system_wrapp_0/inst/riya/onn_1/gen_osc[39].os/nin_reg[20]_i_48_n_0
    SLICE_X39Y20         CARRY4 (Prop_carry4_CI_CO[3])
                                                      0.114    50.591 r  design_2_i/top_onn_system_wrapp_0/inst/riya/onn_1/gen_osc[39].os/nin_reg[20]_i_29/CO[3]
                         net (fo=1, routed)           0.000    50.591    design_2_i/top_onn_system_wrapp_0/inst/riya/onn_1/gen_osc[39].os/nin_reg[20]_i_29_n_0
    SLICE_X39Y21         CARRY4 (Prop_carry4_CI_CO[3])
                                                      0.114    50.705 r  design_2_i/top_onn_system_wrapp_0/inst/riya/onn_1/gen_osc[39].os/nin_reg[20]_i_28/CO[3]
                         net (fo=1, routed)           0.000    50.705    design_2_i/top_onn_system_wrapp_0/inst/riya/onn_1/gen_osc[39].os/nin_reg[20]_i_28_n_0
    SLICE_X39Y22         CARRY4 (Prop_carry4_CI_O[1])
                                                      0.334    51.039 f  design_2_i/top_onn_system_wrapp_0/inst/riya/onn_1/gen_osc[39].os/nin_reg[20]_i_17/O[1]
                         net (fo=2, routed)           1.053    52.092    design_2_i/top_onn_system_wrapp_0/inst/riya/onn_1/gen_osc[39].os/nin_reg[20]_i_17_n_6
    SLICE_X32Y18         LUT2 (Prop_lut2_I1_O)        0.303    52.395 r  design_2_i/top_onn_system_wrapp_0/inst/riya/onn_1/gen_osc[39].os/nin[20]_i_7/O
                         net (fo=1, routed)           0.000    52.395    design_2_i/top_onn_system_wrapp_0/inst/riya/onn_1/gen_osc[39].os/nin[20]_i_7_n_0
    SLICE_X32Y18         CARRY4 (Prop_carry4_S[0]_CO[2])
                                                      0.538    52.933 r  design_2_i/top_onn_system_wrapp_0/inst/riya/onn_1/gen_osc[39].os/nin_reg[20]_i_1/CO[2]
                         net (fo=1, routed)           0.000    52.933    design_2_i/top_onn_system_wrapp_0/inst/riya/onn_1/nin_inst/D[20]
    SLICE_X32Y18         FDRE                                         r  design_2_i/top_onn_system_wrapp_0/inst/riya/onn_1/nin_inst/nin_reg[20]/D
  -------------------------------------------------------------------    -------------------

Slack:                    inf
  Source:                 design_2_i/top_onn_system_wrapp_0/inst/riya/onn_1/phi_out_reg[9][1]/C
                            (rising edge-triggered cell FDRE)
  Destination:            design_2_i/top_onn_system_wrapp_0/inst/riya/onn_1/nin_inst/nin_reg[33]/D
  Path Group:             (none)
  Path Type:              Max at Slow Process Corner
  Data Path Delay:        52.802ns  (logic 7.996ns (15.143%)  route 44.806ns (84.857%))
  Logic Levels:           27  (CARRY4=14 FDRE=1 LUT2=1 LUT3=3 LUT4=3 LUT5=1 LUT6=2 MUXF7=1 MUXF8=1)

    Location             Delay type                Incr(ns)  Path(ns)    Netlist Resource(s)
  -------------------------------------------------------------------    -------------------
    SLICE_X41Y48         FDRE                         0.000     0.000 r  design_2_i/top_onn_system_wrapp_0/inst/riya/onn_1/phi_out_reg[9][1]/C
    SLICE_X41Y48         FDRE (Prop_fdre_C_Q)         0.456     0.456 r  design_2_i/top_onn_system_wrapp_0/inst/riya/onn_1/phi_out_reg[9][1]/Q
                         net (fo=17, routed)          4.759     5.215    design_2_i/top_onn_system_wrapp_0/inst/riya/onn_1/gen_osc[9].os/Q[1]
    SLICE_X93Y18         LUT6 (Prop_lut6_I2_O)        0.124     5.339 r  design_2_i/top_onn_system_wrapp_0/inst/riya/onn_1/gen_osc[9].os/signal_d_i_7/O
                         net (fo=1, routed)           0.000     5.339    design_2_i/top_onn_system_wrapp_0/inst/riya/onn_1/gen_osc[9].os/signal_d_i_7_n_0
    SLICE_X93Y18         MUXF7 (Prop_muxf7_I1_O)      0.217     5.556 r  design_2_i/top_onn_system_wrapp_0/inst/riya/onn_1/gen_osc[9].os/signal_d_reg_i_3/O
                         net (fo=1, routed)           0.000     5.556    design_2_i/top_onn_system_wrapp_0/inst/riya/onn_1/gen_osc[9].os/signal_d_reg_i_3_n_0
    SLICE_X93Y18         MUXF8 (Prop_muxf8_I1_O)      0.094     5.650 r  design_2_i/top_onn_system_wrapp_0/inst/riya/onn_1/gen_osc[9].os/signal_d_reg_i_1/O
                         net (fo=1907, routed)       28.989    34.639    design_2_i/top_onn_system_wrapp_0/inst/riya/onn_1/gen_osc[9].os/phi_out_reg[9][3][0]
    SLICE_X32Y138        LUT3 (Prop_lut3_I0_O)        0.340    34.979 r  design_2_i/top_onn_system_wrapp_0/inst/riya/onn_1/gen_osc[9].os/nin[33]_i_1581/O
                         net (fo=4, routed)           2.121    37.100    design_2_i/top_onn_system_wrapp_0/inst/riya/onn_1/gen_osc[9].os/phi_out_reg[9][3]_11[0]
    SLICE_X29Y112        LUT4 (Prop_lut4_I0_O)        0.328    37.428 r  design_2_i/top_onn_system_wrapp_0/inst/riya/onn_1/gen_osc[9].os/nin[33]_i_1584/O
                         net (fo=1, routed)           0.000    37.428    design_2_i/top_onn_system_wrapp_0/inst/riya/onn_1/gen_osc[11].os/nin[33]_i_1383[1]
    SLICE_X29Y112        CARRY4 (Prop_carry4_S[1]_CO[3])
                                                      0.550    37.978 r  design_2_i/top_onn_system_wrapp_0/inst/riya/onn_1/gen_osc[11].os/nin_reg[33]_i_1473/CO[3]
                         net (fo=1, routed)           0.000    37.978    design_2_i/top_onn_system_wrapp_0/inst/riya/onn_1/gen_osc[11].os/nin_reg[33]_i_1473_n_0
    SLICE_X29Y113        CARRY4 (Prop_carry4_CI_CO[3])
                                                      0.114    38.092 r  design_2_i/top_onn_system_wrapp_0/inst/riya/onn_1/gen_osc[11].os/nin_reg[33]_i_1399/CO[3]
                         net (fo=1, routed)           0.000    38.092    design_2_i/top_onn_system_wrapp_0/inst/riya/onn_1/gen_osc[11].os/nin_reg[33]_i_1399_n_0
    SLICE_X29Y114        CARRY4 (Prop_carry4_CI_CO[3])
                                                      0.114    38.206 r  design_2_i/top_onn_system_wrapp_0/inst/riya/onn_1/gen_osc[11].os/nin_reg[33]_i_1391/CO[3]
                         net (fo=1, routed)           0.000    38.206    design_2_i/top_onn_system_wrapp_0/inst/riya/onn_1/gen_osc[11].os/nin_reg[33]_i_1391_n_0
    SLICE_X29Y115        CARRY4 (Prop_carry4_CI_CO[3])
                                                      0.114    38.320 r  design_2_i/top_onn_system_wrapp_0/inst/riya/onn_1/gen_osc[11].os/nin_reg[33]_i_1211/CO[3]
                         net (fo=1, routed)           0.000    38.320    design_2_i/top_onn_system_wrapp_0/inst/riya/onn_1/gen_osc[11].os/nin_reg[33]_i_1211_n_0
    SLICE_X29Y116        CARRY4 (Prop_carry4_CI_O[0])
                                                      0.222    38.542 r  design_2_i/top_onn_system_wrapp_0/inst/riya/onn_1/gen_osc[11].os/nin_reg[33]_i_1203/O[0]
                         net (fo=2, routed)           1.399    39.941    design_2_i/top_onn_system_wrapp_0/inst/riya/onn_1/gen_osc[14].os/nin_reg[33]_i_618_1[0]
    SLICE_X29Y128        LUT3 (Prop_lut3_I2_O)        0.327    40.268 r  design_2_i/top_onn_system_wrapp_0/inst/riya/onn_1/gen_osc[14].os/nin[33]_i_911/O
                         net (fo=2, routed)           1.215    41.483    design_2_i/top_onn_system_wrapp_0/inst/riya/onn_1/gen_osc[14].os/nin[33]_i_911_n_0
    SLICE_X29Y128        LUT4 (Prop_lut4_I3_O)        0.326    41.809 r  design_2_i/top_onn_system_wrapp_0/inst/riya/onn_1/gen_osc[14].os/nin[33]_i_915/O
                         net (fo=1, routed)           0.000    41.809    design_2_i/top_onn_system_wrapp_0/inst/riya/onn_1/gen_osc[14].os/nin[33]_i_915_n_0
    SLICE_X29Y128        CARRY4 (Prop_carry4_S[1]_CO[3])
                                                      0.550    42.359 r  design_2_i/top_onn_system_wrapp_0/inst/riya/onn_1/gen_osc[14].os/nin_reg[33]_i_618/CO[3]
                         net (fo=1, routed)           0.000    42.359    design_2_i/top_onn_system_wrapp_0/inst/riya/onn_1/gen_osc[14].os/nin_reg[33]_i_618_n_0
    SLICE_X29Y129        CARRY4 (Prop_carry4_CI_CO[3])
                                                      0.114    42.473 r  design_2_i/top_onn_system_wrapp_0/inst/riya/onn_1/gen_osc[14].os/nin_reg[33]_i_610/CO[3]
                         net (fo=1, routed)           0.000    42.473    design_2_i/top_onn_system_wrapp_0/inst/riya/onn_1/gen_osc[14].os/nin_reg[33]_i_610_n_0
    SLICE_X29Y130        CARRY4 (Prop_carry4_CI_CO[3])
                                                      0.114    42.587 r  design_2_i/top_onn_system_wrapp_0/inst/riya/onn_1/gen_osc[14].os/nin_reg[33]_i_379/CO[3]
                         net (fo=1, routed)           0.000    42.587    design_2_i/top_onn_system_wrapp_0/inst/riya/onn_1/gen_osc[14].os/nin_reg[33]_i_379_n_0
    SLICE_X29Y131        CARRY4 (Prop_carry4_CI_O[0])
                                                      0.223    42.810 r  design_2_i/top_onn_system_wrapp_0/inst/riya/onn_1/gen_osc[14].os/nin_reg[33]_i_371/O[0]
                         net (fo=2, routed)           0.875    43.685    design_2_i/top_onn_system_wrapp_0/inst/riya/onn_1/gen_osc[23].os/nin_reg[33]_i_113_1[0]
    SLICE_X35Y131        LUT3 (Prop_lut3_I2_O)        0.325    44.010 r  design_2_i/top_onn_system_wrapp_0/inst/riya/onn_1/gen_osc[23].os/nin[33]_i_251/O
                         net (fo=2, routed)           1.129    45.139    design_2_i/top_onn_system_wrapp_0/inst/riya/onn_1/gen_osc[23].os/nin[33]_i_251_n_0
    SLICE_X35Y131        LUT4 (Prop_lut4_I3_O)        0.326    45.465 r  design_2_i/top_onn_system_wrapp_0/inst/riya/onn_1/gen_osc[23].os/nin[33]_i_255/O
                         net (fo=1, routed)           0.000    45.465    design_2_i/top_onn_system_wrapp_0/inst/riya/onn_1/gen_osc[23].os/nin[33]_i_255_n_0
    SLICE_X35Y131        CARRY4 (Prop_carry4_S[1]_CO[3])
                                                      0.550    46.015 r  design_2_i/top_onn_system_wrapp_0/inst/riya/onn_1/gen_osc[23].os/nin_reg[33]_i_113/CO[3]
                         net (fo=1, routed)           0.000    46.015    design_2_i/top_onn_system_wrapp_0/inst/riya/onn_1/gen_osc[23].os/nin_reg[33]_i_113_n_0
    SLICE_X35Y132        CARRY4 (Prop_carry4_CI_O[3])
                                                      0.313    46.328 r  design_2_i/top_onn_system_wrapp_0/inst/riya/onn_1/gen_osc[23].os/nin_reg[33]_i_106/O[3]
                         net (fo=4, routed)           1.712    48.040    design_2_i/top_onn_system_wrapp_0/inst/riya/onn_1/gen_osc[39].os/nin[33]_i_62_1[3]
    SLICE_X26Y122        LUT6 (Prop_lut6_I2_O)        0.306    48.346 r  design_2_i/top_onn_system_wrapp_0/inst/riya/onn_1/gen_osc[39].os/nin[33]_i_52/O
                         net (fo=2, routed)           1.427    49.774    design_2_i/top_onn_system_wrapp_0/inst/riya/onn_1/gen_osc[39].os/nin[33]_i_52_n_0
    SLICE_X30Y122        LUT5 (Prop_lut5_I0_O)        0.124    49.898 r  design_2_i/top_onn_system_wrapp_0/inst/riya/onn_1/gen_osc[39].os/nin[33]_i_56/O
                         net (fo=1, routed)           0.000    49.898    design_2_i/top_onn_system_wrapp_0/inst/riya/onn_1/gen_osc[39].os/nin[33]_i_56_n_0
    SLICE_X30Y122        CARRY4 (Prop_carry4_S[1]_CO[3])
                                                      0.533    50.431 r  design_2_i/top_onn_system_wrapp_0/inst/riya/onn_1/gen_osc[39].os/nin_reg[33]_i_28/CO[3]
                         net (fo=1, routed)           0.000    50.431    design_2_i/top_onn_system_wrapp_0/inst/riya/onn_1/gen_osc[39].os/nin_reg[33]_i_28_n_0
    SLICE_X30Y123        CARRY4 (Prop_carry4_CI_O[3])
                                                      0.315    50.746 f  design_2_i/top_onn_system_wrapp_0/inst/riya/onn_1/gen_osc[39].os/nin_reg[33]_i_17/O[3]
                         net (fo=2, routed)           1.180    51.925    design_2_i/top_onn_system_wrapp_0/inst/riya/onn_1/gen_osc[39].os/nin_inst/nin1__2[43]
    SLICE_X33Y119        LUT2 (Prop_lut2_I1_O)        0.307    52.232 r  design_2_i/top_onn_system_wrapp_0/inst/riya/onn_1/gen_osc[39].os/nin[33]_i_6/O
                         net (fo=1, routed)           0.000    52.232    design_2_i/top_onn_system_wrapp_0/inst/riya/onn_1/gen_osc[39].os/nin[33]_i_6_n_0
    SLICE_X33Y119        CARRY4 (Prop_carry4_S[1]_CO[2])
                                                      0.570    52.802 r  design_2_i/top_onn_system_wrapp_0/inst/riya/onn_1/gen_osc[39].os/nin_reg[33]_i_1/CO[2]
                         net (fo=1, routed)           0.000    52.802    design_2_i/top_onn_system_wrapp_0/inst/riya/onn_1/nin_inst/D[33]
    SLICE_X33Y119        FDRE                                         r  design_2_i/top_onn_system_wrapp_0/inst/riya/onn_1/nin_inst/nin_reg[33]/D
  -------------------------------------------------------------------    -------------------

Slack:                    inf
  Source:                 design_2_i/top_onn_system_wrapp_0/inst/riya/onn_1/phi_out_reg[39][1]/C
                            (rising edge-triggered cell FDRE)
  Destination:            design_2_i/top_onn_system_wrapp_0/inst/riya/onn_1/nin_inst/nin_reg[30]/D
  Path Group:             (none)
  Path Type:              Max at Slow Process Corner
  Data Path Delay:        52.799ns  (logic 5.372ns (10.174%)  route 47.427ns (89.826%))
  Logic Levels:           23  (CARRY4=11 FDRE=1 LUT2=1 LUT3=1 LUT4=1 LUT5=2 LUT6=4 MUXF7=1 MUXF8=1)

    Location             Delay type                Incr(ns)  Path(ns)    Netlist Resource(s)
  -------------------------------------------------------------------    -------------------
    SLICE_X40Y77         FDRE                         0.000     0.000 r  design_2_i/top_onn_system_wrapp_0/inst/riya/onn_1/phi_out_reg[39][1]/C
    SLICE_X40Y77         FDRE (Prop_fdre_C_Q)         0.456     0.456 r  design_2_i/top_onn_system_wrapp_0/inst/riya/onn_1/phi_out_reg[39][1]/Q
                         net (fo=14, routed)          4.713     5.169    design_2_i/top_onn_system_wrapp_0/inst/riya/onn_1/gen_osc[39].os/Q[1]
    SLICE_X79Y9          LUT6 (Prop_lut6_I2_O)        0.124     5.293 r  design_2_i/top_onn_system_wrapp_0/inst/riya/onn_1/gen_osc[39].os/signal_d_i_5/O
                         net (fo=1, routed)           0.000     5.293    design_2_i/top_onn_system_wrapp_0/inst/riya/onn_1/gen_osc[39].os/signal_d_i_5_n_0
    SLICE_X79Y9          MUXF7 (Prop_muxf7_I1_O)      0.245     5.538 r  design_2_i/top_onn_system_wrapp_0/inst/riya/onn_1/gen_osc[39].os/signal_d_reg_i_2/O
                         net (fo=1, routed)           0.000     5.538    design_2_i/top_onn_system_wrapp_0/inst/riya/onn_1/gen_osc[39].os/signal_d_reg_i_2_n_0
    SLICE_X79Y9          MUXF8 (Prop_muxf8_I0_O)      0.104     5.642 r  design_2_i/top_onn_system_wrapp_0/inst/riya/onn_1/gen_osc[39].os/signal_d_reg_i_1/O
                         net (fo=1902, routed)       30.664    36.306    design_2_i/top_onn_system_wrapp_0/inst/riya/onn_1/gen_osc[0].os/nin[23]_i_798[0]
    SLICE_X62Y53         LUT5 (Prop_lut5_I1_O)        0.316    36.622 r  design_2_i/top_onn_system_wrapp_0/inst/riya/onn_1/gen_osc[0].os/nin[30]_i_1473/O
                         net (fo=2, routed)           0.944    37.567    design_2_i/top_onn_system_wrapp_0/inst/riya/onn_1/gen_osc[0].os/nin[30]_i_1473_n_0
    SLICE_X62Y53         LUT6 (Prop_lut6_I5_O)        0.124    37.691 f  design_2_i/top_onn_system_wrapp_0/inst/riya/onn_1/gen_osc[0].os/nin[30]_i_1293/O
                         net (fo=50, routed)          4.618    42.309    design_2_i/top_onn_system_wrapp_0/inst/riya/onn_1/gen_osc[39].os/nin_reg[1]_i_747_0
    SLICE_X64Y93         LUT3 (Prop_lut3_I2_O)        0.152    42.461 r  design_2_i/top_onn_system_wrapp_0/inst/riya/onn_1/gen_osc[39].os/nin[30]_i_1086/O
                         net (fo=2, routed)           1.368    43.829    design_2_i/top_onn_system_wrapp_0/inst/riya/onn_1/gen_osc[39].os/nin[30]_i_1086_n_0
    SLICE_X64Y100        LUT4 (Prop_lut4_I3_O)        0.332    44.161 r  design_2_i/top_onn_system_wrapp_0/inst/riya/onn_1/gen_osc[39].os/nin[30]_i_1089/O
                         net (fo=1, routed)           0.000    44.161    design_2_i/top_onn_system_wrapp_0/inst/riya/onn_1/gen_osc[39].os/nin[30]_i_1089_n_0
    SLICE_X64Y100        CARRY4 (Prop_carry4_S[2]_O[3])
                                                      0.352    44.513 r  design_2_i/top_onn_system_wrapp_0/inst/riya/onn_1/gen_osc[39].os/nin_reg[30]_i_747/O[3]
                         net (fo=3, routed)           1.386    45.899    design_2_i/top_onn_system_wrapp_0/inst/riya/onn_1/gen_osc[26].os/nin[30]_i_529_0[1]
    SLICE_X83Y87         LUT6 (Prop_lut6_I0_O)        0.306    46.205 f  design_2_i/top_onn_system_wrapp_0/inst/riya/onn_1/gen_osc[26].os/nin[30]_i_750/O
                         net (fo=2, routed)           1.510    47.715    design_2_i/top_onn_system_wrapp_0/inst/riya/onn_1/gen_osc[26].os/nin_reg[30]_i_745
    SLICE_X64Y99         LUT5 (Prop_lut5_I4_O)        0.124    47.839 r  design_2_i/top_onn_system_wrapp_0/inst/riya/onn_1/gen_osc[26].os/nin[30]_i_525/O
                         net (fo=2, routed)           1.272    49.111    design_2_i/top_onn_system_wrapp_0/inst/riya/onn_1/gen_osc[26].os/nin[30]_i_750_0[0]
    SLICE_X67Y101        LUT6 (Prop_lut6_I0_O)        0.124    49.235 r  design_2_i/top_onn_system_wrapp_0/inst/riya/onn_1/gen_osc[26].os/nin[30]_i_529/O
                         net (fo=1, routed)           0.000    49.235    design_2_i/top_onn_system_wrapp_0/inst/riya/onn_1/gen_osc[23].os/nin[30]_i_170_1[0]
    SLICE_X67Y101        CARRY4 (Prop_carry4_S[0]_CO[3])
                                                      0.532    49.767 r  design_2_i/top_onn_system_wrapp_0/inst/riya/onn_1/gen_osc[23].os/nin_reg[30]_i_284/CO[3]
                         net (fo=1, routed)           0.000    49.767    design_2_i/top_onn_system_wrapp_0/inst/riya/onn_1/gen_osc[39].os/CO[0]
    SLICE_X67Y102        CARRY4 (Prop_carry4_CI_CO[3])
                                                      0.114    49.881 r  design_2_i/top_onn_system_wrapp_0/inst/riya/onn_1/gen_osc[39].os/nin_reg[30]_i_178/CO[3]
                         net (fo=1, routed)           0.000    49.881    design_2_i/top_onn_system_wrapp_0/inst/riya/onn_1/gen_osc[39].os/nin_reg[30]_i_178_n_0
    SLICE_X67Y103        CARRY4 (Prop_carry4_CI_CO[3])
                                                      0.114    49.995 r  design_2_i/top_onn_system_wrapp_0/inst/riya/onn_1/gen_osc[39].os/nin_reg[30]_i_177/CO[3]
                         net (fo=1, routed)           0.000    49.995    design_2_i/top_onn_system_wrapp_0/inst/riya/onn_1/gen_osc[39].os/nin_reg[30]_i_177_n_0
    SLICE_X67Y104        CARRY4 (Prop_carry4_CI_CO[3])
                                                      0.114    50.109 r  design_2_i/top_onn_system_wrapp_0/inst/riya/onn_1/gen_osc[39].os/nin_reg[30]_i_87/CO[3]
                         net (fo=1, routed)           0.000    50.109    design_2_i/top_onn_system_wrapp_0/inst/riya/onn_1/gen_osc[39].os/nin_reg[30]_i_87_n_0
    SLICE_X67Y105        CARRY4 (Prop_carry4_CI_CO[3])
                                                      0.114    50.223 r  design_2_i/top_onn_system_wrapp_0/inst/riya/onn_1/gen_osc[39].os/nin_reg[30]_i_86/CO[3]
                         net (fo=1, routed)           0.000    50.223    design_2_i/top_onn_system_wrapp_0/inst/riya/onn_1/gen_osc[39].os/nin_reg[30]_i_86_n_0
    SLICE_X67Y106        CARRY4 (Prop_carry4_CI_CO[3])
                                                      0.114    50.337 r  design_2_i/top_onn_system_wrapp_0/inst/riya/onn_1/gen_osc[39].os/nin_reg[30]_i_49/CO[3]
                         net (fo=1, routed)           0.000    50.337    design_2_i/top_onn_system_wrapp_0/inst/riya/onn_1/gen_osc[39].os/nin_reg[30]_i_49_n_0
    SLICE_X67Y107        CARRY4 (Prop_carry4_CI_CO[3])
                                                      0.114    50.451 r  design_2_i/top_onn_system_wrapp_0/inst/riya/onn_1/gen_osc[39].os/nin_reg[30]_i_48/CO[3]
                         net (fo=1, routed)           0.000    50.451    design_2_i/top_onn_system_wrapp_0/inst/riya/onn_1/gen_osc[39].os/nin_reg[30]_i_48_n_0
    SLICE_X67Y108        CARRY4 (Prop_carry4_CI_O[1])
                                                      0.334    50.785 f  design_2_i/top_onn_system_wrapp_0/inst/riya/onn_1/gen_osc[39].os/nin_reg[30]_i_29/O[1]
                         net (fo=2, routed)           0.951    51.736    design_2_i/top_onn_system_wrapp_0/inst/riya/onn_1/gen_osc[39].os/nin_reg[30]_i_29_n_6
    SLICE_X65Y110        LUT2 (Prop_lut2_I1_O)        0.303    52.039 r  design_2_i/top_onn_system_wrapp_0/inst/riya/onn_1/gen_osc[39].os/nin[30]_i_16/O
                         net (fo=1, routed)           0.000    52.039    design_2_i/top_onn_system_wrapp_0/inst/riya/onn_1/gen_osc[39].os/nin[30]_i_16_n_0
    SLICE_X65Y110        CARRY4 (Prop_carry4_S[0]_CO[3])
                                                      0.532    52.571 r  design_2_i/top_onn_system_wrapp_0/inst/riya/onn_1/gen_osc[39].os/nin_reg[30]_i_2/CO[3]
                         net (fo=1, routed)           0.000    52.571    design_2_i/top_onn_system_wrapp_0/inst/riya/onn_1/gen_osc[39].os/nin_reg[30]_i_2_n_0
    SLICE_X65Y111        CARRY4 (Prop_carry4_CI_CO[2])
                                                      0.228    52.799 r  design_2_i/top_onn_system_wrapp_0/inst/riya/onn_1/gen_osc[39].os/nin_reg[30]_i_1/CO[2]
                         net (fo=1, routed)           0.000    52.799    design_2_i/top_onn_system_wrapp_0/inst/riya/onn_1/nin_inst/D[30]
    SLICE_X65Y111        FDRE                                         r  design_2_i/top_onn_system_wrapp_0/inst/riya/onn_1/nin_inst/nin_reg[30]/D
  -------------------------------------------------------------------    -------------------





Min Delay Paths
--------------------------------------------------------------------------------------
Slack:                    inf
  Source:                 design_2_i/top_onn_system_wrapp_0/inst/riya/onn_1/gen_osc[2].os/shift_reg_reg[15]/C
                            (rising edge-triggered cell FDPE)
  Destination:            design_2_i/top_onn_system_wrapp_0/inst/riya/onn_1/gen_osc[2].os/shift_reg_reg[0]/D
  Path Group:             (none)
  Path Type:              Min at Fast Process Corner
  Data Path Delay:        0.224ns  (logic 0.148ns (66.181%)  route 0.076ns (33.819%))
  Logic Levels:           1  (FDPE=1)

    Location             Delay type                Incr(ns)  Path(ns)    Netlist Resource(s)
  -------------------------------------------------------------------    -------------------
    SLICE_X98Y16         FDPE                         0.000     0.000 r  design_2_i/top_onn_system_wrapp_0/inst/riya/onn_1/gen_osc[2].os/shift_reg_reg[15]/C
    SLICE_X98Y16         FDPE (Prop_fdpe_C_Q)         0.148     0.148 r  design_2_i/top_onn_system_wrapp_0/inst/riya/onn_1/gen_osc[2].os/shift_reg_reg[15]/Q
                         net (fo=2, routed)           0.076     0.224    design_2_i/top_onn_system_wrapp_0/inst/riya/onn_1/gen_osc[2].os/shift_reg[15]
    SLICE_X99Y16         FDCE                                         r  design_2_i/top_onn_system_wrapp_0/inst/riya/onn_1/gen_osc[2].os/shift_reg_reg[0]/D
  -------------------------------------------------------------------    -------------------

Slack:                    inf
  Source:                 design_2_i/top_onn_system_wrapp_0/inst/riya/onn_1/gen_osc[27].os/shift_reg_reg[6]/C
                            (rising edge-triggered cell FDCE)
  Destination:            design_2_i/top_onn_system_wrapp_0/inst/riya/onn_1/gen_osc[27].os/shift_reg_reg[7]/D
  Path Group:             (none)
  Path Type:              Min at Fast Process Corner
  Data Path Delay:        0.237ns  (logic 0.141ns (59.485%)  route 0.096ns (40.515%))
  Logic Levels:           1  (FDCE=1)

    Location             Delay type                Incr(ns)  Path(ns)    Netlist Resource(s)
  -------------------------------------------------------------------    -------------------
    SLICE_X60Y31         FDCE                         0.000     0.000 r  design_2_i/top_onn_system_wrapp_0/inst/riya/onn_1/gen_osc[27].os/shift_reg_reg[6]/C
    SLICE_X60Y31         FDCE (Prop_fdce_C_Q)         0.141     0.141 r  design_2_i/top_onn_system_wrapp_0/inst/riya/onn_1/gen_osc[27].os/shift_reg_reg[6]/Q
                         net (fo=2, routed)           0.096     0.237    design_2_i/top_onn_system_wrapp_0/inst/riya/onn_1/gen_osc[27].os/shift_reg[6]
    SLICE_X61Y31         FDCE                                         r  design_2_i/top_onn_system_wrapp_0/inst/riya/onn_1/gen_osc[27].os/shift_reg_reg[7]/D
  -------------------------------------------------------------------    -------------------

Slack:                    inf
  Source:                 design_2_i/top_onn_system_wrapp_0/inst/riya/onn_1/gen_osc[7].os/shift_reg_reg[10]/C
                            (rising edge-triggered cell FDPE)
  Destination:            design_2_i/top_onn_system_wrapp_0/inst/riya/onn_1/gen_osc[7].os/shift_reg_reg[11]/D
  Path Group:             (none)
  Path Type:              Min at Fast Process Corner
  Data Path Delay:        0.240ns  (logic 0.141ns (58.780%)  route 0.099ns (41.220%))
  Logic Levels:           1  (FDPE=1)

    Location             Delay type                Incr(ns)  Path(ns)    Netlist Resource(s)
  -------------------------------------------------------------------    -------------------
    SLICE_X40Y55         FDPE                         0.000     0.000 r  design_2_i/top_onn_system_wrapp_0/inst/riya/onn_1/gen_osc[7].os/shift_reg_reg[10]/C
    SLICE_X40Y55         FDPE (Prop_fdpe_C_Q)         0.141     0.141 r  design_2_i/top_onn_system_wrapp_0/inst/riya/onn_1/gen_osc[7].os/shift_reg_reg[10]/Q
                         net (fo=2, routed)           0.099     0.240    design_2_i/top_onn_system_wrapp_0/inst/riya/onn_1/gen_osc[7].os/shift_reg[10]
    SLICE_X41Y55         FDPE                                         r  design_2_i/top_onn_system_wrapp_0/inst/riya/onn_1/gen_osc[7].os/shift_reg_reg[11]/D
  -------------------------------------------------------------------    -------------------

Slack:                    inf
  Source:                 design_2_i/top_onn_system_wrapp_0/inst/riya/onn_1/gen_align_reg[20].ph/phase_reg[2]/C
                            (rising edge-triggered cell FDRE)
  Destination:            design_2_i/top_onn_system_wrapp_0/inst/riya/onn_1/gen_align_reg[20].phase_reg_inst/phi_out_reg[2]_P/D
  Path Group:             (none)
  Path Type:              Min at Fast Process Corner
  Data Path Delay:        0.240ns  (logic 0.141ns (58.692%)  route 0.099ns (41.308%))
  Logic Levels:           1  (FDRE=1)

    Location             Delay type                Incr(ns)  Path(ns)    Netlist Resource(s)
  -------------------------------------------------------------------    -------------------
    SLICE_X97Y12         FDRE                         0.000     0.000 r  design_2_i/top_onn_system_wrapp_0/inst/riya/onn_1/gen_align_reg[20].ph/phase_reg[2]/C
    SLICE_X97Y12         FDRE (Prop_fdre_C_Q)         0.141     0.141 r  design_2_i/top_onn_system_wrapp_0/inst/riya/onn_1/gen_align_reg[20].ph/phase_reg[2]/Q
                         net (fo=3, routed)           0.099     0.240    design_2_i/top_onn_system_wrapp_0/inst/riya/onn_1/gen_align_reg[20].phase_reg_inst/phi_out_reg[3]_C_0[2]
    SLICE_X96Y12         FDPE                                         r  design_2_i/top_onn_system_wrapp_0/inst/riya/onn_1/gen_align_reg[20].phase_reg_inst/phi_out_reg[2]_P/D
  -------------------------------------------------------------------    -------------------

Slack:                    inf
  Source:                 design_2_i/top_onn_system_wrapp_0/inst/riya/onn_1/gen_align_reg[24].ph/phase_reg[2]/C
                            (rising edge-triggered cell FDRE)
  Destination:            design_2_i/top_onn_system_wrapp_0/inst/riya/onn_1/gen_align_reg[24].phase_reg_inst/phi_out_reg[2]_P/D
  Path Group:             (none)
  Path Type:              Min at Fast Process Corner
  Data Path Delay:        0.240ns  (logic 0.141ns (58.692%)  route 0.099ns (41.308%))
  Logic Levels:           1  (FDRE=1)

    Location             Delay type                Incr(ns)  Path(ns)    Netlist Resource(s)
  -------------------------------------------------------------------    -------------------
    SLICE_X21Y2          FDRE                         0.000     0.000 r  design_2_i/top_onn_system_wrapp_0/inst/riya/onn_1/gen_align_reg[24].ph/phase_reg[2]/C
    SLICE_X21Y2          FDRE (Prop_fdre_C_Q)         0.141     0.141 r  design_2_i/top_onn_system_wrapp_0/inst/riya/onn_1/gen_align_reg[24].ph/phase_reg[2]/Q
                         net (fo=3, routed)           0.099     0.240    design_2_i/top_onn_system_wrapp_0/inst/riya/onn_1/gen_align_reg[24].phase_reg_inst/phi_out_reg[3]_C_0[2]
    SLICE_X20Y2          FDPE                                         r  design_2_i/top_onn_system_wrapp_0/inst/riya/onn_1/gen_align_reg[24].phase_reg_inst/phi_out_reg[2]_P/D
  -------------------------------------------------------------------    -------------------

Slack:                    inf
  Source:                 design_2_i/top_onn_system_wrapp_0/inst/riya/onn_1/gen_osc[37].os/shift_reg_reg[7]/C
                            (rising edge-triggered cell FDCE)
  Destination:            design_2_i/top_onn_system_wrapp_0/inst/riya/onn_1/gen_osc[37].os/shift_reg_reg[8]/D
  Path Group:             (none)
  Path Type:              Min at Fast Process Corner
  Data Path Delay:        0.252ns  (logic 0.141ns (55.921%)  route 0.111ns (44.079%))
  Logic Levels:           1  (FDCE=1)

    Location             Delay type                Incr(ns)  Path(ns)    Netlist Resource(s)
  -------------------------------------------------------------------    -------------------
    SLICE_X29Y12         FDCE                         0.000     0.000 r  design_2_i/top_onn_system_wrapp_0/inst/riya/onn_1/gen_osc[37].os/shift_reg_reg[7]/C
    SLICE_X29Y12         FDCE (Prop_fdce_C_Q)         0.141     0.141 r  design_2_i/top_onn_system_wrapp_0/inst/riya/onn_1/gen_osc[37].os/shift_reg_reg[7]/Q
                         net (fo=2, routed)           0.111     0.252    design_2_i/top_onn_system_wrapp_0/inst/riya/onn_1/gen_osc[37].os/shift_reg[7]
    SLICE_X30Y13         FDPE                                         r  design_2_i/top_onn_system_wrapp_0/inst/riya/onn_1/gen_osc[37].os/shift_reg_reg[8]/D
  -------------------------------------------------------------------    -------------------

Slack:                    inf
  Source:                 design_2_i/top_onn_system_wrapp_0/inst/riya/onn_1/gen_align_reg[20].ph/phase_reg[0]/C
                            (rising edge-triggered cell FDRE)
  Destination:            design_2_i/top_onn_system_wrapp_0/inst/riya/onn_1/gen_align_reg[20].phase_reg_inst/phi_out_reg[0]_P/D
  Path Group:             (none)
  Path Type:              Min at Fast Process Corner
  Data Path Delay:        0.252ns  (logic 0.141ns (55.869%)  route 0.111ns (44.131%))
  Logic Levels:           1  (FDRE=1)

    Location             Delay type                Incr(ns)  Path(ns)    Netlist Resource(s)
  -------------------------------------------------------------------    -------------------
    SLICE_X97Y13         FDRE                         0.000     0.000 r  design_2_i/top_onn_system_wrapp_0/inst/riya/onn_1/gen_align_reg[20].ph/phase_reg[0]/C
    SLICE_X97Y13         FDRE (Prop_fdre_C_Q)         0.141     0.141 r  design_2_i/top_onn_system_wrapp_0/inst/riya/onn_1/gen_align_reg[20].ph/phase_reg[0]/Q
                         net (fo=3, routed)           0.111     0.252    design_2_i/top_onn_system_wrapp_0/inst/riya/onn_1/gen_align_reg[20].phase_reg_inst/phi_out_reg[3]_C_0[0]
    SLICE_X94Y14         FDPE                                         r  design_2_i/top_onn_system_wrapp_0/inst/riya/onn_1/gen_align_reg[20].phase_reg_inst/phi_out_reg[0]_P/D
  -------------------------------------------------------------------    -------------------

Slack:                    inf
  Source:                 design_2_i/top_onn_system_wrapp_0/inst/riya/onn_1/gen_osc[13].os/shift_reg_reg[5]/C
                            (rising edge-triggered cell FDCE)
  Destination:            design_2_i/top_onn_system_wrapp_0/inst/riya/onn_1/gen_osc[13].os/shift_reg_reg[6]/D
  Path Group:             (none)
  Path Type:              Min at Fast Process Corner
  Data Path Delay:        0.252ns  (logic 0.141ns (55.869%)  route 0.111ns (44.131%))
  Logic Levels:           1  (FDCE=1)

    Location             Delay type                Incr(ns)  Path(ns)    Netlist Resource(s)
  -------------------------------------------------------------------    -------------------
    SLICE_X87Y10         FDCE                         0.000     0.000 r  design_2_i/top_onn_system_wrapp_0/inst/riya/onn_1/gen_osc[13].os/shift_reg_reg[5]/C
    SLICE_X87Y10         FDCE (Prop_fdce_C_Q)         0.141     0.141 r  design_2_i/top_onn_system_wrapp_0/inst/riya/onn_1/gen_osc[13].os/shift_reg_reg[5]/Q
                         net (fo=2, routed)           0.111     0.252    design_2_i/top_onn_system_wrapp_0/inst/riya/onn_1/gen_osc[13].os/shift_reg[5]
    SLICE_X88Y9          FDCE                                         r  design_2_i/top_onn_system_wrapp_0/inst/riya/onn_1/gen_osc[13].os/shift_reg_reg[6]/D
  -------------------------------------------------------------------    -------------------

Slack:                    inf
  Source:                 design_2_i/top_onn_system_wrapp_0/inst/riya/onn_2/gen_osc[5].os/shift_reg_reg[7]/C
                            (rising edge-triggered cell FDCE)
  Destination:            design_2_i/top_onn_system_wrapp_0/inst/riya/onn_2/gen_osc[5].os/shift_reg_reg[8]/D
  Path Group:             (none)
  Path Type:              Min at Fast Process Corner
  Data Path Delay:        0.253ns  (logic 0.128ns (50.518%)  route 0.125ns (49.482%))
  Logic Levels:           1  (FDCE=1)

    Location             Delay type                Incr(ns)  Path(ns)    Netlist Resource(s)
  -------------------------------------------------------------------    -------------------
    SLICE_X106Y139       FDCE                         0.000     0.000 r  design_2_i/top_onn_system_wrapp_0/inst/riya/onn_2/gen_osc[5].os/shift_reg_reg[7]/C
    SLICE_X106Y139       FDCE (Prop_fdce_C_Q)         0.128     0.128 r  design_2_i/top_onn_system_wrapp_0/inst/riya/onn_2/gen_osc[5].os/shift_reg_reg[7]/Q
                         net (fo=2, routed)           0.125     0.253    design_2_i/top_onn_system_wrapp_0/inst/riya/onn_2/gen_osc[5].os/shift_reg[7]
    SLICE_X106Y139       FDPE                                         r  design_2_i/top_onn_system_wrapp_0/inst/riya/onn_2/gen_osc[5].os/shift_reg_reg[8]/D
  -------------------------------------------------------------------    -------------------

Slack:                    inf
  Source:                 design_2_i/top_onn_system_wrapp_0/inst/riya/onn_1/gen_osc[2].os/shift_reg_reg[9]/C
                            (rising edge-triggered cell FDPE)
  Destination:            design_2_i/top_onn_system_wrapp_0/inst/riya/onn_1/gen_osc[2].os/shift_reg_reg[10]/D
  Path Group:             (none)
  Path Type:              Min at Fast Process Corner
  Data Path Delay:        0.254ns  (logic 0.148ns (58.287%)  route 0.106ns (41.713%))
  Logic Levels:           1  (FDPE=1)

    Location             Delay type                Incr(ns)  Path(ns)    Netlist Resource(s)
  -------------------------------------------------------------------    -------------------
    SLICE_X98Y16         FDPE                         0.000     0.000 r  design_2_i/top_onn_system_wrapp_0/inst/riya/onn_1/gen_osc[2].os/shift_reg_reg[9]/C
    SLICE_X98Y16         FDPE (Prop_fdpe_C_Q)         0.148     0.148 r  design_2_i/top_onn_system_wrapp_0/inst/riya/onn_1/gen_osc[2].os/shift_reg_reg[9]/Q
                         net (fo=2, routed)           0.106     0.254    design_2_i/top_onn_system_wrapp_0/inst/riya/onn_1/gen_osc[2].os/shift_reg[9]
    SLICE_X98Y16         FDPE                                         r  design_2_i/top_onn_system_wrapp_0/inst/riya/onn_1/gen_osc[2].os/shift_reg_reg[10]/D
  -------------------------------------------------------------------    -------------------





--------------------------------------------------------------------------------------
Path Group:  (none)
From Clock:  clk_fpga_0
  To Clock:  

Max Delay          2224 Endpoints
Min Delay          2224 Endpoints
--------------------------------------------------------------------------------------


Max Delay Paths
--------------------------------------------------------------------------------------
Slack:                    inf
  Source:                 design_2_i/axi_gpio_5/U0/gpio_core_1/Not_Dual.gpio_Data_Out_reg[0]/C
                            (rising edge-triggered cell FDRE clocked by clk_fpga_0  {rise@0.000ns fall@10.000ns period=20.000ns})
  Destination:            design_2_i/top_onn_system_wrapp_0/inst/riya/onn_1/gen_align_reg[27].phase_reg_inst/state_changed_reg/D
  Path Group:             (none)
  Path Type:              Max at Slow Process Corner
  Data Path Delay:        18.663ns  (logic 1.837ns (9.843%)  route 16.826ns (90.157%))
  Logic Levels:           5  (LDCE=1 LUT2=1 LUT5=3)
  Clock Uncertainty:      0.301ns  ((TSJ^2 + TIJ^2)^1/2 + DJ) / 2 + PE
    Total System Jitter     (TSJ):    0.050ns
    Total Input Jitter      (TIJ):    0.600ns
    Discrete Jitter          (DJ):    0.000ns
    Phase Error              (PE):    0.000ns

    Location             Delay type                Incr(ns)  Path(ns)    Netlist Resource(s)
  -------------------------------------------------------------------    -------------------
                         (clock clk_fpga_0 rise edge)
                                                      0.000     0.000 r  
    PS7_X0Y0             PS7                          0.000     0.000 r  design_2_i/processing_system7_0/inst/PS7_i/FCLKCLK[0]
                         net (fo=1, routed)           1.193     1.193    design_2_i/processing_system7_0/inst/FCLK_CLK_unbuffered[0]
    BUFGCTRL_X0Y16       BUFG (Prop_bufg_I_O)         0.101     1.294 r  design_2_i/processing_system7_0/inst/buffer_fclk_clk_0.FCLK_CLK_0_BUFG/O
                         net (fo=2094, routed)        1.656     2.950    design_2_i/axi_gpio_5/U0/gpio_core_1/s_axi_aclk
    SLICE_X51Y6          FDRE                                         r  design_2_i/axi_gpio_5/U0/gpio_core_1/Not_Dual.gpio_Data_Out_reg[0]/C
  -------------------------------------------------------------------    -------------------
    SLICE_X51Y6          FDRE (Prop_fdre_C_Q)         0.456     3.406 r  design_2_i/axi_gpio_5/U0/gpio_core_1/Not_Dual.gpio_Data_Out_reg[0]/Q
                         net (fo=1637, routed)       11.365    14.771    design_2_i/top_onn_system_wrapp_0/inst/riya/onn_1/gen_align_reg[27].phase_reg_inst/reset
    SLICE_X36Y35         LUT2 (Prop_lut2_I0_O)        0.124    14.895 r  design_2_i/top_onn_system_wrapp_0/inst/riya/onn_1/gen_align_reg[27].phase_reg_inst/phi_out_reg[1]_LDC_i_2__26/O
                         net (fo=2, routed)           1.901    16.795    design_2_i/top_onn_system_wrapp_0/inst/riya/onn_1/gen_align_reg[27].phase_reg_inst/phi_out_reg[1]_LDC_i_2__26_n_0
    SLICE_X9Y40          LDCE (SetClr_ldce_CLR_Q)     0.885    17.680 f  design_2_i/top_onn_system_wrapp_0/inst/riya/onn_1/gen_align_reg[27].phase_reg_inst/phi_out_reg[1]_LDC/Q
                         net (fo=2, routed)           1.177    18.857    design_2_i/top_onn_system_wrapp_0/inst/riya/onn_1/gen_align_reg[27].phase_reg_inst/phi_out_reg[1]_LDC_n_0
    SLICE_X14Y46         LUT5 (Prop_lut5_I1_O)        0.124    18.981 r  design_2_i/top_onn_system_wrapp_0/inst/riya/onn_1/gen_align_reg[27].phase_reg_inst/state_changed_i_3__26/O
                         net (fo=1, routed)           1.381    20.362    design_2_i/top_onn_system_wrapp_0/inst/riya/onn_1/gen_align_reg[27].phase_reg_inst/state_changed_i_3__26_n_0
    SLICE_X38Y52         LUT5 (Prop_lut5_I1_O)        0.124    20.486 r  design_2_i/top_onn_system_wrapp_0/inst/riya/onn_1/gen_align_reg[27].phase_reg_inst/state_changed_i_2__26/O
                         net (fo=1, routed)           1.003    21.489    design_2_i/top_onn_system_wrapp_0/inst/riya/onn_1/gen_align_reg[27].phase_reg_inst/state_changed_i_2__26_n_0
    SLICE_X54Y53         LUT5 (Prop_lut5_I1_O)        0.124    21.613 r  design_2_i/top_onn_system_wrapp_0/inst/riya/onn_1/gen_align_reg[27].phase_reg_inst/state_changed_i_1__26/O
                         net (fo=1, routed)           0.000    21.613    design_2_i/top_onn_system_wrapp_0/inst/riya/onn_1/gen_align_reg[27].phase_reg_inst/state_changed_i_1__26_n_0
    SLICE_X54Y53         FDCE                                         r  design_2_i/top_onn_system_wrapp_0/inst/riya/onn_1/gen_align_reg[27].phase_reg_inst/state_changed_reg/D
  -------------------------------------------------------------------    -------------------

Slack:                    inf
  Source:                 design_2_i/axi_gpio_5/U0/gpio_core_1/Not_Dual.gpio_Data_Out_reg[0]/C
                            (rising edge-triggered cell FDRE clocked by clk_fpga_0  {rise@0.000ns fall@10.000ns period=20.000ns})
  Destination:            design_2_i/top_onn_system_wrapp_0/inst/riya/onn_1/gen_align_reg[5].phase_reg_inst/state_changed_reg/D
  Path Group:             (none)
  Path Type:              Max at Slow Process Corner
  Data Path Delay:        18.354ns  (logic 1.850ns (10.079%)  route 16.504ns (89.921%))
  Logic Levels:           5  (LDCE=1 LUT2=1 LUT5=3)
  Clock Uncertainty:      0.301ns  ((TSJ^2 + TIJ^2)^1/2 + DJ) / 2 + PE
    Total System Jitter     (TSJ):    0.050ns
    Total Input Jitter      (TIJ):    0.600ns
    Discrete Jitter          (DJ):    0.000ns
    Phase Error              (PE):    0.000ns

    Location             Delay type                Incr(ns)  Path(ns)    Netlist Resource(s)
  -------------------------------------------------------------------    -------------------
                         (clock clk_fpga_0 rise edge)
                                                      0.000     0.000 r  
    PS7_X0Y0             PS7                          0.000     0.000 r  design_2_i/processing_system7_0/inst/PS7_i/FCLKCLK[0]
                         net (fo=1, routed)           1.193     1.193    design_2_i/processing_system7_0/inst/FCLK_CLK_unbuffered[0]
    BUFGCTRL_X0Y16       BUFG (Prop_bufg_I_O)         0.101     1.294 r  design_2_i/processing_system7_0/inst/buffer_fclk_clk_0.FCLK_CLK_0_BUFG/O
                         net (fo=2094, routed)        1.656     2.950    design_2_i/axi_gpio_5/U0/gpio_core_1/s_axi_aclk
    SLICE_X51Y6          FDRE                                         r  design_2_i/axi_gpio_5/U0/gpio_core_1/Not_Dual.gpio_Data_Out_reg[0]/C
  -------------------------------------------------------------------    -------------------
    SLICE_X51Y6          FDRE (Prop_fdre_C_Q)         0.456     3.406 r  design_2_i/axi_gpio_5/U0/gpio_core_1/Not_Dual.gpio_Data_Out_reg[0]/Q
                         net (fo=1637, routed)       11.592    14.998    design_2_i/top_onn_system_wrapp_0/inst/riya/onn_1/gen_align_reg[5].phase_reg_inst/reset
    SLICE_X36Y34         LUT2 (Prop_lut2_I0_O)        0.124    15.122 r  design_2_i/top_onn_system_wrapp_0/inst/riya/onn_1/gen_align_reg[5].phase_reg_inst/phi_out_reg[1]_LDC_i_2__4/O
                         net (fo=2, routed)           1.536    16.657    design_2_i/top_onn_system_wrapp_0/inst/riya/onn_1/gen_align_reg[5].phase_reg_inst/phi_out_reg[1]_LDC_i_2__4_n_0
    SLICE_X36Y54         LDCE (SetClr_ldce_CLR_Q)     0.898    17.555 f  design_2_i/top_onn_system_wrapp_0/inst/riya/onn_1/gen_align_reg[5].phase_reg_inst/phi_out_reg[1]_LDC/Q
                         net (fo=2, routed)           0.577    18.132    design_2_i/top_onn_system_wrapp_0/inst/riya/onn_1/gen_align_reg[5].phase_reg_inst/phi_out_reg[1]_LDC_n_0
    SLICE_X38Y54         LUT5 (Prop_lut5_I1_O)        0.124    18.256 r  design_2_i/top_onn_system_wrapp_0/inst/riya/onn_1/gen_align_reg[5].phase_reg_inst/state_changed_i_3__4/O
                         net (fo=1, routed)           1.822    20.078    design_2_i/top_onn_system_wrapp_0/inst/riya/onn_1/gen_align_reg[5].phase_reg_inst/state_changed_i_3__4_n_0
    SLICE_X46Y32         LUT5 (Prop_lut5_I1_O)        0.124    20.202 r  design_2_i/top_onn_system_wrapp_0/inst/riya/onn_1/gen_align_reg[5].phase_reg_inst/state_changed_i_2__4/O
                         net (fo=1, routed)           0.978    21.180    design_2_i/top_onn_system_wrapp_0/inst/riya/onn_1/gen_align_reg[5].phase_reg_inst/state_changed_i_2__4_n_0
    SLICE_X43Y32         LUT5 (Prop_lut5_I1_O)        0.124    21.304 r  design_2_i/top_onn_system_wrapp_0/inst/riya/onn_1/gen_align_reg[5].phase_reg_inst/state_changed_i_1__4/O
                         net (fo=1, routed)           0.000    21.304    design_2_i/top_onn_system_wrapp_0/inst/riya/onn_1/gen_align_reg[5].phase_reg_inst/state_changed_i_1__4_n_0
    SLICE_X43Y32         FDCE                                         r  design_2_i/top_onn_system_wrapp_0/inst/riya/onn_1/gen_align_reg[5].phase_reg_inst/state_changed_reg/D
  -------------------------------------------------------------------    -------------------

Slack:                    inf
  Source:                 design_2_i/axi_gpio_5/U0/gpio_core_1/Not_Dual.gpio_Data_Out_reg[0]/C
                            (rising edge-triggered cell FDRE clocked by clk_fpga_0  {rise@0.000ns fall@10.000ns period=20.000ns})
  Destination:            design_2_i/top_onn_system_wrapp_0/inst/riya/onn_1/gen_align_reg[7].phase_reg_inst/state_changed_reg/D
  Path Group:             (none)
  Path Type:              Max at Slow Process Corner
  Data Path Delay:        17.498ns  (logic 1.837ns (10.499%)  route 15.661ns (89.501%))
  Logic Levels:           5  (LDCE=1 LUT2=1 LUT5=3)
  Clock Uncertainty:      0.301ns  ((TSJ^2 + TIJ^2)^1/2 + DJ) / 2 + PE
    Total System Jitter     (TSJ):    0.050ns
    Total Input Jitter      (TIJ):    0.600ns
    Discrete Jitter          (DJ):    0.000ns
    Phase Error              (PE):    0.000ns

    Location             Delay type                Incr(ns)  Path(ns)    Netlist Resource(s)
  -------------------------------------------------------------------    -------------------
                         (clock clk_fpga_0 rise edge)
                                                      0.000     0.000 r  
    PS7_X0Y0             PS7                          0.000     0.000 r  design_2_i/processing_system7_0/inst/PS7_i/FCLKCLK[0]
                         net (fo=1, routed)           1.193     1.193    design_2_i/processing_system7_0/inst/FCLK_CLK_unbuffered[0]
    BUFGCTRL_X0Y16       BUFG (Prop_bufg_I_O)         0.101     1.294 r  design_2_i/processing_system7_0/inst/buffer_fclk_clk_0.FCLK_CLK_0_BUFG/O
                         net (fo=2094, routed)        1.656     2.950    design_2_i/axi_gpio_5/U0/gpio_core_1/s_axi_aclk
    SLICE_X51Y6          FDRE                                         r  design_2_i/axi_gpio_5/U0/gpio_core_1/Not_Dual.gpio_Data_Out_reg[0]/C
  -------------------------------------------------------------------    -------------------
    SLICE_X51Y6          FDRE (Prop_fdre_C_Q)         0.456     3.406 r  design_2_i/axi_gpio_5/U0/gpio_core_1/Not_Dual.gpio_Data_Out_reg[0]/Q
                         net (fo=1637, routed)       12.268    15.674    design_2_i/top_onn_system_wrapp_0/inst/riya/onn_1/gen_align_reg[7].phase_reg_inst/reset
    SLICE_X9Y49          LUT2 (Prop_lut2_I0_O)        0.124    15.798 r  design_2_i/top_onn_system_wrapp_0/inst/riya/onn_1/gen_align_reg[7].phase_reg_inst/phi_out_reg[1]_LDC_i_2__6/O
                         net (fo=2, routed)           0.357    16.155    design_2_i/top_onn_system_wrapp_0/inst/riya/onn_1/gen_align_reg[7].phase_reg_inst/phi_out_reg[1]_LDC_i_2__6_n_0
    SLICE_X11Y49         LDCE (SetClr_ldce_CLR_Q)     0.885    17.040 f  design_2_i/top_onn_system_wrapp_0/inst/riya/onn_1/gen_align_reg[7].phase_reg_inst/phi_out_reg[1]_LDC/Q
                         net (fo=2, routed)           0.505    17.545    design_2_i/top_onn_system_wrapp_0/inst/riya/onn_1/gen_align_reg[7].phase_reg_inst/phi_out_reg[1]_LDC_n_0
    SLICE_X11Y49         LUT5 (Prop_lut5_I1_O)        0.124    17.669 r  design_2_i/top_onn_system_wrapp_0/inst/riya/onn_1/gen_align_reg[7].phase_reg_inst/state_changed_i_3__6/O
                         net (fo=1, routed)           1.848    19.516    design_2_i/top_onn_system_wrapp_0/inst/riya/onn_1/gen_align_reg[7].phase_reg_inst/state_changed_i_3__6_n_0
    SLICE_X29Y37         LUT5 (Prop_lut5_I1_O)        0.124    19.640 r  design_2_i/top_onn_system_wrapp_0/inst/riya/onn_1/gen_align_reg[7].phase_reg_inst/state_changed_i_2__6/O
                         net (fo=1, routed)           0.683    20.324    design_2_i/top_onn_system_wrapp_0/inst/riya/onn_1/gen_align_reg[7].phase_reg_inst/state_changed_i_2__6_n_0
    SLICE_X29Y32         LUT5 (Prop_lut5_I1_O)        0.124    20.448 r  design_2_i/top_onn_system_wrapp_0/inst/riya/onn_1/gen_align_reg[7].phase_reg_inst/state_changed_i_1__6/O
                         net (fo=1, routed)           0.000    20.448    design_2_i/top_onn_system_wrapp_0/inst/riya/onn_1/gen_align_reg[7].phase_reg_inst/state_changed_i_1__6_n_0
    SLICE_X29Y32         FDCE                                         r  design_2_i/top_onn_system_wrapp_0/inst/riya/onn_1/gen_align_reg[7].phase_reg_inst/state_changed_reg/D
  -------------------------------------------------------------------    -------------------

Slack:                    inf
  Source:                 design_2_i/axi_gpio_5/U0/gpio_core_1/Not_Dual.gpio_Data_Out_reg[0]/C
                            (rising edge-triggered cell FDRE clocked by clk_fpga_0  {rise@0.000ns fall@10.000ns period=20.000ns})
  Destination:            design_2_i/top_onn_system_wrapp_0/inst/riya/onn_1/gen_align_reg[34].phase_reg_inst/state_changed_reg/D
  Path Group:             (none)
  Path Type:              Max at Slow Process Corner
  Data Path Delay:        16.739ns  (logic 1.974ns (11.793%)  route 14.765ns (88.207%))
  Logic Levels:           6  (LDCE=1 LUT2=1 LUT4=1 LUT5=3)
  Clock Uncertainty:      0.301ns  ((TSJ^2 + TIJ^2)^1/2 + DJ) / 2 + PE
    Total System Jitter     (TSJ):    0.050ns
    Total Input Jitter      (TIJ):    0.600ns
    Discrete Jitter          (DJ):    0.000ns
    Phase Error              (PE):    0.000ns

    Location             Delay type                Incr(ns)  Path(ns)    Netlist Resource(s)
  -------------------------------------------------------------------    -------------------
                         (clock clk_fpga_0 rise edge)
                                                      0.000     0.000 r  
    PS7_X0Y0             PS7                          0.000     0.000 r  design_2_i/processing_system7_0/inst/PS7_i/FCLKCLK[0]
                         net (fo=1, routed)           1.193     1.193    design_2_i/processing_system7_0/inst/FCLK_CLK_unbuffered[0]
    BUFGCTRL_X0Y16       BUFG (Prop_bufg_I_O)         0.101     1.294 r  design_2_i/processing_system7_0/inst/buffer_fclk_clk_0.FCLK_CLK_0_BUFG/O
                         net (fo=2094, routed)        1.656     2.950    design_2_i/axi_gpio_5/U0/gpio_core_1/s_axi_aclk
    SLICE_X51Y6          FDRE                                         r  design_2_i/axi_gpio_5/U0/gpio_core_1/Not_Dual.gpio_Data_Out_reg[0]/C
  -------------------------------------------------------------------    -------------------
    SLICE_X51Y6          FDRE (Prop_fdre_C_Q)         0.456     3.406 r  design_2_i/axi_gpio_5/U0/gpio_core_1/Not_Dual.gpio_Data_Out_reg[0]/Q
                         net (fo=1637, routed)        7.626    11.032    design_2_i/top_onn_system_wrapp_0/inst/riya/onn_1/gen_align_reg[34].phase_reg_inst/reset
    SLICE_X58Y46         LUT2 (Prop_lut2_I0_O)        0.124    11.156 r  design_2_i/top_onn_system_wrapp_0/inst/riya/onn_1/gen_align_reg[34].phase_reg_inst/phi_out_reg[0]_LDC_i_2__33/O
                         net (fo=2, routed)           0.508    11.664    design_2_i/top_onn_system_wrapp_0/inst/riya/onn_1/gen_align_reg[34].phase_reg_inst/phi_out_reg[0]_LDC_i_2__33_n_0
    SLICE_X54Y47         LDCE (SetClr_ldce_CLR_Q)     0.898    12.562 f  design_2_i/top_onn_system_wrapp_0/inst/riya/onn_1/gen_align_reg[34].phase_reg_inst/phi_out_reg[0]_LDC/Q
                         net (fo=2, routed)           0.583    13.145    design_2_i/top_onn_system_wrapp_0/inst/riya/onn_1/gen_align_reg[34].phase_reg_inst/phi_out_reg[0]_LDC_n_0
    SLICE_X60Y46         LUT4 (Prop_lut4_I1_O)        0.124    13.269 r  design_2_i/top_onn_system_wrapp_0/inst/riya/onn_1/gen_align_reg[34].phase_reg_inst/state_changed_i_4__33/O
                         net (fo=1, routed)           1.610    14.879    design_2_i/top_onn_system_wrapp_0/inst/riya/onn_1/gen_align_reg[34].phase_reg_inst/state_changed_i_4__33_n_0
    SLICE_X41Y52         LUT5 (Prop_lut5_I3_O)        0.124    15.003 r  design_2_i/top_onn_system_wrapp_0/inst/riya/onn_1/gen_align_reg[34].phase_reg_inst/state_changed_i_3__33/O
                         net (fo=1, routed)           1.867    16.870    design_2_i/top_onn_system_wrapp_0/inst/riya/onn_1/gen_align_reg[34].phase_reg_inst/state_changed_i_3__33_n_0
    SLICE_X8Y36          LUT5 (Prop_lut5_I1_O)        0.124    16.994 r  design_2_i/top_onn_system_wrapp_0/inst/riya/onn_1/gen_align_reg[34].phase_reg_inst/state_changed_i_2__33/O
                         net (fo=1, routed)           2.571    19.565    design_2_i/top_onn_system_wrapp_0/inst/riya/onn_1/gen_align_reg[34].phase_reg_inst/state_changed_i_2__33_n_0
    SLICE_X42Y60         LUT5 (Prop_lut5_I1_O)        0.124    19.689 r  design_2_i/top_onn_system_wrapp_0/inst/riya/onn_1/gen_align_reg[34].phase_reg_inst/state_changed_i_1__33/O
                         net (fo=1, routed)           0.000    19.689    design_2_i/top_onn_system_wrapp_0/inst/riya/onn_1/gen_align_reg[34].phase_reg_inst/state_changed_i_1__33_n_0
    SLICE_X42Y60         FDCE                                         r  design_2_i/top_onn_system_wrapp_0/inst/riya/onn_1/gen_align_reg[34].phase_reg_inst/state_changed_reg/D
  -------------------------------------------------------------------    -------------------

Slack:                    inf
  Source:                 design_2_i/axi_gpio_5/U0/gpio_core_1/Not_Dual.gpio_Data_Out_reg[0]/C
                            (rising edge-triggered cell FDRE clocked by clk_fpga_0  {rise@0.000ns fall@10.000ns period=20.000ns})
  Destination:            design_2_i/top_onn_system_wrapp_0/inst/riya/onn_1/gen_align_reg[4].ph/phase_reg[1]/CE
  Path Group:             (none)
  Path Type:              Max at Slow Process Corner
  Data Path Delay:        16.655ns  (logic 0.704ns (4.227%)  route 15.951ns (95.773%))
  Logic Levels:           2  (LUT6=2)
  Clock Uncertainty:      0.301ns  ((TSJ^2 + TIJ^2)^1/2 + DJ) / 2 + PE
    Total System Jitter     (TSJ):    0.050ns
    Total Input Jitter      (TIJ):    0.600ns
    Discrete Jitter          (DJ):    0.000ns
    Phase Error              (PE):    0.000ns

    Location             Delay type                Incr(ns)  Path(ns)    Netlist Resource(s)
  -------------------------------------------------------------------    -------------------
                         (clock clk_fpga_0 rise edge)
                                                      0.000     0.000 r  
    PS7_X0Y0             PS7                          0.000     0.000 r  design_2_i/processing_system7_0/inst/PS7_i/FCLKCLK[0]
                         net (fo=1, routed)           1.193     1.193    design_2_i/processing_system7_0/inst/FCLK_CLK_unbuffered[0]
    BUFGCTRL_X0Y16       BUFG (Prop_bufg_I_O)         0.101     1.294 r  design_2_i/processing_system7_0/inst/buffer_fclk_clk_0.FCLK_CLK_0_BUFG/O
                         net (fo=2094, routed)        1.656     2.950    design_2_i/axi_gpio_5/U0/gpio_core_1/s_axi_aclk
    SLICE_X51Y6          FDRE                                         r  design_2_i/axi_gpio_5/U0/gpio_core_1/Not_Dual.gpio_Data_Out_reg[0]/C
  -------------------------------------------------------------------    -------------------
    SLICE_X51Y6          FDRE (Prop_fdre_C_Q)         0.456     3.406 f  design_2_i/axi_gpio_5/U0/gpio_core_1/Not_Dual.gpio_Data_Out_reg[0]/Q
                         net (fo=1637, routed)       12.546    15.952    design_2_i/top_onn_system_wrapp_0/inst/riya/onn_1/gen_align_reg[4].ph/out/reset
    SLICE_X6Y49          LUT6 (Prop_lut6_I5_O)        0.124    16.076 r  design_2_i/top_onn_system_wrapp_0/inst/riya/onn_1/gen_align_reg[4].ph/out/phase[3]_i_4__3/O
                         net (fo=5, routed)           2.833    18.909    design_2_i/top_onn_system_wrapp_0/inst/riya/onn_1/gen_align_reg[4].ph/out/phase[3]_i_4__3_n_0
    SLICE_X40Y63         LUT6 (Prop_lut6_I1_O)        0.124    19.033 r  design_2_i/top_onn_system_wrapp_0/inst/riya/onn_1/gen_align_reg[4].ph/out/phase[3]_i_1__3/O
                         net (fo=4, routed)           0.572    19.605    design_2_i/top_onn_system_wrapp_0/inst/riya/onn_1/gen_align_reg[4].ph/out_n_7
    SLICE_X41Y65         FDRE                                         r  design_2_i/top_onn_system_wrapp_0/inst/riya/onn_1/gen_align_reg[4].ph/phase_reg[1]/CE
  -------------------------------------------------------------------    -------------------

Slack:                    inf
  Source:                 design_2_i/axi_gpio_5/U0/gpio_core_1/Not_Dual.gpio_Data_Out_reg[0]/C
                            (rising edge-triggered cell FDRE clocked by clk_fpga_0  {rise@0.000ns fall@10.000ns period=20.000ns})
  Destination:            design_2_i/top_onn_system_wrapp_0/inst/riya/onn_1/gen_align_reg[4].ph/phase_reg[3]/CE
  Path Group:             (none)
  Path Type:              Max at Slow Process Corner
  Data Path Delay:        16.655ns  (logic 0.704ns (4.227%)  route 15.951ns (95.773%))
  Logic Levels:           2  (LUT6=2)
  Clock Uncertainty:      0.301ns  ((TSJ^2 + TIJ^2)^1/2 + DJ) / 2 + PE
    Total System Jitter     (TSJ):    0.050ns
    Total Input Jitter      (TIJ):    0.600ns
    Discrete Jitter          (DJ):    0.000ns
    Phase Error              (PE):    0.000ns

    Location             Delay type                Incr(ns)  Path(ns)    Netlist Resource(s)
  -------------------------------------------------------------------    -------------------
                         (clock clk_fpga_0 rise edge)
                                                      0.000     0.000 r  
    PS7_X0Y0             PS7                          0.000     0.000 r  design_2_i/processing_system7_0/inst/PS7_i/FCLKCLK[0]
                         net (fo=1, routed)           1.193     1.193    design_2_i/processing_system7_0/inst/FCLK_CLK_unbuffered[0]
    BUFGCTRL_X0Y16       BUFG (Prop_bufg_I_O)         0.101     1.294 r  design_2_i/processing_system7_0/inst/buffer_fclk_clk_0.FCLK_CLK_0_BUFG/O
                         net (fo=2094, routed)        1.656     2.950    design_2_i/axi_gpio_5/U0/gpio_core_1/s_axi_aclk
    SLICE_X51Y6          FDRE                                         r  design_2_i/axi_gpio_5/U0/gpio_core_1/Not_Dual.gpio_Data_Out_reg[0]/C
  -------------------------------------------------------------------    -------------------
    SLICE_X51Y6          FDRE (Prop_fdre_C_Q)         0.456     3.406 f  design_2_i/axi_gpio_5/U0/gpio_core_1/Not_Dual.gpio_Data_Out_reg[0]/Q
                         net (fo=1637, routed)       12.546    15.952    design_2_i/top_onn_system_wrapp_0/inst/riya/onn_1/gen_align_reg[4].ph/out/reset
    SLICE_X6Y49          LUT6 (Prop_lut6_I5_O)        0.124    16.076 r  design_2_i/top_onn_system_wrapp_0/inst/riya/onn_1/gen_align_reg[4].ph/out/phase[3]_i_4__3/O
                         net (fo=5, routed)           2.833    18.909    design_2_i/top_onn_system_wrapp_0/inst/riya/onn_1/gen_align_reg[4].ph/out/phase[3]_i_4__3_n_0
    SLICE_X40Y63         LUT6 (Prop_lut6_I1_O)        0.124    19.033 r  design_2_i/top_onn_system_wrapp_0/inst/riya/onn_1/gen_align_reg[4].ph/out/phase[3]_i_1__3/O
                         net (fo=4, routed)           0.572    19.605    design_2_i/top_onn_system_wrapp_0/inst/riya/onn_1/gen_align_reg[4].ph/out_n_7
    SLICE_X41Y65         FDRE                                         r  design_2_i/top_onn_system_wrapp_0/inst/riya/onn_1/gen_align_reg[4].ph/phase_reg[3]/CE
  -------------------------------------------------------------------    -------------------

Slack:                    inf
  Source:                 design_2_i/axi_gpio_5/U0/gpio_core_1/Not_Dual.gpio_Data_Out_reg[0]/C
                            (rising edge-triggered cell FDRE clocked by clk_fpga_0  {rise@0.000ns fall@10.000ns period=20.000ns})
  Destination:            design_2_i/top_onn_system_wrapp_0/inst/riya/onn_1/gen_align_reg[4].ph/phase_reg[3]/D
  Path Group:             (none)
  Path Type:              Max at Slow Process Corner
  Data Path Delay:        16.579ns  (logic 0.704ns (4.246%)  route 15.875ns (95.754%))
  Logic Levels:           2  (LUT6=2)
  Clock Uncertainty:      0.301ns  ((TSJ^2 + TIJ^2)^1/2 + DJ) / 2 + PE
    Total System Jitter     (TSJ):    0.050ns
    Total Input Jitter      (TIJ):    0.600ns
    Discrete Jitter          (DJ):    0.000ns
    Phase Error              (PE):    0.000ns

    Location             Delay type                Incr(ns)  Path(ns)    Netlist Resource(s)
  -------------------------------------------------------------------    -------------------
                         (clock clk_fpga_0 rise edge)
                                                      0.000     0.000 r  
    PS7_X0Y0             PS7                          0.000     0.000 r  design_2_i/processing_system7_0/inst/PS7_i/FCLKCLK[0]
                         net (fo=1, routed)           1.193     1.193    design_2_i/processing_system7_0/inst/FCLK_CLK_unbuffered[0]
    BUFGCTRL_X0Y16       BUFG (Prop_bufg_I_O)         0.101     1.294 r  design_2_i/processing_system7_0/inst/buffer_fclk_clk_0.FCLK_CLK_0_BUFG/O
                         net (fo=2094, routed)        1.656     2.950    design_2_i/axi_gpio_5/U0/gpio_core_1/s_axi_aclk
    SLICE_X51Y6          FDRE                                         r  design_2_i/axi_gpio_5/U0/gpio_core_1/Not_Dual.gpio_Data_Out_reg[0]/C
  -------------------------------------------------------------------    -------------------
    SLICE_X51Y6          FDRE (Prop_fdre_C_Q)         0.456     3.406 f  design_2_i/axi_gpio_5/U0/gpio_core_1/Not_Dual.gpio_Data_Out_reg[0]/Q
                         net (fo=1637, routed)       12.547    15.953    design_2_i/top_onn_system_wrapp_0/inst/riya/onn_1/gen_align_reg[4].ph/out/reset
    SLICE_X6Y49          LUT6 (Prop_lut6_I5_O)        0.124    16.077 r  design_2_i/top_onn_system_wrapp_0/inst/riya/onn_1/gen_align_reg[4].ph/out/phase[3]_i_3__3/O
                         net (fo=5, routed)           3.328    19.405    design_2_i/top_onn_system_wrapp_0/inst/riya/onn_1/gen_align_reg[4].ph/out/phase[3]_i_3__3_n_0
    SLICE_X41Y65         LUT6 (Prop_lut6_I1_O)        0.124    19.529 r  design_2_i/top_onn_system_wrapp_0/inst/riya/onn_1/gen_align_reg[4].ph/out/phase[3]_i_2__3/O
                         net (fo=1, routed)           0.000    19.529    design_2_i/top_onn_system_wrapp_0/inst/riya/onn_1/gen_align_reg[4].ph/p_1_in[3]
    SLICE_X41Y65         FDRE                                         r  design_2_i/top_onn_system_wrapp_0/inst/riya/onn_1/gen_align_reg[4].ph/phase_reg[3]/D
  -------------------------------------------------------------------    -------------------

Slack:                    inf
  Source:                 design_2_i/axi_gpio_5/U0/gpio_core_1/Not_Dual.gpio_Data_Out_reg[0]/C
                            (rising edge-triggered cell FDRE clocked by clk_fpga_0  {rise@0.000ns fall@10.000ns period=20.000ns})
  Destination:            design_2_i/top_onn_system_wrapp_0/inst/riya/onn_1/gen_align_reg[4].ph/phase_reg[2]/CE
  Path Group:             (none)
  Path Type:              Max at Slow Process Corner
  Data Path Delay:        16.567ns  (logic 0.704ns (4.249%)  route 15.863ns (95.751%))
  Logic Levels:           2  (LUT6=2)
  Clock Uncertainty:      0.301ns  ((TSJ^2 + TIJ^2)^1/2 + DJ) / 2 + PE
    Total System Jitter     (TSJ):    0.050ns
    Total Input Jitter      (TIJ):    0.600ns
    Discrete Jitter          (DJ):    0.000ns
    Phase Error              (PE):    0.000ns

    Location             Delay type                Incr(ns)  Path(ns)    Netlist Resource(s)
  -------------------------------------------------------------------    -------------------
                         (clock clk_fpga_0 rise edge)
                                                      0.000     0.000 r  
    PS7_X0Y0             PS7                          0.000     0.000 r  design_2_i/processing_system7_0/inst/PS7_i/FCLKCLK[0]
                         net (fo=1, routed)           1.193     1.193    design_2_i/processing_system7_0/inst/FCLK_CLK_unbuffered[0]
    BUFGCTRL_X0Y16       BUFG (Prop_bufg_I_O)         0.101     1.294 r  design_2_i/processing_system7_0/inst/buffer_fclk_clk_0.FCLK_CLK_0_BUFG/O
                         net (fo=2094, routed)        1.656     2.950    design_2_i/axi_gpio_5/U0/gpio_core_1/s_axi_aclk
    SLICE_X51Y6          FDRE                                         r  design_2_i/axi_gpio_5/U0/gpio_core_1/Not_Dual.gpio_Data_Out_reg[0]/C
  -------------------------------------------------------------------    -------------------
    SLICE_X51Y6          FDRE (Prop_fdre_C_Q)         0.456     3.406 f  design_2_i/axi_gpio_5/U0/gpio_core_1/Not_Dual.gpio_Data_Out_reg[0]/Q
                         net (fo=1637, routed)       12.546    15.952    design_2_i/top_onn_system_wrapp_0/inst/riya/onn_1/gen_align_reg[4].ph/out/reset
    SLICE_X6Y49          LUT6 (Prop_lut6_I5_O)        0.124    16.076 r  design_2_i/top_onn_system_wrapp_0/inst/riya/onn_1/gen_align_reg[4].ph/out/phase[3]_i_4__3/O
                         net (fo=5, routed)           2.833    18.909    design_2_i/top_onn_system_wrapp_0/inst/riya/onn_1/gen_align_reg[4].ph/out/phase[3]_i_4__3_n_0
    SLICE_X40Y63         LUT6 (Prop_lut6_I1_O)        0.124    19.033 r  design_2_i/top_onn_system_wrapp_0/inst/riya/onn_1/gen_align_reg[4].ph/out/phase[3]_i_1__3/O
                         net (fo=4, routed)           0.484    19.517    design_2_i/top_onn_system_wrapp_0/inst/riya/onn_1/gen_align_reg[4].ph/out_n_7
    SLICE_X40Y62         FDRE                                         r  design_2_i/top_onn_system_wrapp_0/inst/riya/onn_1/gen_align_reg[4].ph/phase_reg[2]/CE
  -------------------------------------------------------------------    -------------------

Slack:                    inf
  Source:                 design_2_i/axi_gpio_5/U0/gpio_core_1/Not_Dual.gpio_Data_Out_reg[0]/C
                            (rising edge-triggered cell FDRE clocked by clk_fpga_0  {rise@0.000ns fall@10.000ns period=20.000ns})
  Destination:            design_2_i/top_onn_system_wrapp_0/inst/riya/onn_1/gen_align_reg[4].ph/phase_reg[0]/CE
  Path Group:             (none)
  Path Type:              Max at Slow Process Corner
  Data Path Delay:        16.474ns  (logic 0.704ns (4.273%)  route 15.770ns (95.727%))
  Logic Levels:           2  (LUT6=2)
  Clock Uncertainty:      0.301ns  ((TSJ^2 + TIJ^2)^1/2 + DJ) / 2 + PE
    Total System Jitter     (TSJ):    0.050ns
    Total Input Jitter      (TIJ):    0.600ns
    Discrete Jitter          (DJ):    0.000ns
    Phase Error              (PE):    0.000ns

    Location             Delay type                Incr(ns)  Path(ns)    Netlist Resource(s)
  -------------------------------------------------------------------    -------------------
                         (clock clk_fpga_0 rise edge)
                                                      0.000     0.000 r  
    PS7_X0Y0             PS7                          0.000     0.000 r  design_2_i/processing_system7_0/inst/PS7_i/FCLKCLK[0]
                         net (fo=1, routed)           1.193     1.193    design_2_i/processing_system7_0/inst/FCLK_CLK_unbuffered[0]
    BUFGCTRL_X0Y16       BUFG (Prop_bufg_I_O)         0.101     1.294 r  design_2_i/processing_system7_0/inst/buffer_fclk_clk_0.FCLK_CLK_0_BUFG/O
                         net (fo=2094, routed)        1.656     2.950    design_2_i/axi_gpio_5/U0/gpio_core_1/s_axi_aclk
    SLICE_X51Y6          FDRE                                         r  design_2_i/axi_gpio_5/U0/gpio_core_1/Not_Dual.gpio_Data_Out_reg[0]/C
  -------------------------------------------------------------------    -------------------
    SLICE_X51Y6          FDRE (Prop_fdre_C_Q)         0.456     3.406 f  design_2_i/axi_gpio_5/U0/gpio_core_1/Not_Dual.gpio_Data_Out_reg[0]/Q
                         net (fo=1637, routed)       12.546    15.952    design_2_i/top_onn_system_wrapp_0/inst/riya/onn_1/gen_align_reg[4].ph/out/reset
    SLICE_X6Y49          LUT6 (Prop_lut6_I5_O)        0.124    16.076 r  design_2_i/top_onn_system_wrapp_0/inst/riya/onn_1/gen_align_reg[4].ph/out/phase[3]_i_4__3/O
                         net (fo=5, routed)           2.833    18.909    design_2_i/top_onn_system_wrapp_0/inst/riya/onn_1/gen_align_reg[4].ph/out/phase[3]_i_4__3_n_0
    SLICE_X40Y63         LUT6 (Prop_lut6_I1_O)        0.124    19.033 r  design_2_i/top_onn_system_wrapp_0/inst/riya/onn_1/gen_align_reg[4].ph/out/phase[3]_i_1__3/O
                         net (fo=4, routed)           0.391    19.424    design_2_i/top_onn_system_wrapp_0/inst/riya/onn_1/gen_align_reg[4].ph/out_n_7
    SLICE_X40Y63         FDRE                                         r  design_2_i/top_onn_system_wrapp_0/inst/riya/onn_1/gen_align_reg[4].ph/phase_reg[0]/CE
  -------------------------------------------------------------------    -------------------

Slack:                    inf
  Source:                 design_2_i/axi_gpio_5/U0/gpio_core_1/Not_Dual.gpio_Data_Out_reg[0]/C
                            (rising edge-triggered cell FDRE clocked by clk_fpga_0  {rise@0.000ns fall@10.000ns period=20.000ns})
  Destination:            design_2_i/top_onn_system_wrapp_0/inst/riya/onn_1/gen_align_reg[4].ph/phase_reg[1]/D
  Path Group:             (none)
  Path Type:              Max at Slow Process Corner
  Data Path Delay:        16.431ns  (logic 0.704ns (4.285%)  route 15.727ns (95.715%))
  Logic Levels:           2  (LUT6=2)
  Clock Uncertainty:      0.301ns  ((TSJ^2 + TIJ^2)^1/2 + DJ) / 2 + PE
    Total System Jitter     (TSJ):    0.050ns
    Total Input Jitter      (TIJ):    0.600ns
    Discrete Jitter          (DJ):    0.000ns
    Phase Error              (PE):    0.000ns

    Location             Delay type                Incr(ns)  Path(ns)    Netlist Resource(s)
  -------------------------------------------------------------------    -------------------
                         (clock clk_fpga_0 rise edge)
                                                      0.000     0.000 r  
    PS7_X0Y0             PS7                          0.000     0.000 r  design_2_i/processing_system7_0/inst/PS7_i/FCLKCLK[0]
                         net (fo=1, routed)           1.193     1.193    design_2_i/processing_system7_0/inst/FCLK_CLK_unbuffered[0]
    BUFGCTRL_X0Y16       BUFG (Prop_bufg_I_O)         0.101     1.294 r  design_2_i/processing_system7_0/inst/buffer_fclk_clk_0.FCLK_CLK_0_BUFG/O
                         net (fo=2094, routed)        1.656     2.950    design_2_i/axi_gpio_5/U0/gpio_core_1/s_axi_aclk
    SLICE_X51Y6          FDRE                                         r  design_2_i/axi_gpio_5/U0/gpio_core_1/Not_Dual.gpio_Data_Out_reg[0]/C
  -------------------------------------------------------------------    -------------------
    SLICE_X51Y6          FDRE (Prop_fdre_C_Q)         0.456     3.406 f  design_2_i/axi_gpio_5/U0/gpio_core_1/Not_Dual.gpio_Data_Out_reg[0]/Q
                         net (fo=1637, routed)       12.546    15.952    design_2_i/top_onn_system_wrapp_0/inst/riya/onn_1/gen_align_reg[4].ph/out/reset
    SLICE_X6Y49          LUT6 (Prop_lut6_I5_O)        0.124    16.076 r  design_2_i/top_onn_system_wrapp_0/inst/riya/onn_1/gen_align_reg[4].ph/out/phase[3]_i_4__3/O
                         net (fo=5, routed)           3.181    19.257    design_2_i/top_onn_system_wrapp_0/inst/riya/onn_1/gen_align_reg[4].ph/out/phase[3]_i_4__3_n_0
    SLICE_X41Y65         LUT6 (Prop_lut6_I3_O)        0.124    19.381 r  design_2_i/top_onn_system_wrapp_0/inst/riya/onn_1/gen_align_reg[4].ph/out/phase[1]_i_1__3/O
                         net (fo=1, routed)           0.000    19.381    design_2_i/top_onn_system_wrapp_0/inst/riya/onn_1/gen_align_reg[4].ph/p_1_in[1]
    SLICE_X41Y65         FDRE                                         r  design_2_i/top_onn_system_wrapp_0/inst/riya/onn_1/gen_align_reg[4].ph/phase_reg[1]/D
  -------------------------------------------------------------------    -------------------





Min Delay Paths
--------------------------------------------------------------------------------------
Slack:                    inf
  Source:                 design_2_i/axi_gpio_0/U0/gpio_core_1/Not_Dual.gpio_Data_Out_reg[31]/C
                            (rising edge-triggered cell FDRE clocked by clk_fpga_0  {rise@0.000ns fall@10.000ns period=20.000ns})
  Destination:            design_2_i/top_onn_system_wrapp_0/inst/riya/onn_1/phi_out_reg[0][0]/D
  Path Group:             (none)
  Path Type:              Min at Fast Process Corner
  Data Path Delay:        0.313ns  (logic 0.186ns (59.383%)  route 0.127ns (40.617%))
  Logic Levels:           1  (LUT5=1)
  Clock Uncertainty:      0.301ns  ((TSJ^2 + TIJ^2)^1/2 + DJ) / 2 + PE
    Total System Jitter     (TSJ):    0.050ns
    Total Input Jitter      (TIJ):    0.600ns
    Discrete Jitter          (DJ):    0.000ns
    Phase Error              (PE):    0.000ns

    Location             Delay type                Incr(ns)  Path(ns)    Netlist Resource(s)
  -------------------------------------------------------------------    -------------------
                         (clock clk_fpga_0 rise edge)
                                                      0.000     0.000 r  
    PS7_X0Y0             PS7                          0.000     0.000 r  design_2_i/processing_system7_0/inst/PS7_i/FCLKCLK[0]
                         net (fo=1, routed)           0.310     0.310    design_2_i/processing_system7_0/inst/FCLK_CLK_unbuffered[0]
    BUFGCTRL_X0Y16       BUFG (Prop_bufg_I_O)         0.026     0.336 r  design_2_i/processing_system7_0/inst/buffer_fclk_clk_0.FCLK_CLK_0_BUFG/O
                         net (fo=2094, routed)        0.557     0.893    design_2_i/axi_gpio_0/U0/gpio_core_1/s_axi_aclk
    SLICE_X33Y58         FDRE                                         r  design_2_i/axi_gpio_0/U0/gpio_core_1/Not_Dual.gpio_Data_Out_reg[31]/C
  -------------------------------------------------------------------    -------------------
    SLICE_X33Y58         FDRE (Prop_fdre_C_Q)         0.141     1.034 r  design_2_i/axi_gpio_0/U0/gpio_core_1/Not_Dual.gpio_Data_Out_reg[31]/Q
                         net (fo=2, routed)           0.127     1.161    design_2_i/top_onn_system_wrapp_0/inst/riya/onn_1/gen_align_reg[0].phase_reg_inst/phi_out_in[0]
    SLICE_X34Y58         LUT5 (Prop_lut5_I0_O)        0.045     1.206 r  design_2_i/top_onn_system_wrapp_0/inst/riya/onn_1/gen_align_reg[0].phase_reg_inst/phi_out[0][0]_i_1/O
                         net (fo=1, routed)           0.000     1.206    design_2_i/top_onn_system_wrapp_0/inst/riya/onn_1/gen_align_reg[0].phase_reg_inst_n_3
    SLICE_X34Y58         FDRE                                         r  design_2_i/top_onn_system_wrapp_0/inst/riya/onn_1/phi_out_reg[0][0]/D
  -------------------------------------------------------------------    -------------------

Slack:                    inf
  Source:                 design_2_i/axi_gpio_0/U0/gpio_core_1/Not_Dual.gpio_Data_Out_reg[3]/C
                            (rising edge-triggered cell FDRE clocked by clk_fpga_0  {rise@0.000ns fall@10.000ns period=20.000ns})
  Destination:            design_2_i/top_onn_system_wrapp_0/inst/riya/onn_1/phi_out_reg[7][0]/D
  Path Group:             (none)
  Path Type:              Min at Fast Process Corner
  Data Path Delay:        0.360ns  (logic 0.209ns (57.989%)  route 0.151ns (42.011%))
  Logic Levels:           1  (LUT5=1)
  Clock Uncertainty:      0.301ns  ((TSJ^2 + TIJ^2)^1/2 + DJ) / 2 + PE
    Total System Jitter     (TSJ):    0.050ns
    Total Input Jitter      (TIJ):    0.600ns
    Discrete Jitter          (DJ):    0.000ns
    Phase Error              (PE):    0.000ns

    Location             Delay type                Incr(ns)  Path(ns)    Netlist Resource(s)
  -------------------------------------------------------------------    -------------------
                         (clock clk_fpga_0 rise edge)
                                                      0.000     0.000 r  
    PS7_X0Y0             PS7                          0.000     0.000 r  design_2_i/processing_system7_0/inst/PS7_i/FCLKCLK[0]
                         net (fo=1, routed)           0.310     0.310    design_2_i/processing_system7_0/inst/FCLK_CLK_unbuffered[0]
    BUFGCTRL_X0Y16       BUFG (Prop_bufg_I_O)         0.026     0.336 r  design_2_i/processing_system7_0/inst/buffer_fclk_clk_0.FCLK_CLK_0_BUFG/O
                         net (fo=2094, routed)        0.551     0.887    design_2_i/axi_gpio_0/U0/gpio_core_1/s_axi_aclk
    SLICE_X50Y59         FDRE                                         r  design_2_i/axi_gpio_0/U0/gpio_core_1/Not_Dual.gpio_Data_Out_reg[3]/C
  -------------------------------------------------------------------    -------------------
    SLICE_X50Y59         FDRE (Prop_fdre_C_Q)         0.164     1.051 r  design_2_i/axi_gpio_0/U0/gpio_core_1/Not_Dual.gpio_Data_Out_reg[3]/Q
                         net (fo=2, routed)           0.151     1.202    design_2_i/top_onn_system_wrapp_0/inst/riya/onn_1/gen_align_reg[7].phase_reg_inst/phi_out_in[0]
    SLICE_X52Y60         LUT5 (Prop_lut5_I0_O)        0.045     1.247 r  design_2_i/top_onn_system_wrapp_0/inst/riya/onn_1/gen_align_reg[7].phase_reg_inst/phi_out[7][0]_i_1/O
                         net (fo=1, routed)           0.000     1.247    design_2_i/top_onn_system_wrapp_0/inst/riya/onn_1/gen_align_reg[7].phase_reg_inst_n_3
    SLICE_X52Y60         FDRE                                         r  design_2_i/top_onn_system_wrapp_0/inst/riya/onn_1/phi_out_reg[7][0]/D
  -------------------------------------------------------------------    -------------------

Slack:                    inf
  Source:                 design_2_i/axi_gpio_3/U0/gpio_core_1/Not_Dual.gpio_Data_Out_reg[17]/C
                            (rising edge-triggered cell FDRE clocked by clk_fpga_0  {rise@0.000ns fall@10.000ns period=20.000ns})
  Destination:            design_2_i/top_onn_system_wrapp_0/inst/riya/onn_1/phi_out_reg[27][2]/D
  Path Group:             (none)
  Path Type:              Min at Fast Process Corner
  Data Path Delay:        0.360ns  (logic 0.186ns (51.720%)  route 0.174ns (48.280%))
  Logic Levels:           1  (LUT5=1)
  Clock Uncertainty:      0.301ns  ((TSJ^2 + TIJ^2)^1/2 + DJ) / 2 + PE
    Total System Jitter     (TSJ):    0.050ns
    Total Input Jitter      (TIJ):    0.600ns
    Discrete Jitter          (DJ):    0.000ns
    Phase Error              (PE):    0.000ns

    Location             Delay type                Incr(ns)  Path(ns)    Netlist Resource(s)
  -------------------------------------------------------------------    -------------------
                         (clock clk_fpga_0 rise edge)
                                                      0.000     0.000 r  
    PS7_X0Y0             PS7                          0.000     0.000 r  design_2_i/processing_system7_0/inst/PS7_i/FCLKCLK[0]
                         net (fo=1, routed)           0.310     0.310    design_2_i/processing_system7_0/inst/FCLK_CLK_unbuffered[0]
    BUFGCTRL_X0Y16       BUFG (Prop_bufg_I_O)         0.026     0.336 r  design_2_i/processing_system7_0/inst/buffer_fclk_clk_0.FCLK_CLK_0_BUFG/O
                         net (fo=2094, routed)        0.557     0.893    design_2_i/axi_gpio_3/U0/gpio_core_1/s_axi_aclk
    SLICE_X43Y52         FDRE                                         r  design_2_i/axi_gpio_3/U0/gpio_core_1/Not_Dual.gpio_Data_Out_reg[17]/C
  -------------------------------------------------------------------    -------------------
    SLICE_X43Y52         FDRE (Prop_fdre_C_Q)         0.141     1.034 r  design_2_i/axi_gpio_3/U0/gpio_core_1/Not_Dual.gpio_Data_Out_reg[17]/Q
                         net (fo=2, routed)           0.174     1.207    design_2_i/top_onn_system_wrapp_0/inst/riya/onn_1/gen_align_reg[27].phase_reg_inst/phi_out_in[2]
    SLICE_X38Y52         LUT5 (Prop_lut5_I0_O)        0.045     1.252 r  design_2_i/top_onn_system_wrapp_0/inst/riya/onn_1/gen_align_reg[27].phase_reg_inst/phi_out[27][2]_i_1/O
                         net (fo=1, routed)           0.000     1.252    design_2_i/top_onn_system_wrapp_0/inst/riya/onn_1/gen_align_reg[27].phase_reg_inst_n_1
    SLICE_X38Y52         FDRE                                         r  design_2_i/top_onn_system_wrapp_0/inst/riya/onn_1/phi_out_reg[27][2]/D
  -------------------------------------------------------------------    -------------------

Slack:                    inf
  Source:                 design_2_i/axi_gpio_5/U0/gpio_core_1/Not_Dual.gpio_Data_Out_reg[0]/C
                            (rising edge-triggered cell FDRE clocked by clk_fpga_0  {rise@0.000ns fall@10.000ns period=20.000ns})
  Destination:            design_2_i/top_onn_system_wrapp_0/inst/riya/onn_1/gen_osc[30].os/shift_reg_reg[8]/PRE
  Path Group:             (none)
  Path Type:              Min at Fast Process Corner
  Data Path Delay:        0.359ns  (logic 0.141ns (39.254%)  route 0.218ns (60.746%))
  Logic Levels:           0  
  Clock Uncertainty:      0.301ns  ((TSJ^2 + TIJ^2)^1/2 + DJ) / 2 + PE
    Total System Jitter     (TSJ):    0.050ns
    Total Input Jitter      (TIJ):    0.600ns
    Discrete Jitter          (DJ):    0.000ns
    Phase Error              (PE):    0.000ns

    Location             Delay type                Incr(ns)  Path(ns)    Netlist Resource(s)
  -------------------------------------------------------------------    -------------------
                         (clock clk_fpga_0 rise edge)
                                                      0.000     0.000 r  
    PS7_X0Y0             PS7                          0.000     0.000 r  design_2_i/processing_system7_0/inst/PS7_i/FCLKCLK[0]
                         net (fo=1, routed)           0.310     0.310    design_2_i/processing_system7_0/inst/FCLK_CLK_unbuffered[0]
    BUFGCTRL_X0Y16       BUFG (Prop_bufg_I_O)         0.026     0.336 r  design_2_i/processing_system7_0/inst/buffer_fclk_clk_0.FCLK_CLK_0_BUFG/O
                         net (fo=2094, routed)        0.558     0.894    design_2_i/axi_gpio_5/U0/gpio_core_1/s_axi_aclk
    SLICE_X51Y6          FDRE                                         r  design_2_i/axi_gpio_5/U0/gpio_core_1/Not_Dual.gpio_Data_Out_reg[0]/C
  -------------------------------------------------------------------    -------------------
    SLICE_X51Y6          FDRE (Prop_fdre_C_Q)         0.141     1.035 f  design_2_i/axi_gpio_5/U0/gpio_core_1/Not_Dual.gpio_Data_Out_reg[0]/Q
                         net (fo=1637, routed)        0.218     1.253    design_2_i/top_onn_system_wrapp_0/inst/riya/onn_1/gen_osc[30].os/reset
    SLICE_X49Y6          FDPE                                         f  design_2_i/top_onn_system_wrapp_0/inst/riya/onn_1/gen_osc[30].os/shift_reg_reg[8]/PRE
  -------------------------------------------------------------------    -------------------

Slack:                    inf
  Source:                 design_2_i/axi_gpio_5/U0/gpio_core_1/Not_Dual.gpio_Data_Out_reg[0]/C
                            (rising edge-triggered cell FDRE clocked by clk_fpga_0  {rise@0.000ns fall@10.000ns period=20.000ns})
  Destination:            design_2_i/top_onn_system_wrapp_0/inst/riya/onn_1/gen_osc[30].os/shift_reg_reg[10]/PRE
  Path Group:             (none)
  Path Type:              Min at Fast Process Corner
  Data Path Delay:        0.361ns  (logic 0.141ns (39.069%)  route 0.220ns (60.931%))
  Logic Levels:           0  
  Clock Uncertainty:      0.301ns  ((TSJ^2 + TIJ^2)^1/2 + DJ) / 2 + PE
    Total System Jitter     (TSJ):    0.050ns
    Total Input Jitter      (TIJ):    0.600ns
    Discrete Jitter          (DJ):    0.000ns
    Phase Error              (PE):    0.000ns

    Location             Delay type                Incr(ns)  Path(ns)    Netlist Resource(s)
  -------------------------------------------------------------------    -------------------
                         (clock clk_fpga_0 rise edge)
                                                      0.000     0.000 r  
    PS7_X0Y0             PS7                          0.000     0.000 r  design_2_i/processing_system7_0/inst/PS7_i/FCLKCLK[0]
                         net (fo=1, routed)           0.310     0.310    design_2_i/processing_system7_0/inst/FCLK_CLK_unbuffered[0]
    BUFGCTRL_X0Y16       BUFG (Prop_bufg_I_O)         0.026     0.336 r  design_2_i/processing_system7_0/inst/buffer_fclk_clk_0.FCLK_CLK_0_BUFG/O
                         net (fo=2094, routed)        0.558     0.894    design_2_i/axi_gpio_5/U0/gpio_core_1/s_axi_aclk
    SLICE_X51Y6          FDRE                                         r  design_2_i/axi_gpio_5/U0/gpio_core_1/Not_Dual.gpio_Data_Out_reg[0]/C
  -------------------------------------------------------------------    -------------------
    SLICE_X51Y6          FDRE (Prop_fdre_C_Q)         0.141     1.035 f  design_2_i/axi_gpio_5/U0/gpio_core_1/Not_Dual.gpio_Data_Out_reg[0]/Q
                         net (fo=1637, routed)        0.220     1.254    design_2_i/top_onn_system_wrapp_0/inst/riya/onn_1/gen_osc[30].os/reset
    SLICE_X53Y5          FDPE                                         f  design_2_i/top_onn_system_wrapp_0/inst/riya/onn_1/gen_osc[30].os/shift_reg_reg[10]/PRE
  -------------------------------------------------------------------    -------------------

Slack:                    inf
  Source:                 design_2_i/axi_gpio_5/U0/gpio_core_1/Not_Dual.gpio_Data_Out_reg[0]/C
                            (rising edge-triggered cell FDRE clocked by clk_fpga_0  {rise@0.000ns fall@10.000ns period=20.000ns})
  Destination:            design_2_i/top_onn_system_wrapp_0/inst/riya/onn_1/gen_osc[30].os/shift_reg_reg[11]/PRE
  Path Group:             (none)
  Path Type:              Min at Fast Process Corner
  Data Path Delay:        0.361ns  (logic 0.141ns (39.069%)  route 0.220ns (60.931%))
  Logic Levels:           0  
  Clock Uncertainty:      0.301ns  ((TSJ^2 + TIJ^2)^1/2 + DJ) / 2 + PE
    Total System Jitter     (TSJ):    0.050ns
    Total Input Jitter      (TIJ):    0.600ns
    Discrete Jitter          (DJ):    0.000ns
    Phase Error              (PE):    0.000ns

    Location             Delay type                Incr(ns)  Path(ns)    Netlist Resource(s)
  -------------------------------------------------------------------    -------------------
                         (clock clk_fpga_0 rise edge)
                                                      0.000     0.000 r  
    PS7_X0Y0             PS7                          0.000     0.000 r  design_2_i/processing_system7_0/inst/PS7_i/FCLKCLK[0]
                         net (fo=1, routed)           0.310     0.310    design_2_i/processing_system7_0/inst/FCLK_CLK_unbuffered[0]
    BUFGCTRL_X0Y16       BUFG (Prop_bufg_I_O)         0.026     0.336 r  design_2_i/processing_system7_0/inst/buffer_fclk_clk_0.FCLK_CLK_0_BUFG/O
                         net (fo=2094, routed)        0.558     0.894    design_2_i/axi_gpio_5/U0/gpio_core_1/s_axi_aclk
    SLICE_X51Y6          FDRE                                         r  design_2_i/axi_gpio_5/U0/gpio_core_1/Not_Dual.gpio_Data_Out_reg[0]/C
  -------------------------------------------------------------------    -------------------
    SLICE_X51Y6          FDRE (Prop_fdre_C_Q)         0.141     1.035 f  design_2_i/axi_gpio_5/U0/gpio_core_1/Not_Dual.gpio_Data_Out_reg[0]/Q
                         net (fo=1637, routed)        0.220     1.254    design_2_i/top_onn_system_wrapp_0/inst/riya/onn_1/gen_osc[30].os/reset
    SLICE_X53Y5          FDPE                                         f  design_2_i/top_onn_system_wrapp_0/inst/riya/onn_1/gen_osc[30].os/shift_reg_reg[11]/PRE
  -------------------------------------------------------------------    -------------------

Slack:                    inf
  Source:                 design_2_i/axi_gpio_5/U0/gpio_core_1/Not_Dual.gpio_Data_Out_reg[0]/C
                            (rising edge-triggered cell FDRE clocked by clk_fpga_0  {rise@0.000ns fall@10.000ns period=20.000ns})
  Destination:            design_2_i/top_onn_system_wrapp_0/inst/riya/onn_1/gen_osc[30].os/shift_reg_reg[12]/PRE
  Path Group:             (none)
  Path Type:              Min at Fast Process Corner
  Data Path Delay:        0.361ns  (logic 0.141ns (39.069%)  route 0.220ns (60.931%))
  Logic Levels:           0  
  Clock Uncertainty:      0.301ns  ((TSJ^2 + TIJ^2)^1/2 + DJ) / 2 + PE
    Total System Jitter     (TSJ):    0.050ns
    Total Input Jitter      (TIJ):    0.600ns
    Discrete Jitter          (DJ):    0.000ns
    Phase Error              (PE):    0.000ns

    Location             Delay type                Incr(ns)  Path(ns)    Netlist Resource(s)
  -------------------------------------------------------------------    -------------------
                         (clock clk_fpga_0 rise edge)
                                                      0.000     0.000 r  
    PS7_X0Y0             PS7                          0.000     0.000 r  design_2_i/processing_system7_0/inst/PS7_i/FCLKCLK[0]
                         net (fo=1, routed)           0.310     0.310    design_2_i/processing_system7_0/inst/FCLK_CLK_unbuffered[0]
    BUFGCTRL_X0Y16       BUFG (Prop_bufg_I_O)         0.026     0.336 r  design_2_i/processing_system7_0/inst/buffer_fclk_clk_0.FCLK_CLK_0_BUFG/O
                         net (fo=2094, routed)        0.558     0.894    design_2_i/axi_gpio_5/U0/gpio_core_1/s_axi_aclk
    SLICE_X51Y6          FDRE                                         r  design_2_i/axi_gpio_5/U0/gpio_core_1/Not_Dual.gpio_Data_Out_reg[0]/C
  -------------------------------------------------------------------    -------------------
    SLICE_X51Y6          FDRE (Prop_fdre_C_Q)         0.141     1.035 f  design_2_i/axi_gpio_5/U0/gpio_core_1/Not_Dual.gpio_Data_Out_reg[0]/Q
                         net (fo=1637, routed)        0.220     1.254    design_2_i/top_onn_system_wrapp_0/inst/riya/onn_1/gen_osc[30].os/reset
    SLICE_X53Y5          FDPE                                         f  design_2_i/top_onn_system_wrapp_0/inst/riya/onn_1/gen_osc[30].os/shift_reg_reg[12]/PRE
  -------------------------------------------------------------------    -------------------

Slack:                    inf
  Source:                 design_2_i/axi_gpio_5/U0/gpio_core_1/Not_Dual.gpio_Data_Out_reg[0]/C
                            (rising edge-triggered cell FDRE clocked by clk_fpga_0  {rise@0.000ns fall@10.000ns period=20.000ns})
  Destination:            design_2_i/top_onn_system_wrapp_0/inst/riya/onn_1/gen_osc[30].os/shift_reg_reg[13]/PRE
  Path Group:             (none)
  Path Type:              Min at Fast Process Corner
  Data Path Delay:        0.361ns  (logic 0.141ns (39.069%)  route 0.220ns (60.931%))
  Logic Levels:           0  
  Clock Uncertainty:      0.301ns  ((TSJ^2 + TIJ^2)^1/2 + DJ) / 2 + PE
    Total System Jitter     (TSJ):    0.050ns
    Total Input Jitter      (TIJ):    0.600ns
    Discrete Jitter          (DJ):    0.000ns
    Phase Error              (PE):    0.000ns

    Location             Delay type                Incr(ns)  Path(ns)    Netlist Resource(s)
  -------------------------------------------------------------------    -------------------
                         (clock clk_fpga_0 rise edge)
                                                      0.000     0.000 r  
    PS7_X0Y0             PS7                          0.000     0.000 r  design_2_i/processing_system7_0/inst/PS7_i/FCLKCLK[0]
                         net (fo=1, routed)           0.310     0.310    design_2_i/processing_system7_0/inst/FCLK_CLK_unbuffered[0]
    BUFGCTRL_X0Y16       BUFG (Prop_bufg_I_O)         0.026     0.336 r  design_2_i/processing_system7_0/inst/buffer_fclk_clk_0.FCLK_CLK_0_BUFG/O
                         net (fo=2094, routed)        0.558     0.894    design_2_i/axi_gpio_5/U0/gpio_core_1/s_axi_aclk
    SLICE_X51Y6          FDRE                                         r  design_2_i/axi_gpio_5/U0/gpio_core_1/Not_Dual.gpio_Data_Out_reg[0]/C
  -------------------------------------------------------------------    -------------------
    SLICE_X51Y6          FDRE (Prop_fdre_C_Q)         0.141     1.035 f  design_2_i/axi_gpio_5/U0/gpio_core_1/Not_Dual.gpio_Data_Out_reg[0]/Q
                         net (fo=1637, routed)        0.220     1.254    design_2_i/top_onn_system_wrapp_0/inst/riya/onn_1/gen_osc[30].os/reset
    SLICE_X53Y5          FDPE                                         f  design_2_i/top_onn_system_wrapp_0/inst/riya/onn_1/gen_osc[30].os/shift_reg_reg[13]/PRE
  -------------------------------------------------------------------    -------------------

Slack:                    inf
  Source:                 design_2_i/axi_gpio_4/U0/gpio_core_1/Not_Dual.gpio_Data_Out_reg[13]/C
                            (rising edge-triggered cell FDRE clocked by clk_fpga_0  {rise@0.000ns fall@10.000ns period=20.000ns})
  Destination:            design_2_i/top_onn_system_wrapp_0/inst/riya/onn_1/phi_out_reg[36][2]/D
  Path Group:             (none)
  Path Type:              Min at Fast Process Corner
  Data Path Delay:        0.367ns  (logic 0.209ns (56.880%)  route 0.158ns (43.120%))
  Logic Levels:           1  (LUT5=1)
  Clock Uncertainty:      0.301ns  ((TSJ^2 + TIJ^2)^1/2 + DJ) / 2 + PE
    Total System Jitter     (TSJ):    0.050ns
    Total Input Jitter      (TIJ):    0.600ns
    Discrete Jitter          (DJ):    0.000ns
    Phase Error              (PE):    0.000ns

    Location             Delay type                Incr(ns)  Path(ns)    Netlist Resource(s)
  -------------------------------------------------------------------    -------------------
                         (clock clk_fpga_0 rise edge)
                                                      0.000     0.000 r  
    PS7_X0Y0             PS7                          0.000     0.000 r  design_2_i/processing_system7_0/inst/PS7_i/FCLKCLK[0]
                         net (fo=1, routed)           0.310     0.310    design_2_i/processing_system7_0/inst/FCLK_CLK_unbuffered[0]
    BUFGCTRL_X0Y16       BUFG (Prop_bufg_I_O)         0.026     0.336 r  design_2_i/processing_system7_0/inst/buffer_fclk_clk_0.FCLK_CLK_0_BUFG/O
                         net (fo=2094, routed)        0.558     0.894    design_2_i/axi_gpio_4/U0/gpio_core_1/s_axi_aclk
    SLICE_X42Y13         FDRE                                         r  design_2_i/axi_gpio_4/U0/gpio_core_1/Not_Dual.gpio_Data_Out_reg[13]/C
  -------------------------------------------------------------------    -------------------
    SLICE_X42Y13         FDRE (Prop_fdre_C_Q)         0.164     1.058 r  design_2_i/axi_gpio_4/U0/gpio_core_1/Not_Dual.gpio_Data_Out_reg[13]/Q
                         net (fo=2, routed)           0.158     1.216    design_2_i/top_onn_system_wrapp_0/inst/riya/onn_1/gen_align_reg[36].phase_reg_inst/phi_out_in[2]
    SLICE_X41Y13         LUT5 (Prop_lut5_I0_O)        0.045     1.261 r  design_2_i/top_onn_system_wrapp_0/inst/riya/onn_1/gen_align_reg[36].phase_reg_inst/phi_out[36][2]_i_1/O
                         net (fo=1, routed)           0.000     1.261    design_2_i/top_onn_system_wrapp_0/inst/riya/onn_1/gen_align_reg[36].phase_reg_inst_n_1
    SLICE_X41Y13         FDRE                                         r  design_2_i/top_onn_system_wrapp_0/inst/riya/onn_1/phi_out_reg[36][2]/D
  -------------------------------------------------------------------    -------------------

Slack:                    inf
  Source:                 design_2_i/axi_gpio_4/U0/gpio_core_1/Not_Dual.gpio_Data_Out_reg[22]/C
                            (rising edge-triggered cell FDRE clocked by clk_fpga_0  {rise@0.000ns fall@10.000ns period=20.000ns})
  Destination:            design_2_i/top_onn_system_wrapp_0/inst/riya/onn_1/phi_out_reg[34][1]/D
  Path Group:             (none)
  Path Type:              Min at Fast Process Corner
  Data Path Delay:        0.378ns  (logic 0.186ns (49.240%)  route 0.192ns (50.760%))
  Logic Levels:           1  (LUT5=1)
  Clock Uncertainty:      0.301ns  ((TSJ^2 + TIJ^2)^1/2 + DJ) / 2 + PE
    Total System Jitter     (TSJ):    0.050ns
    Total Input Jitter      (TIJ):    0.600ns
    Discrete Jitter          (DJ):    0.000ns
    Phase Error              (PE):    0.000ns

    Location             Delay type                Incr(ns)  Path(ns)    Netlist Resource(s)
  -------------------------------------------------------------------    -------------------
                         (clock clk_fpga_0 rise edge)
                                                      0.000     0.000 r  
    PS7_X0Y0             PS7                          0.000     0.000 r  design_2_i/processing_system7_0/inst/PS7_i/FCLKCLK[0]
                         net (fo=1, routed)           0.310     0.310    design_2_i/processing_system7_0/inst/FCLK_CLK_unbuffered[0]
    BUFGCTRL_X0Y16       BUFG (Prop_bufg_I_O)         0.026     0.336 r  design_2_i/processing_system7_0/inst/buffer_fclk_clk_0.FCLK_CLK_0_BUFG/O
                         net (fo=2094, routed)        0.555     0.891    design_2_i/axi_gpio_4/U0/gpio_core_1/s_axi_aclk
    SLICE_X49Y53         FDRE                                         r  design_2_i/axi_gpio_4/U0/gpio_core_1/Not_Dual.gpio_Data_Out_reg[22]/C
  -------------------------------------------------------------------    -------------------
    SLICE_X49Y53         FDRE (Prop_fdre_C_Q)         0.141     1.032 r  design_2_i/axi_gpio_4/U0/gpio_core_1/Not_Dual.gpio_Data_Out_reg[22]/Q
                         net (fo=2, routed)           0.192     1.223    design_2_i/top_onn_system_wrapp_0/inst/riya/onn_1/gen_align_reg[34].phase_reg_inst/phi_out_in[1]
    SLICE_X42Y54         LUT5 (Prop_lut5_I0_O)        0.045     1.268 r  design_2_i/top_onn_system_wrapp_0/inst/riya/onn_1/gen_align_reg[34].phase_reg_inst/phi_out[34][1]_i_1/O
                         net (fo=1, routed)           0.000     1.268    design_2_i/top_onn_system_wrapp_0/inst/riya/onn_1/gen_align_reg[34].phase_reg_inst_n_3
    SLICE_X42Y54         FDRE                                         r  design_2_i/top_onn_system_wrapp_0/inst/riya/onn_1/phi_out_reg[34][1]/D
  -------------------------------------------------------------------    -------------------





--------------------------------------------------------------------------------------
Path Group:  (none)
From Clock:  
  To Clock:  clk_fpga_0

Max Delay           187 Endpoints
Min Delay           187 Endpoints
--------------------------------------------------------------------------------------


Max Delay Paths
--------------------------------------------------------------------------------------
Slack:                    inf
  Source:                 design_2_i/top_onn_system_wrapp_0/inst/riya/onn_1/phi_out_reg[35][0]/C
                            (rising edge-triggered cell FDRE)
  Destination:            design_2_i/top_onn_system_wrapp_0/inst/riya/onn_1/matcher_inst/best_match_reg[9]/D
                            (rising edge-triggered cell FDCE clocked by clk_fpga_0  {rise@0.000ns fall@10.000ns period=20.000ns})
  Path Group:             (none)
  Path Type:              Setup (Max at Slow Process Corner)
  Data Path Delay:        18.044ns  (logic 3.445ns (19.092%)  route 14.599ns (80.908%))
  Logic Levels:           14  (CARRY4=3 FDRE=1 LUT3=2 LUT4=2 LUT5=2 LUT6=4)
  Clock Uncertainty:      0.301ns  ((TSJ^2 + TIJ^2)^1/2 + DJ) / 2 + PE
    Total System Jitter     (TSJ):    0.050ns
    Total Input Jitter      (TIJ):    0.600ns
    Discrete Jitter          (DJ):    0.000ns
    Phase Error              (PE):    0.000ns

    Location             Delay type                Incr(ns)  Path(ns)    Netlist Resource(s)
  -------------------------------------------------------------------    -------------------
    SLICE_X51Y58         FDRE                         0.000     0.000 r  design_2_i/top_onn_system_wrapp_0/inst/riya/onn_1/phi_out_reg[35][0]/C
    SLICE_X51Y58         FDRE (Prop_fdre_C_Q)         0.456     0.456 r  design_2_i/top_onn_system_wrapp_0/inst/riya/onn_1/phi_out_reg[35][0]/Q
                         net (fo=14, routed)          4.582     5.038    design_2_i/top_onn_system_wrapp_0/inst/riya/onn_1/matcher_inst/phi_out_flat[140]
    SLICE_X71Y15         LUT5 (Prop_lut5_I4_O)        0.152     5.190 r  design_2_i/top_onn_system_wrapp_0/inst/riya/onn_1/matcher_inst/min_total_diff[7]_i_133/O
                         net (fo=4, routed)           0.813     6.003    design_2_i/top_onn_system_wrapp_0/inst/riya/onn_1/matcher_inst/min_total_diff[7]_i_133_n_0
    SLICE_X82Y13         LUT6 (Prop_lut6_I4_O)        0.332     6.335 r  design_2_i/top_onn_system_wrapp_0/inst/riya/onn_1/matcher_inst/min_total_diff[7]_i_114/O
                         net (fo=2, routed)           0.788     7.123    design_2_i/top_onn_system_wrapp_0/inst/riya/onn_1/matcher_inst/min_total_diff[7]_i_114_n_0
    SLICE_X81Y14         LUT3 (Prop_lut3_I1_O)        0.150     7.273 r  design_2_i/top_onn_system_wrapp_0/inst/riya/onn_1/matcher_inst/min_total_diff[7]_i_63/O
                         net (fo=3, routed)           0.961     8.234    design_2_i/top_onn_system_wrapp_0/inst/riya/onn_1/matcher_inst/min_total_diff[7]_i_63_n_0
    SLICE_X82Y15         LUT6 (Prop_lut6_I1_O)        0.326     8.560 r  design_2_i/top_onn_system_wrapp_0/inst/riya/onn_1/matcher_inst/min_total_diff[7]_i_21/O
                         net (fo=2, routed)           0.861     9.422    design_2_i/top_onn_system_wrapp_0/inst/riya/onn_1/matcher_inst/min_total_diff[7]_i_21_n_0
    SLICE_X82Y15         LUT6 (Prop_lut6_I0_O)        0.124     9.546 r  design_2_i/top_onn_system_wrapp_0/inst/riya/onn_1/matcher_inst/min_total_diff[7]_i_37/O
                         net (fo=2, routed)           0.593    10.139    design_2_i/top_onn_system_wrapp_0/inst/riya/onn_1/matcher_inst/min_total_diff[7]_i_37_n_0
    SLICE_X82Y13         LUT5 (Prop_lut5_I0_O)        0.124    10.263 r  design_2_i/top_onn_system_wrapp_0/inst/riya/onn_1/matcher_inst/min_total_diff[7]_i_10/O
                         net (fo=2, routed)           0.797    11.060    design_2_i/top_onn_system_wrapp_0/inst/riya/onn_1/matcher_inst/min_total_diff[7]_i_10_n_0
    SLICE_X84Y6          LUT4 (Prop_lut4_I3_O)        0.150    11.210 r  design_2_i/top_onn_system_wrapp_0/inst/riya/onn_1/matcher_inst/min_total_diff[7]_i_2/O
                         net (fo=2, routed)           0.863    12.072    design_2_i/top_onn_system_wrapp_0/inst/riya/onn_1/matcher_inst/min_total_diff[7]_i_2_n_0
    SLICE_X84Y6          LUT6 (Prop_lut6_I3_O)        0.326    12.398 r  design_2_i/top_onn_system_wrapp_0/inst/riya/onn_1/matcher_inst/min_total_diff[7]_i_5/O
                         net (fo=1, routed)           0.000    12.398    design_2_i/top_onn_system_wrapp_0/inst/riya/onn_1/matcher_inst/min_total_diff[7]_i_5_n_0
    SLICE_X84Y6          CARRY4 (Prop_carry4_S[1]_CO[3])
                                                      0.550    12.948 r  design_2_i/top_onn_system_wrapp_0/inst/riya/onn_1/matcher_inst/min_total_diff_reg[7]_i_1/CO[3]
                         net (fo=3, routed)           1.236    14.185    design_2_i/top_onn_system_wrapp_0/inst/riya/onn_1/matcher_inst/current_total_diff[7]
    SLICE_X84Y10         LUT4 (Prop_lut4_I0_O)        0.124    14.309 r  design_2_i/top_onn_system_wrapp_0/inst/riya/onn_1/matcher_inst/min_total_diff[15]_i_12/O
                         net (fo=1, routed)           0.000    14.309    design_2_i/top_onn_system_wrapp_0/inst/riya/onn_1/matcher_inst/min_total_diff[15]_i_12_n_0
    SLICE_X84Y10         CARRY4 (Prop_carry4_S[3]_CO[3])
                                                      0.401    14.710 r  design_2_i/top_onn_system_wrapp_0/inst/riya/onn_1/matcher_inst/min_total_diff_reg[15]_i_3/CO[3]
                         net (fo=1, routed)           0.000    14.710    design_2_i/top_onn_system_wrapp_0/inst/riya/onn_1/matcher_inst/min_total_diff_reg[15]_i_3_n_0
    SLICE_X84Y11         CARRY4 (Prop_carry4_CI_CO[3])
                                                      0.114    14.824 r  design_2_i/top_onn_system_wrapp_0/inst/riya/onn_1/matcher_inst/min_total_diff_reg[15]_i_2/CO[3]
                         net (fo=33, routed)          2.130    16.954    design_2_i/top_onn_system_wrapp_0/inst/riya/onn_1/matcher_inst/min_total_diff_reg[15]_i_2_n_0
    SLICE_X94Y28         LUT3 (Prop_lut3_I1_O)        0.116    17.070 r  design_2_i/top_onn_system_wrapp_0/inst/riya/onn_1/matcher_inst/best_pattern_temp[9]_i_1/O
                         net (fo=2, routed)           0.975    18.044    design_2_i/top_onn_system_wrapp_0/inst/riya/onn_1/matcher_inst/p_0_in[9]
    SLICE_X95Y40         FDCE                                         r  design_2_i/top_onn_system_wrapp_0/inst/riya/onn_1/matcher_inst/best_match_reg[9]/D
  -------------------------------------------------------------------    -------------------

                         (clock clk_fpga_0 rise edge)
                                                      0.000     0.000 r  
    PS7_X0Y0             PS7                          0.000     0.000 r  design_2_i/processing_system7_0/inst/PS7_i/FCLKCLK[0]
                         net (fo=1, routed)           1.088     1.088    design_2_i/processing_system7_0/inst/FCLK_CLK_unbuffered[0]
    BUFGCTRL_X0Y16       BUFG (Prop_bufg_I_O)         0.091     1.179 r  design_2_i/processing_system7_0/inst/buffer_fclk_clk_0.FCLK_CLK_0_BUFG/O
                         net (fo=2094, routed)        1.622     2.801    design_2_i/top_onn_system_wrapp_0/inst/riya/onn_1/matcher_inst/clk
    SLICE_X95Y40         FDCE                                         r  design_2_i/top_onn_system_wrapp_0/inst/riya/onn_1/matcher_inst/best_match_reg[9]/C

Slack:                    inf
  Source:                 design_2_i/top_onn_system_wrapp_0/inst/riya/onn_1/phi_out_reg[35][0]/C
                            (rising edge-triggered cell FDRE)
  Destination:            design_2_i/top_onn_system_wrapp_0/inst/riya/onn_1/matcher_inst/best_match_reg[22]/D
                            (rising edge-triggered cell FDCE clocked by clk_fpga_0  {rise@0.000ns fall@10.000ns period=20.000ns})
  Path Group:             (none)
  Path Type:              Setup (Max at Slow Process Corner)
  Data Path Delay:        18.033ns  (logic 3.448ns (19.120%)  route 14.585ns (80.880%))
  Logic Levels:           14  (CARRY4=3 FDRE=1 LUT3=2 LUT4=2 LUT5=2 LUT6=4)
  Clock Uncertainty:      0.301ns  ((TSJ^2 + TIJ^2)^1/2 + DJ) / 2 + PE
    Total System Jitter     (TSJ):    0.050ns
    Total Input Jitter      (TIJ):    0.600ns
    Discrete Jitter          (DJ):    0.000ns
    Phase Error              (PE):    0.000ns

    Location             Delay type                Incr(ns)  Path(ns)    Netlist Resource(s)
  -------------------------------------------------------------------    -------------------
    SLICE_X51Y58         FDRE                         0.000     0.000 r  design_2_i/top_onn_system_wrapp_0/inst/riya/onn_1/phi_out_reg[35][0]/C
    SLICE_X51Y58         FDRE (Prop_fdre_C_Q)         0.456     0.456 r  design_2_i/top_onn_system_wrapp_0/inst/riya/onn_1/phi_out_reg[35][0]/Q
                         net (fo=14, routed)          4.582     5.038    design_2_i/top_onn_system_wrapp_0/inst/riya/onn_1/matcher_inst/phi_out_flat[140]
    SLICE_X71Y15         LUT5 (Prop_lut5_I4_O)        0.152     5.190 r  design_2_i/top_onn_system_wrapp_0/inst/riya/onn_1/matcher_inst/min_total_diff[7]_i_133/O
                         net (fo=4, routed)           0.813     6.003    design_2_i/top_onn_system_wrapp_0/inst/riya/onn_1/matcher_inst/min_total_diff[7]_i_133_n_0
    SLICE_X82Y13         LUT6 (Prop_lut6_I4_O)        0.332     6.335 r  design_2_i/top_onn_system_wrapp_0/inst/riya/onn_1/matcher_inst/min_total_diff[7]_i_114/O
                         net (fo=2, routed)           0.788     7.123    design_2_i/top_onn_system_wrapp_0/inst/riya/onn_1/matcher_inst/min_total_diff[7]_i_114_n_0
    SLICE_X81Y14         LUT3 (Prop_lut3_I1_O)        0.150     7.273 r  design_2_i/top_onn_system_wrapp_0/inst/riya/onn_1/matcher_inst/min_total_diff[7]_i_63/O
                         net (fo=3, routed)           0.961     8.234    design_2_i/top_onn_system_wrapp_0/inst/riya/onn_1/matcher_inst/min_total_diff[7]_i_63_n_0
    SLICE_X82Y15         LUT6 (Prop_lut6_I1_O)        0.326     8.560 r  design_2_i/top_onn_system_wrapp_0/inst/riya/onn_1/matcher_inst/min_total_diff[7]_i_21/O
                         net (fo=2, routed)           0.861     9.422    design_2_i/top_onn_system_wrapp_0/inst/riya/onn_1/matcher_inst/min_total_diff[7]_i_21_n_0
    SLICE_X82Y15         LUT6 (Prop_lut6_I0_O)        0.124     9.546 r  design_2_i/top_onn_system_wrapp_0/inst/riya/onn_1/matcher_inst/min_total_diff[7]_i_37/O
                         net (fo=2, routed)           0.593    10.139    design_2_i/top_onn_system_wrapp_0/inst/riya/onn_1/matcher_inst/min_total_diff[7]_i_37_n_0
    SLICE_X82Y13         LUT5 (Prop_lut5_I0_O)        0.124    10.263 r  design_2_i/top_onn_system_wrapp_0/inst/riya/onn_1/matcher_inst/min_total_diff[7]_i_10/O
                         net (fo=2, routed)           0.797    11.060    design_2_i/top_onn_system_wrapp_0/inst/riya/onn_1/matcher_inst/min_total_diff[7]_i_10_n_0
    SLICE_X84Y6          LUT4 (Prop_lut4_I3_O)        0.150    11.210 r  design_2_i/top_onn_system_wrapp_0/inst/riya/onn_1/matcher_inst/min_total_diff[7]_i_2/O
                         net (fo=2, routed)           0.863    12.072    design_2_i/top_onn_system_wrapp_0/inst/riya/onn_1/matcher_inst/min_total_diff[7]_i_2_n_0
    SLICE_X84Y6          LUT6 (Prop_lut6_I3_O)        0.326    12.398 r  design_2_i/top_onn_system_wrapp_0/inst/riya/onn_1/matcher_inst/min_total_diff[7]_i_5/O
                         net (fo=1, routed)           0.000    12.398    design_2_i/top_onn_system_wrapp_0/inst/riya/onn_1/matcher_inst/min_total_diff[7]_i_5_n_0
    SLICE_X84Y6          CARRY4 (Prop_carry4_S[1]_CO[3])
                                                      0.550    12.948 r  design_2_i/top_onn_system_wrapp_0/inst/riya/onn_1/matcher_inst/min_total_diff_reg[7]_i_1/CO[3]
                         net (fo=3, routed)           1.236    14.185    design_2_i/top_onn_system_wrapp_0/inst/riya/onn_1/matcher_inst/current_total_diff[7]
    SLICE_X84Y10         LUT4 (Prop_lut4_I0_O)        0.124    14.309 r  design_2_i/top_onn_system_wrapp_0/inst/riya/onn_1/matcher_inst/min_total_diff[15]_i_12/O
                         net (fo=1, routed)           0.000    14.309    design_2_i/top_onn_system_wrapp_0/inst/riya/onn_1/matcher_inst/min_total_diff[15]_i_12_n_0
    SLICE_X84Y10         CARRY4 (Prop_carry4_S[3]_CO[3])
                                                      0.401    14.710 r  design_2_i/top_onn_system_wrapp_0/inst/riya/onn_1/matcher_inst/min_total_diff_reg[15]_i_3/CO[3]
                         net (fo=1, routed)           0.000    14.710    design_2_i/top_onn_system_wrapp_0/inst/riya/onn_1/matcher_inst/min_total_diff_reg[15]_i_3_n_0
    SLICE_X84Y11         CARRY4 (Prop_carry4_CI_CO[3])
                                                      0.114    14.824 r  design_2_i/top_onn_system_wrapp_0/inst/riya/onn_1/matcher_inst/min_total_diff_reg[15]_i_2/CO[3]
                         net (fo=33, routed)          2.307    17.130    design_2_i/top_onn_system_wrapp_0/inst/riya/onn_1/matcher_inst/min_total_diff_reg[15]_i_2_n_0
    SLICE_X101Y33        LUT3 (Prop_lut3_I1_O)        0.119    17.249 r  design_2_i/top_onn_system_wrapp_0/inst/riya/onn_1/matcher_inst/best_pattern_temp[22]_i_1/O
                         net (fo=2, routed)           0.784    18.033    design_2_i/top_onn_system_wrapp_0/inst/riya/onn_1/matcher_inst/p_0_in[22]
    SLICE_X98Y39         FDCE                                         r  design_2_i/top_onn_system_wrapp_0/inst/riya/onn_1/matcher_inst/best_match_reg[22]/D
  -------------------------------------------------------------------    -------------------

                         (clock clk_fpga_0 rise edge)
                                                      0.000     0.000 r  
    PS7_X0Y0             PS7                          0.000     0.000 r  design_2_i/processing_system7_0/inst/PS7_i/FCLKCLK[0]
                         net (fo=1, routed)           1.088     1.088    design_2_i/processing_system7_0/inst/FCLK_CLK_unbuffered[0]
    BUFGCTRL_X0Y16       BUFG (Prop_bufg_I_O)         0.091     1.179 r  design_2_i/processing_system7_0/inst/buffer_fclk_clk_0.FCLK_CLK_0_BUFG/O
                         net (fo=2094, routed)        1.623     2.802    design_2_i/top_onn_system_wrapp_0/inst/riya/onn_1/matcher_inst/clk
    SLICE_X98Y39         FDCE                                         r  design_2_i/top_onn_system_wrapp_0/inst/riya/onn_1/matcher_inst/best_match_reg[22]/C

Slack:                    inf
  Source:                 design_2_i/top_onn_system_wrapp_0/inst/riya/onn_1/phi_out_reg[35][0]/C
                            (rising edge-triggered cell FDRE)
  Destination:            design_2_i/top_onn_system_wrapp_0/inst/riya/onn_1/matcher_inst/best_match_reg[21]/D
                            (rising edge-triggered cell FDCE clocked by clk_fpga_0  {rise@0.000ns fall@10.000ns period=20.000ns})
  Path Group:             (none)
  Path Type:              Setup (Max at Slow Process Corner)
  Data Path Delay:        17.955ns  (logic 3.453ns (19.231%)  route 14.502ns (80.769%))
  Logic Levels:           14  (CARRY4=3 FDRE=1 LUT3=2 LUT4=2 LUT5=2 LUT6=4)
  Clock Uncertainty:      0.301ns  ((TSJ^2 + TIJ^2)^1/2 + DJ) / 2 + PE
    Total System Jitter     (TSJ):    0.050ns
    Total Input Jitter      (TIJ):    0.600ns
    Discrete Jitter          (DJ):    0.000ns
    Phase Error              (PE):    0.000ns

    Location             Delay type                Incr(ns)  Path(ns)    Netlist Resource(s)
  -------------------------------------------------------------------    -------------------
    SLICE_X51Y58         FDRE                         0.000     0.000 r  design_2_i/top_onn_system_wrapp_0/inst/riya/onn_1/phi_out_reg[35][0]/C
    SLICE_X51Y58         FDRE (Prop_fdre_C_Q)         0.456     0.456 r  design_2_i/top_onn_system_wrapp_0/inst/riya/onn_1/phi_out_reg[35][0]/Q
                         net (fo=14, routed)          4.582     5.038    design_2_i/top_onn_system_wrapp_0/inst/riya/onn_1/matcher_inst/phi_out_flat[140]
    SLICE_X71Y15         LUT5 (Prop_lut5_I4_O)        0.152     5.190 r  design_2_i/top_onn_system_wrapp_0/inst/riya/onn_1/matcher_inst/min_total_diff[7]_i_133/O
                         net (fo=4, routed)           0.813     6.003    design_2_i/top_onn_system_wrapp_0/inst/riya/onn_1/matcher_inst/min_total_diff[7]_i_133_n_0
    SLICE_X82Y13         LUT6 (Prop_lut6_I4_O)        0.332     6.335 r  design_2_i/top_onn_system_wrapp_0/inst/riya/onn_1/matcher_inst/min_total_diff[7]_i_114/O
                         net (fo=2, routed)           0.788     7.123    design_2_i/top_onn_system_wrapp_0/inst/riya/onn_1/matcher_inst/min_total_diff[7]_i_114_n_0
    SLICE_X81Y14         LUT3 (Prop_lut3_I1_O)        0.150     7.273 r  design_2_i/top_onn_system_wrapp_0/inst/riya/onn_1/matcher_inst/min_total_diff[7]_i_63/O
                         net (fo=3, routed)           0.961     8.234    design_2_i/top_onn_system_wrapp_0/inst/riya/onn_1/matcher_inst/min_total_diff[7]_i_63_n_0
    SLICE_X82Y15         LUT6 (Prop_lut6_I1_O)        0.326     8.560 r  design_2_i/top_onn_system_wrapp_0/inst/riya/onn_1/matcher_inst/min_total_diff[7]_i_21/O
                         net (fo=2, routed)           0.861     9.422    design_2_i/top_onn_system_wrapp_0/inst/riya/onn_1/matcher_inst/min_total_diff[7]_i_21_n_0
    SLICE_X82Y15         LUT6 (Prop_lut6_I0_O)        0.124     9.546 r  design_2_i/top_onn_system_wrapp_0/inst/riya/onn_1/matcher_inst/min_total_diff[7]_i_37/O
                         net (fo=2, routed)           0.593    10.139    design_2_i/top_onn_system_wrapp_0/inst/riya/onn_1/matcher_inst/min_total_diff[7]_i_37_n_0
    SLICE_X82Y13         LUT5 (Prop_lut5_I0_O)        0.124    10.263 r  design_2_i/top_onn_system_wrapp_0/inst/riya/onn_1/matcher_inst/min_total_diff[7]_i_10/O
                         net (fo=2, routed)           0.797    11.060    design_2_i/top_onn_system_wrapp_0/inst/riya/onn_1/matcher_inst/min_total_diff[7]_i_10_n_0
    SLICE_X84Y6          LUT4 (Prop_lut4_I3_O)        0.150    11.210 r  design_2_i/top_onn_system_wrapp_0/inst/riya/onn_1/matcher_inst/min_total_diff[7]_i_2/O
                         net (fo=2, routed)           0.863    12.072    design_2_i/top_onn_system_wrapp_0/inst/riya/onn_1/matcher_inst/min_total_diff[7]_i_2_n_0
    SLICE_X84Y6          LUT6 (Prop_lut6_I3_O)        0.326    12.398 r  design_2_i/top_onn_system_wrapp_0/inst/riya/onn_1/matcher_inst/min_total_diff[7]_i_5/O
                         net (fo=1, routed)           0.000    12.398    design_2_i/top_onn_system_wrapp_0/inst/riya/onn_1/matcher_inst/min_total_diff[7]_i_5_n_0
    SLICE_X84Y6          CARRY4 (Prop_carry4_S[1]_CO[3])
                                                      0.550    12.948 r  design_2_i/top_onn_system_wrapp_0/inst/riya/onn_1/matcher_inst/min_total_diff_reg[7]_i_1/CO[3]
                         net (fo=3, routed)           1.236    14.185    design_2_i/top_onn_system_wrapp_0/inst/riya/onn_1/matcher_inst/current_total_diff[7]
    SLICE_X84Y10         LUT4 (Prop_lut4_I0_O)        0.124    14.309 r  design_2_i/top_onn_system_wrapp_0/inst/riya/onn_1/matcher_inst/min_total_diff[15]_i_12/O
                         net (fo=1, routed)           0.000    14.309    design_2_i/top_onn_system_wrapp_0/inst/riya/onn_1/matcher_inst/min_total_diff[15]_i_12_n_0
    SLICE_X84Y10         CARRY4 (Prop_carry4_S[3]_CO[3])
                                                      0.401    14.710 r  design_2_i/top_onn_system_wrapp_0/inst/riya/onn_1/matcher_inst/min_total_diff_reg[15]_i_3/CO[3]
                         net (fo=1, routed)           0.000    14.710    design_2_i/top_onn_system_wrapp_0/inst/riya/onn_1/matcher_inst/min_total_diff_reg[15]_i_3_n_0
    SLICE_X84Y11         CARRY4 (Prop_carry4_CI_CO[3])
                                                      0.114    14.824 r  design_2_i/top_onn_system_wrapp_0/inst/riya/onn_1/matcher_inst/min_total_diff_reg[15]_i_2/CO[3]
                         net (fo=33, routed)          2.307    17.130    design_2_i/top_onn_system_wrapp_0/inst/riya/onn_1/matcher_inst/min_total_diff_reg[15]_i_2_n_0
    SLICE_X101Y33        LUT3 (Prop_lut3_I1_O)        0.124    17.254 r  design_2_i/top_onn_system_wrapp_0/inst/riya/onn_1/matcher_inst/best_pattern_temp[21]_i_1/O
                         net (fo=2, routed)           0.701    17.955    design_2_i/top_onn_system_wrapp_0/inst/riya/onn_1/matcher_inst/p_0_in[21]
    SLICE_X98Y36         FDCE                                         r  design_2_i/top_onn_system_wrapp_0/inst/riya/onn_1/matcher_inst/best_match_reg[21]/D
  -------------------------------------------------------------------    -------------------

                         (clock clk_fpga_0 rise edge)
                                                      0.000     0.000 r  
    PS7_X0Y0             PS7                          0.000     0.000 r  design_2_i/processing_system7_0/inst/PS7_i/FCLKCLK[0]
                         net (fo=1, routed)           1.088     1.088    design_2_i/processing_system7_0/inst/FCLK_CLK_unbuffered[0]
    BUFGCTRL_X0Y16       BUFG (Prop_bufg_I_O)         0.091     1.179 r  design_2_i/processing_system7_0/inst/buffer_fclk_clk_0.FCLK_CLK_0_BUFG/O
                         net (fo=2094, routed)        1.620     2.799    design_2_i/top_onn_system_wrapp_0/inst/riya/onn_1/matcher_inst/clk
    SLICE_X98Y36         FDCE                                         r  design_2_i/top_onn_system_wrapp_0/inst/riya/onn_1/matcher_inst/best_match_reg[21]/C

Slack:                    inf
  Source:                 design_2_i/top_onn_system_wrapp_0/inst/riya/onn_1/phi_out_reg[35][0]/C
                            (rising edge-triggered cell FDRE)
  Destination:            design_2_i/top_onn_system_wrapp_0/inst/riya/onn_1/matcher_inst/best_match_reg[6]/D
                            (rising edge-triggered cell FDCE clocked by clk_fpga_0  {rise@0.000ns fall@10.000ns period=20.000ns})
  Path Group:             (none)
  Path Type:              Setup (Max at Slow Process Corner)
  Data Path Delay:        17.924ns  (logic 3.447ns (19.231%)  route 14.477ns (80.768%))
  Logic Levels:           14  (CARRY4=3 FDRE=1 LUT3=2 LUT4=2 LUT5=2 LUT6=4)
  Clock Uncertainty:      0.301ns  ((TSJ^2 + TIJ^2)^1/2 + DJ) / 2 + PE
    Total System Jitter     (TSJ):    0.050ns
    Total Input Jitter      (TIJ):    0.600ns
    Discrete Jitter          (DJ):    0.000ns
    Phase Error              (PE):    0.000ns

    Location             Delay type                Incr(ns)  Path(ns)    Netlist Resource(s)
  -------------------------------------------------------------------    -------------------
    SLICE_X51Y58         FDRE                         0.000     0.000 r  design_2_i/top_onn_system_wrapp_0/inst/riya/onn_1/phi_out_reg[35][0]/C
    SLICE_X51Y58         FDRE (Prop_fdre_C_Q)         0.456     0.456 r  design_2_i/top_onn_system_wrapp_0/inst/riya/onn_1/phi_out_reg[35][0]/Q
                         net (fo=14, routed)          4.582     5.038    design_2_i/top_onn_system_wrapp_0/inst/riya/onn_1/matcher_inst/phi_out_flat[140]
    SLICE_X71Y15         LUT5 (Prop_lut5_I4_O)        0.152     5.190 r  design_2_i/top_onn_system_wrapp_0/inst/riya/onn_1/matcher_inst/min_total_diff[7]_i_133/O
                         net (fo=4, routed)           0.813     6.003    design_2_i/top_onn_system_wrapp_0/inst/riya/onn_1/matcher_inst/min_total_diff[7]_i_133_n_0
    SLICE_X82Y13         LUT6 (Prop_lut6_I4_O)        0.332     6.335 r  design_2_i/top_onn_system_wrapp_0/inst/riya/onn_1/matcher_inst/min_total_diff[7]_i_114/O
                         net (fo=2, routed)           0.788     7.123    design_2_i/top_onn_system_wrapp_0/inst/riya/onn_1/matcher_inst/min_total_diff[7]_i_114_n_0
    SLICE_X81Y14         LUT3 (Prop_lut3_I1_O)        0.150     7.273 r  design_2_i/top_onn_system_wrapp_0/inst/riya/onn_1/matcher_inst/min_total_diff[7]_i_63/O
                         net (fo=3, routed)           0.961     8.234    design_2_i/top_onn_system_wrapp_0/inst/riya/onn_1/matcher_inst/min_total_diff[7]_i_63_n_0
    SLICE_X82Y15         LUT6 (Prop_lut6_I1_O)        0.326     8.560 r  design_2_i/top_onn_system_wrapp_0/inst/riya/onn_1/matcher_inst/min_total_diff[7]_i_21/O
                         net (fo=2, routed)           0.861     9.422    design_2_i/top_onn_system_wrapp_0/inst/riya/onn_1/matcher_inst/min_total_diff[7]_i_21_n_0
    SLICE_X82Y15         LUT6 (Prop_lut6_I0_O)        0.124     9.546 r  design_2_i/top_onn_system_wrapp_0/inst/riya/onn_1/matcher_inst/min_total_diff[7]_i_37/O
                         net (fo=2, routed)           0.593    10.139    design_2_i/top_onn_system_wrapp_0/inst/riya/onn_1/matcher_inst/min_total_diff[7]_i_37_n_0
    SLICE_X82Y13         LUT5 (Prop_lut5_I0_O)        0.124    10.263 r  design_2_i/top_onn_system_wrapp_0/inst/riya/onn_1/matcher_inst/min_total_diff[7]_i_10/O
                         net (fo=2, routed)           0.797    11.060    design_2_i/top_onn_system_wrapp_0/inst/riya/onn_1/matcher_inst/min_total_diff[7]_i_10_n_0
    SLICE_X84Y6          LUT4 (Prop_lut4_I3_O)        0.150    11.210 r  design_2_i/top_onn_system_wrapp_0/inst/riya/onn_1/matcher_inst/min_total_diff[7]_i_2/O
                         net (fo=2, routed)           0.863    12.072    design_2_i/top_onn_system_wrapp_0/inst/riya/onn_1/matcher_inst/min_total_diff[7]_i_2_n_0
    SLICE_X84Y6          LUT6 (Prop_lut6_I3_O)        0.326    12.398 r  design_2_i/top_onn_system_wrapp_0/inst/riya/onn_1/matcher_inst/min_total_diff[7]_i_5/O
                         net (fo=1, routed)           0.000    12.398    design_2_i/top_onn_system_wrapp_0/inst/riya/onn_1/matcher_inst/min_total_diff[7]_i_5_n_0
    SLICE_X84Y6          CARRY4 (Prop_carry4_S[1]_CO[3])
                                                      0.550    12.948 r  design_2_i/top_onn_system_wrapp_0/inst/riya/onn_1/matcher_inst/min_total_diff_reg[7]_i_1/CO[3]
                         net (fo=3, routed)           1.236    14.185    design_2_i/top_onn_system_wrapp_0/inst/riya/onn_1/matcher_inst/current_total_diff[7]
    SLICE_X84Y10         LUT4 (Prop_lut4_I0_O)        0.124    14.309 r  design_2_i/top_onn_system_wrapp_0/inst/riya/onn_1/matcher_inst/min_total_diff[15]_i_12/O
                         net (fo=1, routed)           0.000    14.309    design_2_i/top_onn_system_wrapp_0/inst/riya/onn_1/matcher_inst/min_total_diff[15]_i_12_n_0
    SLICE_X84Y10         CARRY4 (Prop_carry4_S[3]_CO[3])
                                                      0.401    14.710 r  design_2_i/top_onn_system_wrapp_0/inst/riya/onn_1/matcher_inst/min_total_diff_reg[15]_i_3/CO[3]
                         net (fo=1, routed)           0.000    14.710    design_2_i/top_onn_system_wrapp_0/inst/riya/onn_1/matcher_inst/min_total_diff_reg[15]_i_3_n_0
    SLICE_X84Y11         CARRY4 (Prop_carry4_CI_CO[3])
                                                      0.114    14.824 r  design_2_i/top_onn_system_wrapp_0/inst/riya/onn_1/matcher_inst/min_total_diff_reg[15]_i_2/CO[3]
                         net (fo=33, routed)          2.264    17.088    design_2_i/top_onn_system_wrapp_0/inst/riya/onn_1/matcher_inst/min_total_diff_reg[15]_i_2_n_0
    SLICE_X99Y28         LUT3 (Prop_lut3_I1_O)        0.118    17.206 r  design_2_i/top_onn_system_wrapp_0/inst/riya/onn_1/matcher_inst/best_pattern_temp[6]_i_1/O
                         net (fo=2, routed)           0.718    17.924    design_2_i/top_onn_system_wrapp_0/inst/riya/onn_1/matcher_inst/p_0_in[6]
    SLICE_X94Y30         FDCE                                         r  design_2_i/top_onn_system_wrapp_0/inst/riya/onn_1/matcher_inst/best_match_reg[6]/D
  -------------------------------------------------------------------    -------------------

                         (clock clk_fpga_0 rise edge)
                                                      0.000     0.000 r  
    PS7_X0Y0             PS7                          0.000     0.000 r  design_2_i/processing_system7_0/inst/PS7_i/FCLKCLK[0]
                         net (fo=1, routed)           1.088     1.088    design_2_i/processing_system7_0/inst/FCLK_CLK_unbuffered[0]
    BUFGCTRL_X0Y16       BUFG (Prop_bufg_I_O)         0.091     1.179 r  design_2_i/processing_system7_0/inst/buffer_fclk_clk_0.FCLK_CLK_0_BUFG/O
                         net (fo=2094, routed)        1.613     2.792    design_2_i/top_onn_system_wrapp_0/inst/riya/onn_1/matcher_inst/clk
    SLICE_X94Y30         FDCE                                         r  design_2_i/top_onn_system_wrapp_0/inst/riya/onn_1/matcher_inst/best_match_reg[6]/C

Slack:                    inf
  Source:                 design_2_i/top_onn_system_wrapp_0/inst/riya/onn_1/phi_out_reg[35][0]/C
                            (rising edge-triggered cell FDRE)
  Destination:            design_2_i/top_onn_system_wrapp_0/inst/riya/onn_1/matcher_inst/best_pattern_temp_reg[4]/D
                            (rising edge-triggered cell FDCE clocked by clk_fpga_0  {rise@0.000ns fall@10.000ns period=20.000ns})
  Path Group:             (none)
  Path Type:              Setup (Max at Slow Process Corner)
  Data Path Delay:        17.830ns  (logic 3.447ns (19.332%)  route 14.383ns (80.668%))
  Logic Levels:           14  (CARRY4=3 FDRE=1 LUT3=2 LUT4=2 LUT5=2 LUT6=4)
  Clock Uncertainty:      0.301ns  ((TSJ^2 + TIJ^2)^1/2 + DJ) / 2 + PE
    Total System Jitter     (TSJ):    0.050ns
    Total Input Jitter      (TIJ):    0.600ns
    Discrete Jitter          (DJ):    0.000ns
    Phase Error              (PE):    0.000ns

    Location             Delay type                Incr(ns)  Path(ns)    Netlist Resource(s)
  -------------------------------------------------------------------    -------------------
    SLICE_X51Y58         FDRE                         0.000     0.000 r  design_2_i/top_onn_system_wrapp_0/inst/riya/onn_1/phi_out_reg[35][0]/C
    SLICE_X51Y58         FDRE (Prop_fdre_C_Q)         0.456     0.456 r  design_2_i/top_onn_system_wrapp_0/inst/riya/onn_1/phi_out_reg[35][0]/Q
                         net (fo=14, routed)          4.582     5.038    design_2_i/top_onn_system_wrapp_0/inst/riya/onn_1/matcher_inst/phi_out_flat[140]
    SLICE_X71Y15         LUT5 (Prop_lut5_I4_O)        0.152     5.190 r  design_2_i/top_onn_system_wrapp_0/inst/riya/onn_1/matcher_inst/min_total_diff[7]_i_133/O
                         net (fo=4, routed)           0.813     6.003    design_2_i/top_onn_system_wrapp_0/inst/riya/onn_1/matcher_inst/min_total_diff[7]_i_133_n_0
    SLICE_X82Y13         LUT6 (Prop_lut6_I4_O)        0.332     6.335 r  design_2_i/top_onn_system_wrapp_0/inst/riya/onn_1/matcher_inst/min_total_diff[7]_i_114/O
                         net (fo=2, routed)           0.788     7.123    design_2_i/top_onn_system_wrapp_0/inst/riya/onn_1/matcher_inst/min_total_diff[7]_i_114_n_0
    SLICE_X81Y14         LUT3 (Prop_lut3_I1_O)        0.150     7.273 r  design_2_i/top_onn_system_wrapp_0/inst/riya/onn_1/matcher_inst/min_total_diff[7]_i_63/O
                         net (fo=3, routed)           0.961     8.234    design_2_i/top_onn_system_wrapp_0/inst/riya/onn_1/matcher_inst/min_total_diff[7]_i_63_n_0
    SLICE_X82Y15         LUT6 (Prop_lut6_I1_O)        0.326     8.560 r  design_2_i/top_onn_system_wrapp_0/inst/riya/onn_1/matcher_inst/min_total_diff[7]_i_21/O
                         net (fo=2, routed)           0.861     9.422    design_2_i/top_onn_system_wrapp_0/inst/riya/onn_1/matcher_inst/min_total_diff[7]_i_21_n_0
    SLICE_X82Y15         LUT6 (Prop_lut6_I0_O)        0.124     9.546 r  design_2_i/top_onn_system_wrapp_0/inst/riya/onn_1/matcher_inst/min_total_diff[7]_i_37/O
                         net (fo=2, routed)           0.593    10.139    design_2_i/top_onn_system_wrapp_0/inst/riya/onn_1/matcher_inst/min_total_diff[7]_i_37_n_0
    SLICE_X82Y13         LUT5 (Prop_lut5_I0_O)        0.124    10.263 r  design_2_i/top_onn_system_wrapp_0/inst/riya/onn_1/matcher_inst/min_total_diff[7]_i_10/O
                         net (fo=2, routed)           0.797    11.060    design_2_i/top_onn_system_wrapp_0/inst/riya/onn_1/matcher_inst/min_total_diff[7]_i_10_n_0
    SLICE_X84Y6          LUT4 (Prop_lut4_I3_O)        0.150    11.210 r  design_2_i/top_onn_system_wrapp_0/inst/riya/onn_1/matcher_inst/min_total_diff[7]_i_2/O
                         net (fo=2, routed)           0.863    12.072    design_2_i/top_onn_system_wrapp_0/inst/riya/onn_1/matcher_inst/min_total_diff[7]_i_2_n_0
    SLICE_X84Y6          LUT6 (Prop_lut6_I3_O)        0.326    12.398 r  design_2_i/top_onn_system_wrapp_0/inst/riya/onn_1/matcher_inst/min_total_diff[7]_i_5/O
                         net (fo=1, routed)           0.000    12.398    design_2_i/top_onn_system_wrapp_0/inst/riya/onn_1/matcher_inst/min_total_diff[7]_i_5_n_0
    SLICE_X84Y6          CARRY4 (Prop_carry4_S[1]_CO[3])
                                                      0.550    12.948 r  design_2_i/top_onn_system_wrapp_0/inst/riya/onn_1/matcher_inst/min_total_diff_reg[7]_i_1/CO[3]
                         net (fo=3, routed)           1.236    14.185    design_2_i/top_onn_system_wrapp_0/inst/riya/onn_1/matcher_inst/current_total_diff[7]
    SLICE_X84Y10         LUT4 (Prop_lut4_I0_O)        0.124    14.309 r  design_2_i/top_onn_system_wrapp_0/inst/riya/onn_1/matcher_inst/min_total_diff[15]_i_12/O
                         net (fo=1, routed)           0.000    14.309    design_2_i/top_onn_system_wrapp_0/inst/riya/onn_1/matcher_inst/min_total_diff[15]_i_12_n_0
    SLICE_X84Y10         CARRY4 (Prop_carry4_S[3]_CO[3])
                                                      0.401    14.710 r  design_2_i/top_onn_system_wrapp_0/inst/riya/onn_1/matcher_inst/min_total_diff_reg[15]_i_3/CO[3]
                         net (fo=1, routed)           0.000    14.710    design_2_i/top_onn_system_wrapp_0/inst/riya/onn_1/matcher_inst/min_total_diff_reg[15]_i_3_n_0
    SLICE_X84Y11         CARRY4 (Prop_carry4_CI_CO[3])
                                                      0.114    14.824 r  design_2_i/top_onn_system_wrapp_0/inst/riya/onn_1/matcher_inst/min_total_diff_reg[15]_i_2/CO[3]
                         net (fo=33, routed)          2.303    17.126    design_2_i/top_onn_system_wrapp_0/inst/riya/onn_1/matcher_inst/min_total_diff_reg[15]_i_2_n_0
    SLICE_X101Y33        LUT3 (Prop_lut3_I1_O)        0.118    17.244 r  design_2_i/top_onn_system_wrapp_0/inst/riya/onn_1/matcher_inst/best_pattern_temp[4]_i_1/O
                         net (fo=2, routed)           0.586    17.830    design_2_i/top_onn_system_wrapp_0/inst/riya/onn_1/matcher_inst/p_0_in[4]
    SLICE_X101Y33        FDCE                                         r  design_2_i/top_onn_system_wrapp_0/inst/riya/onn_1/matcher_inst/best_pattern_temp_reg[4]/D
  -------------------------------------------------------------------    -------------------

                         (clock clk_fpga_0 rise edge)
                                                      0.000     0.000 r  
    PS7_X0Y0             PS7                          0.000     0.000 r  design_2_i/processing_system7_0/inst/PS7_i/FCLKCLK[0]
                         net (fo=1, routed)           1.088     1.088    design_2_i/processing_system7_0/inst/FCLK_CLK_unbuffered[0]
    BUFGCTRL_X0Y16       BUFG (Prop_bufg_I_O)         0.091     1.179 r  design_2_i/processing_system7_0/inst/buffer_fclk_clk_0.FCLK_CLK_0_BUFG/O
                         net (fo=2094, routed)        1.618     2.797    design_2_i/top_onn_system_wrapp_0/inst/riya/onn_1/matcher_inst/clk
    SLICE_X101Y33        FDCE                                         r  design_2_i/top_onn_system_wrapp_0/inst/riya/onn_1/matcher_inst/best_pattern_temp_reg[4]/C

Slack:                    inf
  Source:                 design_2_i/top_onn_system_wrapp_0/inst/riya/onn_1/phi_out_reg[35][0]/C
                            (rising edge-triggered cell FDRE)
  Destination:            design_2_i/top_onn_system_wrapp_0/inst/riya/onn_1/matcher_inst/best_match_reg[10]/D
                            (rising edge-triggered cell FDCE clocked by clk_fpga_0  {rise@0.000ns fall@10.000ns period=20.000ns})
  Path Group:             (none)
  Path Type:              Setup (Max at Slow Process Corner)
  Data Path Delay:        17.819ns  (logic 3.453ns (19.378%)  route 14.366ns (80.621%))
  Logic Levels:           14  (CARRY4=3 FDRE=1 LUT3=2 LUT4=2 LUT5=2 LUT6=4)
  Clock Uncertainty:      0.301ns  ((TSJ^2 + TIJ^2)^1/2 + DJ) / 2 + PE
    Total System Jitter     (TSJ):    0.050ns
    Total Input Jitter      (TIJ):    0.600ns
    Discrete Jitter          (DJ):    0.000ns
    Phase Error              (PE):    0.000ns

    Location             Delay type                Incr(ns)  Path(ns)    Netlist Resource(s)
  -------------------------------------------------------------------    -------------------
    SLICE_X51Y58         FDRE                         0.000     0.000 r  design_2_i/top_onn_system_wrapp_0/inst/riya/onn_1/phi_out_reg[35][0]/C
    SLICE_X51Y58         FDRE (Prop_fdre_C_Q)         0.456     0.456 r  design_2_i/top_onn_system_wrapp_0/inst/riya/onn_1/phi_out_reg[35][0]/Q
                         net (fo=14, routed)          4.582     5.038    design_2_i/top_onn_system_wrapp_0/inst/riya/onn_1/matcher_inst/phi_out_flat[140]
    SLICE_X71Y15         LUT5 (Prop_lut5_I4_O)        0.152     5.190 r  design_2_i/top_onn_system_wrapp_0/inst/riya/onn_1/matcher_inst/min_total_diff[7]_i_133/O
                         net (fo=4, routed)           0.813     6.003    design_2_i/top_onn_system_wrapp_0/inst/riya/onn_1/matcher_inst/min_total_diff[7]_i_133_n_0
    SLICE_X82Y13         LUT6 (Prop_lut6_I4_O)        0.332     6.335 r  design_2_i/top_onn_system_wrapp_0/inst/riya/onn_1/matcher_inst/min_total_diff[7]_i_114/O
                         net (fo=2, routed)           0.788     7.123    design_2_i/top_onn_system_wrapp_0/inst/riya/onn_1/matcher_inst/min_total_diff[7]_i_114_n_0
    SLICE_X81Y14         LUT3 (Prop_lut3_I1_O)        0.150     7.273 r  design_2_i/top_onn_system_wrapp_0/inst/riya/onn_1/matcher_inst/min_total_diff[7]_i_63/O
                         net (fo=3, routed)           0.961     8.234    design_2_i/top_onn_system_wrapp_0/inst/riya/onn_1/matcher_inst/min_total_diff[7]_i_63_n_0
    SLICE_X82Y15         LUT6 (Prop_lut6_I1_O)        0.326     8.560 r  design_2_i/top_onn_system_wrapp_0/inst/riya/onn_1/matcher_inst/min_total_diff[7]_i_21/O
                         net (fo=2, routed)           0.861     9.422    design_2_i/top_onn_system_wrapp_0/inst/riya/onn_1/matcher_inst/min_total_diff[7]_i_21_n_0
    SLICE_X82Y15         LUT6 (Prop_lut6_I0_O)        0.124     9.546 r  design_2_i/top_onn_system_wrapp_0/inst/riya/onn_1/matcher_inst/min_total_diff[7]_i_37/O
                         net (fo=2, routed)           0.593    10.139    design_2_i/top_onn_system_wrapp_0/inst/riya/onn_1/matcher_inst/min_total_diff[7]_i_37_n_0
    SLICE_X82Y13         LUT5 (Prop_lut5_I0_O)        0.124    10.263 r  design_2_i/top_onn_system_wrapp_0/inst/riya/onn_1/matcher_inst/min_total_diff[7]_i_10/O
                         net (fo=2, routed)           0.797    11.060    design_2_i/top_onn_system_wrapp_0/inst/riya/onn_1/matcher_inst/min_total_diff[7]_i_10_n_0
    SLICE_X84Y6          LUT4 (Prop_lut4_I3_O)        0.150    11.210 r  design_2_i/top_onn_system_wrapp_0/inst/riya/onn_1/matcher_inst/min_total_diff[7]_i_2/O
                         net (fo=2, routed)           0.863    12.072    design_2_i/top_onn_system_wrapp_0/inst/riya/onn_1/matcher_inst/min_total_diff[7]_i_2_n_0
    SLICE_X84Y6          LUT6 (Prop_lut6_I3_O)        0.326    12.398 r  design_2_i/top_onn_system_wrapp_0/inst/riya/onn_1/matcher_inst/min_total_diff[7]_i_5/O
                         net (fo=1, routed)           0.000    12.398    design_2_i/top_onn_system_wrapp_0/inst/riya/onn_1/matcher_inst/min_total_diff[7]_i_5_n_0
    SLICE_X84Y6          CARRY4 (Prop_carry4_S[1]_CO[3])
                                                      0.550    12.948 r  design_2_i/top_onn_system_wrapp_0/inst/riya/onn_1/matcher_inst/min_total_diff_reg[7]_i_1/CO[3]
                         net (fo=3, routed)           1.236    14.185    design_2_i/top_onn_system_wrapp_0/inst/riya/onn_1/matcher_inst/current_total_diff[7]
    SLICE_X84Y10         LUT4 (Prop_lut4_I0_O)        0.124    14.309 r  design_2_i/top_onn_system_wrapp_0/inst/riya/onn_1/matcher_inst/min_total_diff[15]_i_12/O
                         net (fo=1, routed)           0.000    14.309    design_2_i/top_onn_system_wrapp_0/inst/riya/onn_1/matcher_inst/min_total_diff[15]_i_12_n_0
    SLICE_X84Y10         CARRY4 (Prop_carry4_S[3]_CO[3])
                                                      0.401    14.710 r  design_2_i/top_onn_system_wrapp_0/inst/riya/onn_1/matcher_inst/min_total_diff_reg[15]_i_3/CO[3]
                         net (fo=1, routed)           0.000    14.710    design_2_i/top_onn_system_wrapp_0/inst/riya/onn_1/matcher_inst/min_total_diff_reg[15]_i_3_n_0
    SLICE_X84Y11         CARRY4 (Prop_carry4_CI_CO[3])
                                                      0.114    14.824 r  design_2_i/top_onn_system_wrapp_0/inst/riya/onn_1/matcher_inst/min_total_diff_reg[15]_i_2/CO[3]
                         net (fo=33, routed)          2.130    16.954    design_2_i/top_onn_system_wrapp_0/inst/riya/onn_1/matcher_inst/min_total_diff_reg[15]_i_2_n_0
    SLICE_X94Y28         LUT3 (Prop_lut3_I1_O)        0.124    17.078 r  design_2_i/top_onn_system_wrapp_0/inst/riya/onn_1/matcher_inst/best_pattern_temp[10]_i_1/O
                         net (fo=2, routed)           0.741    17.819    design_2_i/top_onn_system_wrapp_0/inst/riya/onn_1/matcher_inst/p_0_in[10]
    SLICE_X90Y30         FDCE                                         r  design_2_i/top_onn_system_wrapp_0/inst/riya/onn_1/matcher_inst/best_match_reg[10]/D
  -------------------------------------------------------------------    -------------------

                         (clock clk_fpga_0 rise edge)
                                                      0.000     0.000 r  
    PS7_X0Y0             PS7                          0.000     0.000 r  design_2_i/processing_system7_0/inst/PS7_i/FCLKCLK[0]
                         net (fo=1, routed)           1.088     1.088    design_2_i/processing_system7_0/inst/FCLK_CLK_unbuffered[0]
    BUFGCTRL_X0Y16       BUFG (Prop_bufg_I_O)         0.091     1.179 r  design_2_i/processing_system7_0/inst/buffer_fclk_clk_0.FCLK_CLK_0_BUFG/O
                         net (fo=2094, routed)        1.611     2.790    design_2_i/top_onn_system_wrapp_0/inst/riya/onn_1/matcher_inst/clk
    SLICE_X90Y30         FDCE                                         r  design_2_i/top_onn_system_wrapp_0/inst/riya/onn_1/matcher_inst/best_match_reg[10]/C

Slack:                    inf
  Source:                 design_2_i/top_onn_system_wrapp_0/inst/riya/onn_1/phi_out_reg[35][0]/C
                            (rising edge-triggered cell FDRE)
  Destination:            design_2_i/top_onn_system_wrapp_0/inst/riya/onn_1/matcher_inst/best_match_reg[5]/D
                            (rising edge-triggered cell FDCE clocked by clk_fpga_0  {rise@0.000ns fall@10.000ns period=20.000ns})
  Path Group:             (none)
  Path Type:              Setup (Max at Slow Process Corner)
  Data Path Delay:        17.810ns  (logic 3.453ns (19.388%)  route 14.357ns (80.612%))
  Logic Levels:           14  (CARRY4=3 FDRE=1 LUT3=2 LUT4=2 LUT5=2 LUT6=4)
  Clock Uncertainty:      0.301ns  ((TSJ^2 + TIJ^2)^1/2 + DJ) / 2 + PE
    Total System Jitter     (TSJ):    0.050ns
    Total Input Jitter      (TIJ):    0.600ns
    Discrete Jitter          (DJ):    0.000ns
    Phase Error              (PE):    0.000ns

    Location             Delay type                Incr(ns)  Path(ns)    Netlist Resource(s)
  -------------------------------------------------------------------    -------------------
    SLICE_X51Y58         FDRE                         0.000     0.000 r  design_2_i/top_onn_system_wrapp_0/inst/riya/onn_1/phi_out_reg[35][0]/C
    SLICE_X51Y58         FDRE (Prop_fdre_C_Q)         0.456     0.456 r  design_2_i/top_onn_system_wrapp_0/inst/riya/onn_1/phi_out_reg[35][0]/Q
                         net (fo=14, routed)          4.582     5.038    design_2_i/top_onn_system_wrapp_0/inst/riya/onn_1/matcher_inst/phi_out_flat[140]
    SLICE_X71Y15         LUT5 (Prop_lut5_I4_O)        0.152     5.190 r  design_2_i/top_onn_system_wrapp_0/inst/riya/onn_1/matcher_inst/min_total_diff[7]_i_133/O
                         net (fo=4, routed)           0.813     6.003    design_2_i/top_onn_system_wrapp_0/inst/riya/onn_1/matcher_inst/min_total_diff[7]_i_133_n_0
    SLICE_X82Y13         LUT6 (Prop_lut6_I4_O)        0.332     6.335 r  design_2_i/top_onn_system_wrapp_0/inst/riya/onn_1/matcher_inst/min_total_diff[7]_i_114/O
                         net (fo=2, routed)           0.788     7.123    design_2_i/top_onn_system_wrapp_0/inst/riya/onn_1/matcher_inst/min_total_diff[7]_i_114_n_0
    SLICE_X81Y14         LUT3 (Prop_lut3_I1_O)        0.150     7.273 r  design_2_i/top_onn_system_wrapp_0/inst/riya/onn_1/matcher_inst/min_total_diff[7]_i_63/O
                         net (fo=3, routed)           0.961     8.234    design_2_i/top_onn_system_wrapp_0/inst/riya/onn_1/matcher_inst/min_total_diff[7]_i_63_n_0
    SLICE_X82Y15         LUT6 (Prop_lut6_I1_O)        0.326     8.560 r  design_2_i/top_onn_system_wrapp_0/inst/riya/onn_1/matcher_inst/min_total_diff[7]_i_21/O
                         net (fo=2, routed)           0.861     9.422    design_2_i/top_onn_system_wrapp_0/inst/riya/onn_1/matcher_inst/min_total_diff[7]_i_21_n_0
    SLICE_X82Y15         LUT6 (Prop_lut6_I0_O)        0.124     9.546 r  design_2_i/top_onn_system_wrapp_0/inst/riya/onn_1/matcher_inst/min_total_diff[7]_i_37/O
                         net (fo=2, routed)           0.593    10.139    design_2_i/top_onn_system_wrapp_0/inst/riya/onn_1/matcher_inst/min_total_diff[7]_i_37_n_0
    SLICE_X82Y13         LUT5 (Prop_lut5_I0_O)        0.124    10.263 r  design_2_i/top_onn_system_wrapp_0/inst/riya/onn_1/matcher_inst/min_total_diff[7]_i_10/O
                         net (fo=2, routed)           0.797    11.060    design_2_i/top_onn_system_wrapp_0/inst/riya/onn_1/matcher_inst/min_total_diff[7]_i_10_n_0
    SLICE_X84Y6          LUT4 (Prop_lut4_I3_O)        0.150    11.210 r  design_2_i/top_onn_system_wrapp_0/inst/riya/onn_1/matcher_inst/min_total_diff[7]_i_2/O
                         net (fo=2, routed)           0.863    12.072    design_2_i/top_onn_system_wrapp_0/inst/riya/onn_1/matcher_inst/min_total_diff[7]_i_2_n_0
    SLICE_X84Y6          LUT6 (Prop_lut6_I3_O)        0.326    12.398 r  design_2_i/top_onn_system_wrapp_0/inst/riya/onn_1/matcher_inst/min_total_diff[7]_i_5/O
                         net (fo=1, routed)           0.000    12.398    design_2_i/top_onn_system_wrapp_0/inst/riya/onn_1/matcher_inst/min_total_diff[7]_i_5_n_0
    SLICE_X84Y6          CARRY4 (Prop_carry4_S[1]_CO[3])
                                                      0.550    12.948 r  design_2_i/top_onn_system_wrapp_0/inst/riya/onn_1/matcher_inst/min_total_diff_reg[7]_i_1/CO[3]
                         net (fo=3, routed)           1.236    14.185    design_2_i/top_onn_system_wrapp_0/inst/riya/onn_1/matcher_inst/current_total_diff[7]
    SLICE_X84Y10         LUT4 (Prop_lut4_I0_O)        0.124    14.309 r  design_2_i/top_onn_system_wrapp_0/inst/riya/onn_1/matcher_inst/min_total_diff[15]_i_12/O
                         net (fo=1, routed)           0.000    14.309    design_2_i/top_onn_system_wrapp_0/inst/riya/onn_1/matcher_inst/min_total_diff[15]_i_12_n_0
    SLICE_X84Y10         CARRY4 (Prop_carry4_S[3]_CO[3])
                                                      0.401    14.710 r  design_2_i/top_onn_system_wrapp_0/inst/riya/onn_1/matcher_inst/min_total_diff_reg[15]_i_3/CO[3]
                         net (fo=1, routed)           0.000    14.710    design_2_i/top_onn_system_wrapp_0/inst/riya/onn_1/matcher_inst/min_total_diff_reg[15]_i_3_n_0
    SLICE_X84Y11         CARRY4 (Prop_carry4_CI_CO[3])
                                                      0.114    14.824 r  design_2_i/top_onn_system_wrapp_0/inst/riya/onn_1/matcher_inst/min_total_diff_reg[15]_i_2/CO[3]
                         net (fo=33, routed)          2.264    17.088    design_2_i/top_onn_system_wrapp_0/inst/riya/onn_1/matcher_inst/min_total_diff_reg[15]_i_2_n_0
    SLICE_X99Y28         LUT3 (Prop_lut3_I1_O)        0.124    17.212 r  design_2_i/top_onn_system_wrapp_0/inst/riya/onn_1/matcher_inst/best_pattern_temp[5]_i_1/O
                         net (fo=2, routed)           0.598    17.810    design_2_i/top_onn_system_wrapp_0/inst/riya/onn_1/matcher_inst/p_0_in[5]
    SLICE_X99Y36         FDCE                                         r  design_2_i/top_onn_system_wrapp_0/inst/riya/onn_1/matcher_inst/best_match_reg[5]/D
  -------------------------------------------------------------------    -------------------

                         (clock clk_fpga_0 rise edge)
                                                      0.000     0.000 r  
    PS7_X0Y0             PS7                          0.000     0.000 r  design_2_i/processing_system7_0/inst/PS7_i/FCLKCLK[0]
                         net (fo=1, routed)           1.088     1.088    design_2_i/processing_system7_0/inst/FCLK_CLK_unbuffered[0]
    BUFGCTRL_X0Y16       BUFG (Prop_bufg_I_O)         0.091     1.179 r  design_2_i/processing_system7_0/inst/buffer_fclk_clk_0.FCLK_CLK_0_BUFG/O
                         net (fo=2094, routed)        1.620     2.799    design_2_i/top_onn_system_wrapp_0/inst/riya/onn_1/matcher_inst/clk
    SLICE_X99Y36         FDCE                                         r  design_2_i/top_onn_system_wrapp_0/inst/riya/onn_1/matcher_inst/best_match_reg[5]/C

Slack:                    inf
  Source:                 design_2_i/top_onn_system_wrapp_0/inst/riya/onn_1/phi_out_reg[35][0]/C
                            (rising edge-triggered cell FDRE)
  Destination:            design_2_i/top_onn_system_wrapp_0/inst/riya/onn_1/matcher_inst/best_pattern_temp_reg[6]/D
                            (rising edge-triggered cell FDCE clocked by clk_fpga_0  {rise@0.000ns fall@10.000ns period=20.000ns})
  Path Group:             (none)
  Path Type:              Setup (Max at Slow Process Corner)
  Data Path Delay:        17.754ns  (logic 3.447ns (19.415%)  route 14.307ns (80.585%))
  Logic Levels:           14  (CARRY4=3 FDRE=1 LUT3=2 LUT4=2 LUT5=2 LUT6=4)
  Clock Uncertainty:      0.301ns  ((TSJ^2 + TIJ^2)^1/2 + DJ) / 2 + PE
    Total System Jitter     (TSJ):    0.050ns
    Total Input Jitter      (TIJ):    0.600ns
    Discrete Jitter          (DJ):    0.000ns
    Phase Error              (PE):    0.000ns

    Location             Delay type                Incr(ns)  Path(ns)    Netlist Resource(s)
  -------------------------------------------------------------------    -------------------
    SLICE_X51Y58         FDRE                         0.000     0.000 r  design_2_i/top_onn_system_wrapp_0/inst/riya/onn_1/phi_out_reg[35][0]/C
    SLICE_X51Y58         FDRE (Prop_fdre_C_Q)         0.456     0.456 r  design_2_i/top_onn_system_wrapp_0/inst/riya/onn_1/phi_out_reg[35][0]/Q
                         net (fo=14, routed)          4.582     5.038    design_2_i/top_onn_system_wrapp_0/inst/riya/onn_1/matcher_inst/phi_out_flat[140]
    SLICE_X71Y15         LUT5 (Prop_lut5_I4_O)        0.152     5.190 r  design_2_i/top_onn_system_wrapp_0/inst/riya/onn_1/matcher_inst/min_total_diff[7]_i_133/O
                         net (fo=4, routed)           0.813     6.003    design_2_i/top_onn_system_wrapp_0/inst/riya/onn_1/matcher_inst/min_total_diff[7]_i_133_n_0
    SLICE_X82Y13         LUT6 (Prop_lut6_I4_O)        0.332     6.335 r  design_2_i/top_onn_system_wrapp_0/inst/riya/onn_1/matcher_inst/min_total_diff[7]_i_114/O
                         net (fo=2, routed)           0.788     7.123    design_2_i/top_onn_system_wrapp_0/inst/riya/onn_1/matcher_inst/min_total_diff[7]_i_114_n_0
    SLICE_X81Y14         LUT3 (Prop_lut3_I1_O)        0.150     7.273 r  design_2_i/top_onn_system_wrapp_0/inst/riya/onn_1/matcher_inst/min_total_diff[7]_i_63/O
                         net (fo=3, routed)           0.961     8.234    design_2_i/top_onn_system_wrapp_0/inst/riya/onn_1/matcher_inst/min_total_diff[7]_i_63_n_0
    SLICE_X82Y15         LUT6 (Prop_lut6_I1_O)        0.326     8.560 r  design_2_i/top_onn_system_wrapp_0/inst/riya/onn_1/matcher_inst/min_total_diff[7]_i_21/O
                         net (fo=2, routed)           0.861     9.422    design_2_i/top_onn_system_wrapp_0/inst/riya/onn_1/matcher_inst/min_total_diff[7]_i_21_n_0
    SLICE_X82Y15         LUT6 (Prop_lut6_I0_O)        0.124     9.546 r  design_2_i/top_onn_system_wrapp_0/inst/riya/onn_1/matcher_inst/min_total_diff[7]_i_37/O
                         net (fo=2, routed)           0.593    10.139    design_2_i/top_onn_system_wrapp_0/inst/riya/onn_1/matcher_inst/min_total_diff[7]_i_37_n_0
    SLICE_X82Y13         LUT5 (Prop_lut5_I0_O)        0.124    10.263 r  design_2_i/top_onn_system_wrapp_0/inst/riya/onn_1/matcher_inst/min_total_diff[7]_i_10/O
                         net (fo=2, routed)           0.797    11.060    design_2_i/top_onn_system_wrapp_0/inst/riya/onn_1/matcher_inst/min_total_diff[7]_i_10_n_0
    SLICE_X84Y6          LUT4 (Prop_lut4_I3_O)        0.150    11.210 r  design_2_i/top_onn_system_wrapp_0/inst/riya/onn_1/matcher_inst/min_total_diff[7]_i_2/O
                         net (fo=2, routed)           0.863    12.072    design_2_i/top_onn_system_wrapp_0/inst/riya/onn_1/matcher_inst/min_total_diff[7]_i_2_n_0
    SLICE_X84Y6          LUT6 (Prop_lut6_I3_O)        0.326    12.398 r  design_2_i/top_onn_system_wrapp_0/inst/riya/onn_1/matcher_inst/min_total_diff[7]_i_5/O
                         net (fo=1, routed)           0.000    12.398    design_2_i/top_onn_system_wrapp_0/inst/riya/onn_1/matcher_inst/min_total_diff[7]_i_5_n_0
    SLICE_X84Y6          CARRY4 (Prop_carry4_S[1]_CO[3])
                                                      0.550    12.948 r  design_2_i/top_onn_system_wrapp_0/inst/riya/onn_1/matcher_inst/min_total_diff_reg[7]_i_1/CO[3]
                         net (fo=3, routed)           1.236    14.185    design_2_i/top_onn_system_wrapp_0/inst/riya/onn_1/matcher_inst/current_total_diff[7]
    SLICE_X84Y10         LUT4 (Prop_lut4_I0_O)        0.124    14.309 r  design_2_i/top_onn_system_wrapp_0/inst/riya/onn_1/matcher_inst/min_total_diff[15]_i_12/O
                         net (fo=1, routed)           0.000    14.309    design_2_i/top_onn_system_wrapp_0/inst/riya/onn_1/matcher_inst/min_total_diff[15]_i_12_n_0
    SLICE_X84Y10         CARRY4 (Prop_carry4_S[3]_CO[3])
                                                      0.401    14.710 r  design_2_i/top_onn_system_wrapp_0/inst/riya/onn_1/matcher_inst/min_total_diff_reg[15]_i_3/CO[3]
                         net (fo=1, routed)           0.000    14.710    design_2_i/top_onn_system_wrapp_0/inst/riya/onn_1/matcher_inst/min_total_diff_reg[15]_i_3_n_0
    SLICE_X84Y11         CARRY4 (Prop_carry4_CI_CO[3])
                                                      0.114    14.824 r  design_2_i/top_onn_system_wrapp_0/inst/riya/onn_1/matcher_inst/min_total_diff_reg[15]_i_2/CO[3]
                         net (fo=33, routed)          2.264    17.088    design_2_i/top_onn_system_wrapp_0/inst/riya/onn_1/matcher_inst/min_total_diff_reg[15]_i_2_n_0
    SLICE_X99Y28         LUT3 (Prop_lut3_I1_O)        0.118    17.206 r  design_2_i/top_onn_system_wrapp_0/inst/riya/onn_1/matcher_inst/best_pattern_temp[6]_i_1/O
                         net (fo=2, routed)           0.549    17.754    design_2_i/top_onn_system_wrapp_0/inst/riya/onn_1/matcher_inst/p_0_in[6]
    SLICE_X99Y28         FDCE                                         r  design_2_i/top_onn_system_wrapp_0/inst/riya/onn_1/matcher_inst/best_pattern_temp_reg[6]/D
  -------------------------------------------------------------------    -------------------

                         (clock clk_fpga_0 rise edge)
                                                      0.000     0.000 r  
    PS7_X0Y0             PS7                          0.000     0.000 r  design_2_i/processing_system7_0/inst/PS7_i/FCLKCLK[0]
                         net (fo=1, routed)           1.088     1.088    design_2_i/processing_system7_0/inst/FCLK_CLK_unbuffered[0]
    BUFGCTRL_X0Y16       BUFG (Prop_bufg_I_O)         0.091     1.179 r  design_2_i/processing_system7_0/inst/buffer_fclk_clk_0.FCLK_CLK_0_BUFG/O
                         net (fo=2094, routed)        1.613     2.792    design_2_i/top_onn_system_wrapp_0/inst/riya/onn_1/matcher_inst/clk
    SLICE_X99Y28         FDCE                                         r  design_2_i/top_onn_system_wrapp_0/inst/riya/onn_1/matcher_inst/best_pattern_temp_reg[6]/C

Slack:                    inf
  Source:                 design_2_i/top_onn_system_wrapp_0/inst/riya/onn_1/phi_out_reg[35][0]/C
                            (rising edge-triggered cell FDRE)
  Destination:            design_2_i/top_onn_system_wrapp_0/inst/riya/onn_1/matcher_inst/best_match_reg[11]/D
                            (rising edge-triggered cell FDCE clocked by clk_fpga_0  {rise@0.000ns fall@10.000ns period=20.000ns})
  Path Group:             (none)
  Path Type:              Setup (Max at Slow Process Corner)
  Data Path Delay:        17.736ns  (logic 3.453ns (19.468%)  route 14.283ns (80.532%))
  Logic Levels:           14  (CARRY4=3 FDRE=1 LUT3=2 LUT4=2 LUT5=2 LUT6=4)
  Clock Uncertainty:      0.301ns  ((TSJ^2 + TIJ^2)^1/2 + DJ) / 2 + PE
    Total System Jitter     (TSJ):    0.050ns
    Total Input Jitter      (TIJ):    0.600ns
    Discrete Jitter          (DJ):    0.000ns
    Phase Error              (PE):    0.000ns

    Location             Delay type                Incr(ns)  Path(ns)    Netlist Resource(s)
  -------------------------------------------------------------------    -------------------
    SLICE_X51Y58         FDRE                         0.000     0.000 r  design_2_i/top_onn_system_wrapp_0/inst/riya/onn_1/phi_out_reg[35][0]/C
    SLICE_X51Y58         FDRE (Prop_fdre_C_Q)         0.456     0.456 r  design_2_i/top_onn_system_wrapp_0/inst/riya/onn_1/phi_out_reg[35][0]/Q
                         net (fo=14, routed)          4.582     5.038    design_2_i/top_onn_system_wrapp_0/inst/riya/onn_1/matcher_inst/phi_out_flat[140]
    SLICE_X71Y15         LUT5 (Prop_lut5_I4_O)        0.152     5.190 r  design_2_i/top_onn_system_wrapp_0/inst/riya/onn_1/matcher_inst/min_total_diff[7]_i_133/O
                         net (fo=4, routed)           0.813     6.003    design_2_i/top_onn_system_wrapp_0/inst/riya/onn_1/matcher_inst/min_total_diff[7]_i_133_n_0
    SLICE_X82Y13         LUT6 (Prop_lut6_I4_O)        0.332     6.335 r  design_2_i/top_onn_system_wrapp_0/inst/riya/onn_1/matcher_inst/min_total_diff[7]_i_114/O
                         net (fo=2, routed)           0.788     7.123    design_2_i/top_onn_system_wrapp_0/inst/riya/onn_1/matcher_inst/min_total_diff[7]_i_114_n_0
    SLICE_X81Y14         LUT3 (Prop_lut3_I1_O)        0.150     7.273 r  design_2_i/top_onn_system_wrapp_0/inst/riya/onn_1/matcher_inst/min_total_diff[7]_i_63/O
                         net (fo=3, routed)           0.961     8.234    design_2_i/top_onn_system_wrapp_0/inst/riya/onn_1/matcher_inst/min_total_diff[7]_i_63_n_0
    SLICE_X82Y15         LUT6 (Prop_lut6_I1_O)        0.326     8.560 r  design_2_i/top_onn_system_wrapp_0/inst/riya/onn_1/matcher_inst/min_total_diff[7]_i_21/O
                         net (fo=2, routed)           0.861     9.422    design_2_i/top_onn_system_wrapp_0/inst/riya/onn_1/matcher_inst/min_total_diff[7]_i_21_n_0
    SLICE_X82Y15         LUT6 (Prop_lut6_I0_O)        0.124     9.546 r  design_2_i/top_onn_system_wrapp_0/inst/riya/onn_1/matcher_inst/min_total_diff[7]_i_37/O
                         net (fo=2, routed)           0.593    10.139    design_2_i/top_onn_system_wrapp_0/inst/riya/onn_1/matcher_inst/min_total_diff[7]_i_37_n_0
    SLICE_X82Y13         LUT5 (Prop_lut5_I0_O)        0.124    10.263 r  design_2_i/top_onn_system_wrapp_0/inst/riya/onn_1/matcher_inst/min_total_diff[7]_i_10/O
                         net (fo=2, routed)           0.797    11.060    design_2_i/top_onn_system_wrapp_0/inst/riya/onn_1/matcher_inst/min_total_diff[7]_i_10_n_0
    SLICE_X84Y6          LUT4 (Prop_lut4_I3_O)        0.150    11.210 r  design_2_i/top_onn_system_wrapp_0/inst/riya/onn_1/matcher_inst/min_total_diff[7]_i_2/O
                         net (fo=2, routed)           0.863    12.072    design_2_i/top_onn_system_wrapp_0/inst/riya/onn_1/matcher_inst/min_total_diff[7]_i_2_n_0
    SLICE_X84Y6          LUT6 (Prop_lut6_I3_O)        0.326    12.398 r  design_2_i/top_onn_system_wrapp_0/inst/riya/onn_1/matcher_inst/min_total_diff[7]_i_5/O
                         net (fo=1, routed)           0.000    12.398    design_2_i/top_onn_system_wrapp_0/inst/riya/onn_1/matcher_inst/min_total_diff[7]_i_5_n_0
    SLICE_X84Y6          CARRY4 (Prop_carry4_S[1]_CO[3])
                                                      0.550    12.948 r  design_2_i/top_onn_system_wrapp_0/inst/riya/onn_1/matcher_inst/min_total_diff_reg[7]_i_1/CO[3]
                         net (fo=3, routed)           1.236    14.185    design_2_i/top_onn_system_wrapp_0/inst/riya/onn_1/matcher_inst/current_total_diff[7]
    SLICE_X84Y10         LUT4 (Prop_lut4_I0_O)        0.124    14.309 r  design_2_i/top_onn_system_wrapp_0/inst/riya/onn_1/matcher_inst/min_total_diff[15]_i_12/O
                         net (fo=1, routed)           0.000    14.309    design_2_i/top_onn_system_wrapp_0/inst/riya/onn_1/matcher_inst/min_total_diff[15]_i_12_n_0
    SLICE_X84Y10         CARRY4 (Prop_carry4_S[3]_CO[3])
                                                      0.401    14.710 r  design_2_i/top_onn_system_wrapp_0/inst/riya/onn_1/matcher_inst/min_total_diff_reg[15]_i_3/CO[3]
                         net (fo=1, routed)           0.000    14.710    design_2_i/top_onn_system_wrapp_0/inst/riya/onn_1/matcher_inst/min_total_diff_reg[15]_i_3_n_0
    SLICE_X84Y11         CARRY4 (Prop_carry4_CI_CO[3])
                                                      0.114    14.824 r  design_2_i/top_onn_system_wrapp_0/inst/riya/onn_1/matcher_inst/min_total_diff_reg[15]_i_2/CO[3]
                         net (fo=33, routed)          2.303    17.126    design_2_i/top_onn_system_wrapp_0/inst/riya/onn_1/matcher_inst/min_total_diff_reg[15]_i_2_n_0
    SLICE_X101Y33        LUT3 (Prop_lut3_I1_O)        0.124    17.250 r  design_2_i/top_onn_system_wrapp_0/inst/riya/onn_1/matcher_inst/best_pattern_temp[11]_i_1/O
                         net (fo=2, routed)           0.486    17.736    design_2_i/top_onn_system_wrapp_0/inst/riya/onn_1/matcher_inst/p_0_in[11]
    SLICE_X96Y34         FDCE                                         r  design_2_i/top_onn_system_wrapp_0/inst/riya/onn_1/matcher_inst/best_match_reg[11]/D
  -------------------------------------------------------------------    -------------------

                         (clock clk_fpga_0 rise edge)
                                                      0.000     0.000 r  
    PS7_X0Y0             PS7                          0.000     0.000 r  design_2_i/processing_system7_0/inst/PS7_i/FCLKCLK[0]
                         net (fo=1, routed)           1.088     1.088    design_2_i/processing_system7_0/inst/FCLK_CLK_unbuffered[0]
    BUFGCTRL_X0Y16       BUFG (Prop_bufg_I_O)         0.091     1.179 r  design_2_i/processing_system7_0/inst/buffer_fclk_clk_0.FCLK_CLK_0_BUFG/O
                         net (fo=2094, routed)        1.618     2.797    design_2_i/top_onn_system_wrapp_0/inst/riya/onn_1/matcher_inst/clk
    SLICE_X96Y34         FDCE                                         r  design_2_i/top_onn_system_wrapp_0/inst/riya/onn_1/matcher_inst/best_match_reg[11]/C

Slack:                    inf
  Source:                 design_2_i/top_onn_system_wrapp_0/inst/riya/onn_1/phi_out_reg[35][0]/C
                            (rising edge-triggered cell FDRE)
  Destination:            design_2_i/top_onn_system_wrapp_0/inst/riya/onn_1/matcher_inst/best_pattern_temp_reg[9]/D
                            (rising edge-triggered cell FDCE clocked by clk_fpga_0  {rise@0.000ns fall@10.000ns period=20.000ns})
  Path Group:             (none)
  Path Type:              Setup (Max at Slow Process Corner)
  Data Path Delay:        17.700ns  (logic 3.445ns (19.464%)  route 14.255ns (80.536%))
  Logic Levels:           14  (CARRY4=3 FDRE=1 LUT3=2 LUT4=2 LUT5=2 LUT6=4)
  Clock Uncertainty:      0.301ns  ((TSJ^2 + TIJ^2)^1/2 + DJ) / 2 + PE
    Total System Jitter     (TSJ):    0.050ns
    Total Input Jitter      (TIJ):    0.600ns
    Discrete Jitter          (DJ):    0.000ns
    Phase Error              (PE):    0.000ns

    Location             Delay type                Incr(ns)  Path(ns)    Netlist Resource(s)
  -------------------------------------------------------------------    -------------------
    SLICE_X51Y58         FDRE                         0.000     0.000 r  design_2_i/top_onn_system_wrapp_0/inst/riya/onn_1/phi_out_reg[35][0]/C
    SLICE_X51Y58         FDRE (Prop_fdre_C_Q)         0.456     0.456 r  design_2_i/top_onn_system_wrapp_0/inst/riya/onn_1/phi_out_reg[35][0]/Q
                         net (fo=14, routed)          4.582     5.038    design_2_i/top_onn_system_wrapp_0/inst/riya/onn_1/matcher_inst/phi_out_flat[140]
    SLICE_X71Y15         LUT5 (Prop_lut5_I4_O)        0.152     5.190 r  design_2_i/top_onn_system_wrapp_0/inst/riya/onn_1/matcher_inst/min_total_diff[7]_i_133/O
                         net (fo=4, routed)           0.813     6.003    design_2_i/top_onn_system_wrapp_0/inst/riya/onn_1/matcher_inst/min_total_diff[7]_i_133_n_0
    SLICE_X82Y13         LUT6 (Prop_lut6_I4_O)        0.332     6.335 r  design_2_i/top_onn_system_wrapp_0/inst/riya/onn_1/matcher_inst/min_total_diff[7]_i_114/O
                         net (fo=2, routed)           0.788     7.123    design_2_i/top_onn_system_wrapp_0/inst/riya/onn_1/matcher_inst/min_total_diff[7]_i_114_n_0
    SLICE_X81Y14         LUT3 (Prop_lut3_I1_O)        0.150     7.273 r  design_2_i/top_onn_system_wrapp_0/inst/riya/onn_1/matcher_inst/min_total_diff[7]_i_63/O
                         net (fo=3, routed)           0.961     8.234    design_2_i/top_onn_system_wrapp_0/inst/riya/onn_1/matcher_inst/min_total_diff[7]_i_63_n_0
    SLICE_X82Y15         LUT6 (Prop_lut6_I1_O)        0.326     8.560 r  design_2_i/top_onn_system_wrapp_0/inst/riya/onn_1/matcher_inst/min_total_diff[7]_i_21/O
                         net (fo=2, routed)           0.861     9.422    design_2_i/top_onn_system_wrapp_0/inst/riya/onn_1/matcher_inst/min_total_diff[7]_i_21_n_0
    SLICE_X82Y15         LUT6 (Prop_lut6_I0_O)        0.124     9.546 r  design_2_i/top_onn_system_wrapp_0/inst/riya/onn_1/matcher_inst/min_total_diff[7]_i_37/O
                         net (fo=2, routed)           0.593    10.139    design_2_i/top_onn_system_wrapp_0/inst/riya/onn_1/matcher_inst/min_total_diff[7]_i_37_n_0
    SLICE_X82Y13         LUT5 (Prop_lut5_I0_O)        0.124    10.263 r  design_2_i/top_onn_system_wrapp_0/inst/riya/onn_1/matcher_inst/min_total_diff[7]_i_10/O
                         net (fo=2, routed)           0.797    11.060    design_2_i/top_onn_system_wrapp_0/inst/riya/onn_1/matcher_inst/min_total_diff[7]_i_10_n_0
    SLICE_X84Y6          LUT4 (Prop_lut4_I3_O)        0.150    11.210 r  design_2_i/top_onn_system_wrapp_0/inst/riya/onn_1/matcher_inst/min_total_diff[7]_i_2/O
                         net (fo=2, routed)           0.863    12.072    design_2_i/top_onn_system_wrapp_0/inst/riya/onn_1/matcher_inst/min_total_diff[7]_i_2_n_0
    SLICE_X84Y6          LUT6 (Prop_lut6_I3_O)        0.326    12.398 r  design_2_i/top_onn_system_wrapp_0/inst/riya/onn_1/matcher_inst/min_total_diff[7]_i_5/O
                         net (fo=1, routed)           0.000    12.398    design_2_i/top_onn_system_wrapp_0/inst/riya/onn_1/matcher_inst/min_total_diff[7]_i_5_n_0
    SLICE_X84Y6          CARRY4 (Prop_carry4_S[1]_CO[3])
                                                      0.550    12.948 r  design_2_i/top_onn_system_wrapp_0/inst/riya/onn_1/matcher_inst/min_total_diff_reg[7]_i_1/CO[3]
                         net (fo=3, routed)           1.236    14.185    design_2_i/top_onn_system_wrapp_0/inst/riya/onn_1/matcher_inst/current_total_diff[7]
    SLICE_X84Y10         LUT4 (Prop_lut4_I0_O)        0.124    14.309 r  design_2_i/top_onn_system_wrapp_0/inst/riya/onn_1/matcher_inst/min_total_diff[15]_i_12/O
                         net (fo=1, routed)           0.000    14.309    design_2_i/top_onn_system_wrapp_0/inst/riya/onn_1/matcher_inst/min_total_diff[15]_i_12_n_0
    SLICE_X84Y10         CARRY4 (Prop_carry4_S[3]_CO[3])
                                                      0.401    14.710 r  design_2_i/top_onn_system_wrapp_0/inst/riya/onn_1/matcher_inst/min_total_diff_reg[15]_i_3/CO[3]
                         net (fo=1, routed)           0.000    14.710    design_2_i/top_onn_system_wrapp_0/inst/riya/onn_1/matcher_inst/min_total_diff_reg[15]_i_3_n_0
    SLICE_X84Y11         CARRY4 (Prop_carry4_CI_CO[3])
                                                      0.114    14.824 r  design_2_i/top_onn_system_wrapp_0/inst/riya/onn_1/matcher_inst/min_total_diff_reg[15]_i_2/CO[3]
                         net (fo=33, routed)          2.130    16.954    design_2_i/top_onn_system_wrapp_0/inst/riya/onn_1/matcher_inst/min_total_diff_reg[15]_i_2_n_0
    SLICE_X94Y28         LUT3 (Prop_lut3_I1_O)        0.116    17.070 r  design_2_i/top_onn_system_wrapp_0/inst/riya/onn_1/matcher_inst/best_pattern_temp[9]_i_1/O
                         net (fo=2, routed)           0.630    17.700    design_2_i/top_onn_system_wrapp_0/inst/riya/onn_1/matcher_inst/p_0_in[9]
    SLICE_X94Y28         FDCE                                         r  design_2_i/top_onn_system_wrapp_0/inst/riya/onn_1/matcher_inst/best_pattern_temp_reg[9]/D
  -------------------------------------------------------------------    -------------------

                         (clock clk_fpga_0 rise edge)
                                                      0.000     0.000 r  
    PS7_X0Y0             PS7                          0.000     0.000 r  design_2_i/processing_system7_0/inst/PS7_i/FCLKCLK[0]
                         net (fo=1, routed)           1.088     1.088    design_2_i/processing_system7_0/inst/FCLK_CLK_unbuffered[0]
    BUFGCTRL_X0Y16       BUFG (Prop_bufg_I_O)         0.091     1.179 r  design_2_i/processing_system7_0/inst/buffer_fclk_clk_0.FCLK_CLK_0_BUFG/O
                         net (fo=2094, routed)        1.612     2.791    design_2_i/top_onn_system_wrapp_0/inst/riya/onn_1/matcher_inst/clk
    SLICE_X94Y28         FDCE                                         r  design_2_i/top_onn_system_wrapp_0/inst/riya/onn_1/matcher_inst/best_pattern_temp_reg[9]/C





Min Delay Paths
--------------------------------------------------------------------------------------
Slack:                    inf
  Source:                 design_2_i/top_onn_system_wrapp_0/inst/riya/onn_1/start_match_reg/C
                            (rising edge-triggered cell FDCE)
  Destination:            design_2_i/top_onn_system_wrapp_0/inst/riya/onn_1/matcher_inst/best_pattern_temp_reg[15]/CE
                            (rising edge-triggered cell FDCE clocked by clk_fpga_0  {rise@0.000ns fall@10.000ns period=20.000ns})
  Path Group:             (none)
  Path Type:              Hold (Min at Fast Process Corner)
  Data Path Delay:        1.002ns  (logic 0.189ns (18.859%)  route 0.813ns (81.141%))
  Logic Levels:           2  (FDCE=1 LUT3=1)
  Clock Uncertainty:      0.301ns  ((TSJ^2 + TIJ^2)^1/2 + DJ) / 2 + PE
    Total System Jitter     (TSJ):    0.050ns
    Total Input Jitter      (TIJ):    0.600ns
    Discrete Jitter          (DJ):    0.000ns
    Phase Error              (PE):    0.000ns

    Location             Delay type                Incr(ns)  Path(ns)    Netlist Resource(s)
  -------------------------------------------------------------------    -------------------
    SLICE_X49Y33         FDCE                         0.000     0.000 r  design_2_i/top_onn_system_wrapp_0/inst/riya/onn_1/start_match_reg/C
    SLICE_X49Y33         FDCE (Prop_fdce_C_Q)         0.141     0.141 r  design_2_i/top_onn_system_wrapp_0/inst/riya/onn_1/start_match_reg/Q
                         net (fo=4, routed)           0.471     0.612    design_2_i/top_onn_system_wrapp_0/inst/riya/onn_1/matcher_inst/start_match
    SLICE_X65Y33         LUT3 (Prop_lut3_I1_O)        0.048     0.660 r  design_2_i/top_onn_system_wrapp_0/inst/riya/onn_1/matcher_inst/best_pattern_temp[31]_i_1/O
                         net (fo=32, routed)          0.342     1.002    design_2_i/top_onn_system_wrapp_0/inst/riya/onn_1/matcher_inst/best_pattern_temp
    SLICE_X86Y33         FDCE                                         r  design_2_i/top_onn_system_wrapp_0/inst/riya/onn_1/matcher_inst/best_pattern_temp_reg[15]/CE
  -------------------------------------------------------------------    -------------------

                         (clock clk_fpga_0 rise edge)
                                                      0.000     0.000 r  
    PS7_X0Y0             PS7                          0.000     0.000 r  design_2_i/processing_system7_0/inst/PS7_i/FCLKCLK[0]
                         net (fo=1, routed)           0.337     0.337    design_2_i/processing_system7_0/inst/FCLK_CLK_unbuffered[0]
    BUFGCTRL_X0Y16       BUFG (Prop_bufg_I_O)         0.029     0.366 r  design_2_i/processing_system7_0/inst/buffer_fclk_clk_0.FCLK_CLK_0_BUFG/O
                         net (fo=2094, routed)        0.851     1.217    design_2_i/top_onn_system_wrapp_0/inst/riya/onn_1/matcher_inst/clk
    SLICE_X86Y33         FDCE                                         r  design_2_i/top_onn_system_wrapp_0/inst/riya/onn_1/matcher_inst/best_pattern_temp_reg[15]/C

Slack:                    inf
  Source:                 design_2_i/top_onn_system_wrapp_0/inst/riya/onn_1/start_match_reg/C
                            (rising edge-triggered cell FDCE)
  Destination:            design_2_i/top_onn_system_wrapp_0/inst/riya/onn_1/matcher_inst/best_pattern_temp_reg[30]/CE
                            (rising edge-triggered cell FDCE clocked by clk_fpga_0  {rise@0.000ns fall@10.000ns period=20.000ns})
  Path Group:             (none)
  Path Type:              Hold (Min at Fast Process Corner)
  Data Path Delay:        1.002ns  (logic 0.189ns (18.859%)  route 0.813ns (81.141%))
  Logic Levels:           2  (FDCE=1 LUT3=1)
  Clock Uncertainty:      0.301ns  ((TSJ^2 + TIJ^2)^1/2 + DJ) / 2 + PE
    Total System Jitter     (TSJ):    0.050ns
    Total Input Jitter      (TIJ):    0.600ns
    Discrete Jitter          (DJ):    0.000ns
    Phase Error              (PE):    0.000ns

    Location             Delay type                Incr(ns)  Path(ns)    Netlist Resource(s)
  -------------------------------------------------------------------    -------------------
    SLICE_X49Y33         FDCE                         0.000     0.000 r  design_2_i/top_onn_system_wrapp_0/inst/riya/onn_1/start_match_reg/C
    SLICE_X49Y33         FDCE (Prop_fdce_C_Q)         0.141     0.141 r  design_2_i/top_onn_system_wrapp_0/inst/riya/onn_1/start_match_reg/Q
                         net (fo=4, routed)           0.471     0.612    design_2_i/top_onn_system_wrapp_0/inst/riya/onn_1/matcher_inst/start_match
    SLICE_X65Y33         LUT3 (Prop_lut3_I1_O)        0.048     0.660 r  design_2_i/top_onn_system_wrapp_0/inst/riya/onn_1/matcher_inst/best_pattern_temp[31]_i_1/O
                         net (fo=32, routed)          0.342     1.002    design_2_i/top_onn_system_wrapp_0/inst/riya/onn_1/matcher_inst/best_pattern_temp
    SLICE_X86Y33         FDCE                                         r  design_2_i/top_onn_system_wrapp_0/inst/riya/onn_1/matcher_inst/best_pattern_temp_reg[30]/CE
  -------------------------------------------------------------------    -------------------

                         (clock clk_fpga_0 rise edge)
                                                      0.000     0.000 r  
    PS7_X0Y0             PS7                          0.000     0.000 r  design_2_i/processing_system7_0/inst/PS7_i/FCLKCLK[0]
                         net (fo=1, routed)           0.337     0.337    design_2_i/processing_system7_0/inst/FCLK_CLK_unbuffered[0]
    BUFGCTRL_X0Y16       BUFG (Prop_bufg_I_O)         0.029     0.366 r  design_2_i/processing_system7_0/inst/buffer_fclk_clk_0.FCLK_CLK_0_BUFG/O
                         net (fo=2094, routed)        0.851     1.217    design_2_i/top_onn_system_wrapp_0/inst/riya/onn_1/matcher_inst/clk
    SLICE_X86Y33         FDCE                                         r  design_2_i/top_onn_system_wrapp_0/inst/riya/onn_1/matcher_inst/best_pattern_temp_reg[30]/C

Slack:                    inf
  Source:                 design_2_i/top_onn_system_wrapp_0/inst/riya/onn_1/start_match_reg/C
                            (rising edge-triggered cell FDCE)
  Destination:            design_2_i/top_onn_system_wrapp_0/inst/riya/onn_1/matcher_inst/best_pattern_temp_reg[31]/CE
                            (rising edge-triggered cell FDCE clocked by clk_fpga_0  {rise@0.000ns fall@10.000ns period=20.000ns})
  Path Group:             (none)
  Path Type:              Hold (Min at Fast Process Corner)
  Data Path Delay:        1.002ns  (logic 0.189ns (18.859%)  route 0.813ns (81.141%))
  Logic Levels:           2  (FDCE=1 LUT3=1)
  Clock Uncertainty:      0.301ns  ((TSJ^2 + TIJ^2)^1/2 + DJ) / 2 + PE
    Total System Jitter     (TSJ):    0.050ns
    Total Input Jitter      (TIJ):    0.600ns
    Discrete Jitter          (DJ):    0.000ns
    Phase Error              (PE):    0.000ns

    Location             Delay type                Incr(ns)  Path(ns)    Netlist Resource(s)
  -------------------------------------------------------------------    -------------------
    SLICE_X49Y33         FDCE                         0.000     0.000 r  design_2_i/top_onn_system_wrapp_0/inst/riya/onn_1/start_match_reg/C
    SLICE_X49Y33         FDCE (Prop_fdce_C_Q)         0.141     0.141 r  design_2_i/top_onn_system_wrapp_0/inst/riya/onn_1/start_match_reg/Q
                         net (fo=4, routed)           0.471     0.612    design_2_i/top_onn_system_wrapp_0/inst/riya/onn_1/matcher_inst/start_match
    SLICE_X65Y33         LUT3 (Prop_lut3_I1_O)        0.048     0.660 r  design_2_i/top_onn_system_wrapp_0/inst/riya/onn_1/matcher_inst/best_pattern_temp[31]_i_1/O
                         net (fo=32, routed)          0.342     1.002    design_2_i/top_onn_system_wrapp_0/inst/riya/onn_1/matcher_inst/best_pattern_temp
    SLICE_X86Y33         FDCE                                         r  design_2_i/top_onn_system_wrapp_0/inst/riya/onn_1/matcher_inst/best_pattern_temp_reg[31]/CE
  -------------------------------------------------------------------    -------------------

                         (clock clk_fpga_0 rise edge)
                                                      0.000     0.000 r  
    PS7_X0Y0             PS7                          0.000     0.000 r  design_2_i/processing_system7_0/inst/PS7_i/FCLKCLK[0]
                         net (fo=1, routed)           0.337     0.337    design_2_i/processing_system7_0/inst/FCLK_CLK_unbuffered[0]
    BUFGCTRL_X0Y16       BUFG (Prop_bufg_I_O)         0.029     0.366 r  design_2_i/processing_system7_0/inst/buffer_fclk_clk_0.FCLK_CLK_0_BUFG/O
                         net (fo=2094, routed)        0.851     1.217    design_2_i/top_onn_system_wrapp_0/inst/riya/onn_1/matcher_inst/clk
    SLICE_X86Y33         FDCE                                         r  design_2_i/top_onn_system_wrapp_0/inst/riya/onn_1/matcher_inst/best_pattern_temp_reg[31]/C

Slack:                    inf
  Source:                 design_2_i/top_onn_system_wrapp_0/inst/riya/onn_1/start_match_reg/C
                            (rising edge-triggered cell FDCE)
  Destination:            design_2_i/top_onn_system_wrapp_0/inst/riya/onn_1/matcher_inst/best_pattern_temp_reg[8]/CE
                            (rising edge-triggered cell FDCE clocked by clk_fpga_0  {rise@0.000ns fall@10.000ns period=20.000ns})
  Path Group:             (none)
  Path Type:              Hold (Min at Fast Process Corner)
  Data Path Delay:        1.002ns  (logic 0.189ns (18.859%)  route 0.813ns (81.141%))
  Logic Levels:           2  (FDCE=1 LUT3=1)
  Clock Uncertainty:      0.301ns  ((TSJ^2 + TIJ^2)^1/2 + DJ) / 2 + PE
    Total System Jitter     (TSJ):    0.050ns
    Total Input Jitter      (TIJ):    0.600ns
    Discrete Jitter          (DJ):    0.000ns
    Phase Error              (PE):    0.000ns

    Location             Delay type                Incr(ns)  Path(ns)    Netlist Resource(s)
  -------------------------------------------------------------------    -------------------
    SLICE_X49Y33         FDCE                         0.000     0.000 r  design_2_i/top_onn_system_wrapp_0/inst/riya/onn_1/start_match_reg/C
    SLICE_X49Y33         FDCE (Prop_fdce_C_Q)         0.141     0.141 r  design_2_i/top_onn_system_wrapp_0/inst/riya/onn_1/start_match_reg/Q
                         net (fo=4, routed)           0.471     0.612    design_2_i/top_onn_system_wrapp_0/inst/riya/onn_1/matcher_inst/start_match
    SLICE_X65Y33         LUT3 (Prop_lut3_I1_O)        0.048     0.660 r  design_2_i/top_onn_system_wrapp_0/inst/riya/onn_1/matcher_inst/best_pattern_temp[31]_i_1/O
                         net (fo=32, routed)          0.342     1.002    design_2_i/top_onn_system_wrapp_0/inst/riya/onn_1/matcher_inst/best_pattern_temp
    SLICE_X86Y33         FDCE                                         r  design_2_i/top_onn_system_wrapp_0/inst/riya/onn_1/matcher_inst/best_pattern_temp_reg[8]/CE
  -------------------------------------------------------------------    -------------------

                         (clock clk_fpga_0 rise edge)
                                                      0.000     0.000 r  
    PS7_X0Y0             PS7                          0.000     0.000 r  design_2_i/processing_system7_0/inst/PS7_i/FCLKCLK[0]
                         net (fo=1, routed)           0.337     0.337    design_2_i/processing_system7_0/inst/FCLK_CLK_unbuffered[0]
    BUFGCTRL_X0Y16       BUFG (Prop_bufg_I_O)         0.029     0.366 r  design_2_i/processing_system7_0/inst/buffer_fclk_clk_0.FCLK_CLK_0_BUFG/O
                         net (fo=2094, routed)        0.851     1.217    design_2_i/top_onn_system_wrapp_0/inst/riya/onn_1/matcher_inst/clk
    SLICE_X86Y33         FDCE                                         r  design_2_i/top_onn_system_wrapp_0/inst/riya/onn_1/matcher_inst/best_pattern_temp_reg[8]/C

Slack:                    inf
  Source:                 design_2_i/top_onn_system_wrapp_0/inst/riya/onn_1/start_match_reg/C
                            (rising edge-triggered cell FDCE)
  Destination:            design_2_i/top_onn_system_wrapp_0/inst/riya/onn_1/matcher_inst/index_reg_rep[7]/CE
                            (rising edge-triggered cell FDCE clocked by clk_fpga_0  {rise@0.000ns fall@10.000ns period=20.000ns})
  Path Group:             (none)
  Path Type:              Hold (Min at Fast Process Corner)
  Data Path Delay:        1.214ns  (logic 0.186ns (15.328%)  route 1.028ns (84.672%))
  Logic Levels:           2  (FDCE=1 LUT3=1)
  Clock Uncertainty:      0.301ns  ((TSJ^2 + TIJ^2)^1/2 + DJ) / 2 + PE
    Total System Jitter     (TSJ):    0.050ns
    Total Input Jitter      (TIJ):    0.600ns
    Discrete Jitter          (DJ):    0.000ns
    Phase Error              (PE):    0.000ns

    Location             Delay type                Incr(ns)  Path(ns)    Netlist Resource(s)
  -------------------------------------------------------------------    -------------------
    SLICE_X49Y33         FDCE                         0.000     0.000 r  design_2_i/top_onn_system_wrapp_0/inst/riya/onn_1/start_match_reg/C
    SLICE_X49Y33         FDCE (Prop_fdce_C_Q)         0.141     0.141 r  design_2_i/top_onn_system_wrapp_0/inst/riya/onn_1/start_match_reg/Q
                         net (fo=4, routed)           0.849     0.990    design_2_i/top_onn_system_wrapp_0/inst/riya/onn_1/matcher_inst/start_match
    SLICE_X71Y18         LUT3 (Prop_lut3_I1_O)        0.045     1.035 r  design_2_i/top_onn_system_wrapp_0/inst/riya/onn_1/matcher_inst/index_rep[0]_i_1/O
                         net (fo=8, routed)           0.179     1.214    design_2_i/top_onn_system_wrapp_0/inst/riya/onn_1/matcher_inst/index_rep[0]_i_1_n_0
    SLICE_X73Y19         FDCE                                         r  design_2_i/top_onn_system_wrapp_0/inst/riya/onn_1/matcher_inst/index_reg_rep[7]/CE
  -------------------------------------------------------------------    -------------------

                         (clock clk_fpga_0 rise edge)
                                                      0.000     0.000 r  
    PS7_X0Y0             PS7                          0.000     0.000 r  design_2_i/processing_system7_0/inst/PS7_i/FCLKCLK[0]
                         net (fo=1, routed)           0.337     0.337    design_2_i/processing_system7_0/inst/FCLK_CLK_unbuffered[0]
    BUFGCTRL_X0Y16       BUFG (Prop_bufg_I_O)         0.029     0.366 r  design_2_i/processing_system7_0/inst/buffer_fclk_clk_0.FCLK_CLK_0_BUFG/O
                         net (fo=2094, routed)        0.845     1.211    design_2_i/top_onn_system_wrapp_0/inst/riya/onn_1/matcher_inst/clk
    SLICE_X73Y19         FDCE                                         r  design_2_i/top_onn_system_wrapp_0/inst/riya/onn_1/matcher_inst/index_reg_rep[7]/C

Slack:                    inf
  Source:                 design_2_i/top_onn_system_wrapp_0/inst/riya/onn_1/phi_out_reg[15][3]/C
                            (rising edge-triggered cell FDRE)
  Destination:            design_2_i/top_onn_system_wrapp_0/inst/riya/onn_1/matcher_inst/min_total_diff_reg[0]/D
                            (rising edge-triggered cell FDPE clocked by clk_fpga_0  {rise@0.000ns fall@10.000ns period=20.000ns})
  Path Group:             (none)
  Path Type:              Hold (Min at Fast Process Corner)
  Data Path Delay:        1.234ns  (logic 0.301ns (24.400%)  route 0.933ns (75.600%))
  Logic Levels:           4  (CARRY4=1 FDRE=1 LUT6=2)
  Clock Uncertainty:      0.301ns  ((TSJ^2 + TIJ^2)^1/2 + DJ) / 2 + PE
    Total System Jitter     (TSJ):    0.050ns
    Total Input Jitter      (TIJ):    0.600ns
    Discrete Jitter          (DJ):    0.000ns
    Phase Error              (PE):    0.000ns

    Location             Delay type                Incr(ns)  Path(ns)    Netlist Resource(s)
  -------------------------------------------------------------------    -------------------
    SLICE_X73Y17         FDRE                         0.000     0.000 r  design_2_i/top_onn_system_wrapp_0/inst/riya/onn_1/phi_out_reg[15][3]/C
    SLICE_X73Y17         FDRE (Prop_fdre_C_Q)         0.141     0.141 r  design_2_i/top_onn_system_wrapp_0/inst/riya/onn_1/phi_out_reg[15][3]/Q
                         net (fo=12, routed)          0.326     0.467    design_2_i/top_onn_system_wrapp_0/inst/riya/onn_1/matcher_inst/phi_out_flat[63]
    SLICE_X83Y17         LUT6 (Prop_lut6_I1_O)        0.045     0.512 r  design_2_i/top_onn_system_wrapp_0/inst/riya/onn_1/matcher_inst/min_total_diff[3]_i_25/O
                         net (fo=4, routed)           0.607     1.119    design_2_i/top_onn_system_wrapp_0/inst/riya/onn_1/matcher_inst/min_total_diff[3]_i_25_n_0
    SLICE_X84Y5          LUT6 (Prop_lut6_I1_O)        0.045     1.164 r  design_2_i/top_onn_system_wrapp_0/inst/riya/onn_1/matcher_inst/min_total_diff[3]_i_9/O
                         net (fo=1, routed)           0.000     1.164    design_2_i/top_onn_system_wrapp_0/inst/riya/onn_1/matcher_inst/min_total_diff[3]_i_9_n_0
    SLICE_X84Y5          CARRY4 (Prop_carry4_S[0]_O[0])
                                                      0.070     1.234 r  design_2_i/top_onn_system_wrapp_0/inst/riya/onn_1/matcher_inst/min_total_diff_reg[3]_i_1/O[0]
                         net (fo=3, routed)           0.000     1.234    design_2_i/top_onn_system_wrapp_0/inst/riya/onn_1/matcher_inst/current_total_diff[0]
    SLICE_X84Y5          FDPE                                         r  design_2_i/top_onn_system_wrapp_0/inst/riya/onn_1/matcher_inst/min_total_diff_reg[0]/D
  -------------------------------------------------------------------    -------------------

                         (clock clk_fpga_0 rise edge)
                                                      0.000     0.000 r  
    PS7_X0Y0             PS7                          0.000     0.000 r  design_2_i/processing_system7_0/inst/PS7_i/FCLKCLK[0]
                         net (fo=1, routed)           0.337     0.337    design_2_i/processing_system7_0/inst/FCLK_CLK_unbuffered[0]
    BUFGCTRL_X0Y16       BUFG (Prop_bufg_I_O)         0.029     0.366 r  design_2_i/processing_system7_0/inst/buffer_fclk_clk_0.FCLK_CLK_0_BUFG/O
                         net (fo=2094, routed)        0.858     1.224    design_2_i/top_onn_system_wrapp_0/inst/riya/onn_1/matcher_inst/clk
    SLICE_X84Y5          FDPE                                         r  design_2_i/top_onn_system_wrapp_0/inst/riya/onn_1/matcher_inst/min_total_diff_reg[0]/C

Slack:                    inf
  Source:                 design_2_i/top_onn_system_wrapp_0/inst/riya/onn_1/phi_out_reg[15][3]/C
                            (rising edge-triggered cell FDRE)
  Destination:            design_2_i/top_onn_system_wrapp_0/inst/riya/onn_1/matcher_inst/min_total_diff_reg[1]/D
                            (rising edge-triggered cell FDPE clocked by clk_fpga_0  {rise@0.000ns fall@10.000ns period=20.000ns})
  Path Group:             (none)
  Path Type:              Hold (Min at Fast Process Corner)
  Data Path Delay:        1.270ns  (logic 0.337ns (26.543%)  route 0.933ns (73.457%))
  Logic Levels:           4  (CARRY4=1 FDRE=1 LUT6=2)
  Clock Uncertainty:      0.301ns  ((TSJ^2 + TIJ^2)^1/2 + DJ) / 2 + PE
    Total System Jitter     (TSJ):    0.050ns
    Total Input Jitter      (TIJ):    0.600ns
    Discrete Jitter          (DJ):    0.000ns
    Phase Error              (PE):    0.000ns

    Location             Delay type                Incr(ns)  Path(ns)    Netlist Resource(s)
  -------------------------------------------------------------------    -------------------
    SLICE_X73Y17         FDRE                         0.000     0.000 r  design_2_i/top_onn_system_wrapp_0/inst/riya/onn_1/phi_out_reg[15][3]/C
    SLICE_X73Y17         FDRE (Prop_fdre_C_Q)         0.141     0.141 r  design_2_i/top_onn_system_wrapp_0/inst/riya/onn_1/phi_out_reg[15][3]/Q
                         net (fo=12, routed)          0.326     0.467    design_2_i/top_onn_system_wrapp_0/inst/riya/onn_1/matcher_inst/phi_out_flat[63]
    SLICE_X83Y17         LUT6 (Prop_lut6_I1_O)        0.045     0.512 r  design_2_i/top_onn_system_wrapp_0/inst/riya/onn_1/matcher_inst/min_total_diff[3]_i_25/O
                         net (fo=4, routed)           0.607     1.119    design_2_i/top_onn_system_wrapp_0/inst/riya/onn_1/matcher_inst/min_total_diff[3]_i_25_n_0
    SLICE_X84Y5          LUT6 (Prop_lut6_I1_O)        0.045     1.164 r  design_2_i/top_onn_system_wrapp_0/inst/riya/onn_1/matcher_inst/min_total_diff[3]_i_9/O
                         net (fo=1, routed)           0.000     1.164    design_2_i/top_onn_system_wrapp_0/inst/riya/onn_1/matcher_inst/min_total_diff[3]_i_9_n_0
    SLICE_X84Y5          CARRY4 (Prop_carry4_S[0]_O[1])
                                                      0.106     1.270 r  design_2_i/top_onn_system_wrapp_0/inst/riya/onn_1/matcher_inst/min_total_diff_reg[3]_i_1/O[1]
                         net (fo=3, routed)           0.000     1.270    design_2_i/top_onn_system_wrapp_0/inst/riya/onn_1/matcher_inst/current_total_diff[1]
    SLICE_X84Y5          FDPE                                         r  design_2_i/top_onn_system_wrapp_0/inst/riya/onn_1/matcher_inst/min_total_diff_reg[1]/D
  -------------------------------------------------------------------    -------------------

                         (clock clk_fpga_0 rise edge)
                                                      0.000     0.000 r  
    PS7_X0Y0             PS7                          0.000     0.000 r  design_2_i/processing_system7_0/inst/PS7_i/FCLKCLK[0]
                         net (fo=1, routed)           0.337     0.337    design_2_i/processing_system7_0/inst/FCLK_CLK_unbuffered[0]
    BUFGCTRL_X0Y16       BUFG (Prop_bufg_I_O)         0.029     0.366 r  design_2_i/processing_system7_0/inst/buffer_fclk_clk_0.FCLK_CLK_0_BUFG/O
                         net (fo=2094, routed)        0.858     1.224    design_2_i/top_onn_system_wrapp_0/inst/riya/onn_1/matcher_inst/clk
    SLICE_X84Y5          FDPE                                         r  design_2_i/top_onn_system_wrapp_0/inst/riya/onn_1/matcher_inst/min_total_diff_reg[1]/C

Slack:                    inf
  Source:                 design_2_i/top_onn_system_wrapp_0/inst/riya/onn_1/start_match_reg/C
                            (rising edge-triggered cell FDCE)
  Destination:            design_2_i/top_onn_system_wrapp_0/inst/riya/onn_1/matcher_inst/index_reg_rep[6]/CE
                            (rising edge-triggered cell FDCE clocked by clk_fpga_0  {rise@0.000ns fall@10.000ns period=20.000ns})
  Path Group:             (none)
  Path Type:              Hold (Min at Fast Process Corner)
  Data Path Delay:        1.276ns  (logic 0.186ns (14.574%)  route 1.090ns (85.426%))
  Logic Levels:           2  (FDCE=1 LUT3=1)
  Clock Uncertainty:      0.301ns  ((TSJ^2 + TIJ^2)^1/2 + DJ) / 2 + PE
    Total System Jitter     (TSJ):    0.050ns
    Total Input Jitter      (TIJ):    0.600ns
    Discrete Jitter          (DJ):    0.000ns
    Phase Error              (PE):    0.000ns

    Location             Delay type                Incr(ns)  Path(ns)    Netlist Resource(s)
  -------------------------------------------------------------------    -------------------
    SLICE_X49Y33         FDCE                         0.000     0.000 r  design_2_i/top_onn_system_wrapp_0/inst/riya/onn_1/start_match_reg/C
    SLICE_X49Y33         FDCE (Prop_fdce_C_Q)         0.141     0.141 r  design_2_i/top_onn_system_wrapp_0/inst/riya/onn_1/start_match_reg/Q
                         net (fo=4, routed)           0.849     0.990    design_2_i/top_onn_system_wrapp_0/inst/riya/onn_1/matcher_inst/start_match
    SLICE_X71Y18         LUT3 (Prop_lut3_I1_O)        0.045     1.035 r  design_2_i/top_onn_system_wrapp_0/inst/riya/onn_1/matcher_inst/index_rep[0]_i_1/O
                         net (fo=8, routed)           0.241     1.276    design_2_i/top_onn_system_wrapp_0/inst/riya/onn_1/matcher_inst/index_rep[0]_i_1_n_0
    SLICE_X68Y16         FDCE                                         r  design_2_i/top_onn_system_wrapp_0/inst/riya/onn_1/matcher_inst/index_reg_rep[6]/CE
  -------------------------------------------------------------------    -------------------

                         (clock clk_fpga_0 rise edge)
                                                      0.000     0.000 r  
    PS7_X0Y0             PS7                          0.000     0.000 r  design_2_i/processing_system7_0/inst/PS7_i/FCLKCLK[0]
                         net (fo=1, routed)           0.337     0.337    design_2_i/processing_system7_0/inst/FCLK_CLK_unbuffered[0]
    BUFGCTRL_X0Y16       BUFG (Prop_bufg_I_O)         0.029     0.366 r  design_2_i/processing_system7_0/inst/buffer_fclk_clk_0.FCLK_CLK_0_BUFG/O
                         net (fo=2094, routed)        0.847     1.213    design_2_i/top_onn_system_wrapp_0/inst/riya/onn_1/matcher_inst/clk
    SLICE_X68Y16         FDCE                                         r  design_2_i/top_onn_system_wrapp_0/inst/riya/onn_1/matcher_inst/index_reg_rep[6]/C

Slack:                    inf
  Source:                 design_2_i/top_onn_system_wrapp_0/inst/riya/onn_1/start_match_reg/C
                            (rising edge-triggered cell FDCE)
  Destination:            design_2_i/top_onn_system_wrapp_0/inst/riya/onn_1/matcher_inst/index_reg_rep[2]/CE
                            (rising edge-triggered cell FDCE clocked by clk_fpga_0  {rise@0.000ns fall@10.000ns period=20.000ns})
  Path Group:             (none)
  Path Type:              Hold (Min at Fast Process Corner)
  Data Path Delay:        1.304ns  (logic 0.186ns (14.267%)  route 1.118ns (85.733%))
  Logic Levels:           2  (FDCE=1 LUT3=1)
  Clock Uncertainty:      0.301ns  ((TSJ^2 + TIJ^2)^1/2 + DJ) / 2 + PE
    Total System Jitter     (TSJ):    0.050ns
    Total Input Jitter      (TIJ):    0.600ns
    Discrete Jitter          (DJ):    0.000ns
    Phase Error              (PE):    0.000ns

    Location             Delay type                Incr(ns)  Path(ns)    Netlist Resource(s)
  -------------------------------------------------------------------    -------------------
    SLICE_X49Y33         FDCE                         0.000     0.000 r  design_2_i/top_onn_system_wrapp_0/inst/riya/onn_1/start_match_reg/C
    SLICE_X49Y33         FDCE (Prop_fdce_C_Q)         0.141     0.141 r  design_2_i/top_onn_system_wrapp_0/inst/riya/onn_1/start_match_reg/Q
                         net (fo=4, routed)           0.849     0.990    design_2_i/top_onn_system_wrapp_0/inst/riya/onn_1/matcher_inst/start_match
    SLICE_X71Y18         LUT3 (Prop_lut3_I1_O)        0.045     1.035 r  design_2_i/top_onn_system_wrapp_0/inst/riya/onn_1/matcher_inst/index_rep[0]_i_1/O
                         net (fo=8, routed)           0.269     1.304    design_2_i/top_onn_system_wrapp_0/inst/riya/onn_1/matcher_inst/index_rep[0]_i_1_n_0
    SLICE_X71Y15         FDCE                                         r  design_2_i/top_onn_system_wrapp_0/inst/riya/onn_1/matcher_inst/index_reg_rep[2]/CE
  -------------------------------------------------------------------    -------------------

                         (clock clk_fpga_0 rise edge)
                                                      0.000     0.000 r  
    PS7_X0Y0             PS7                          0.000     0.000 r  design_2_i/processing_system7_0/inst/PS7_i/FCLKCLK[0]
                         net (fo=1, routed)           0.337     0.337    design_2_i/processing_system7_0/inst/FCLK_CLK_unbuffered[0]
    BUFGCTRL_X0Y16       BUFG (Prop_bufg_I_O)         0.029     0.366 r  design_2_i/processing_system7_0/inst/buffer_fclk_clk_0.FCLK_CLK_0_BUFG/O
                         net (fo=2094, routed)        0.848     1.214    design_2_i/top_onn_system_wrapp_0/inst/riya/onn_1/matcher_inst/clk
    SLICE_X71Y15         FDCE                                         r  design_2_i/top_onn_system_wrapp_0/inst/riya/onn_1/matcher_inst/index_reg_rep[2]/C

Slack:                    inf
  Source:                 design_2_i/top_onn_system_wrapp_0/inst/riya/onn_1/start_match_reg/C
                            (rising edge-triggered cell FDCE)
  Destination:            design_2_i/top_onn_system_wrapp_0/inst/riya/onn_1/matcher_inst/index_reg_rep[3]/CE
                            (rising edge-triggered cell FDCE clocked by clk_fpga_0  {rise@0.000ns fall@10.000ns period=20.000ns})
  Path Group:             (none)
  Path Type:              Hold (Min at Fast Process Corner)
  Data Path Delay:        1.304ns  (logic 0.186ns (14.267%)  route 1.118ns (85.733%))
  Logic Levels:           2  (FDCE=1 LUT3=1)
  Clock Uncertainty:      0.301ns  ((TSJ^2 + TIJ^2)^1/2 + DJ) / 2 + PE
    Total System Jitter     (TSJ):    0.050ns
    Total Input Jitter      (TIJ):    0.600ns
    Discrete Jitter          (DJ):    0.000ns
    Phase Error              (PE):    0.000ns

    Location             Delay type                Incr(ns)  Path(ns)    Netlist Resource(s)
  -------------------------------------------------------------------    -------------------
    SLICE_X49Y33         FDCE                         0.000     0.000 r  design_2_i/top_onn_system_wrapp_0/inst/riya/onn_1/start_match_reg/C
    SLICE_X49Y33         FDCE (Prop_fdce_C_Q)         0.141     0.141 r  design_2_i/top_onn_system_wrapp_0/inst/riya/onn_1/start_match_reg/Q
                         net (fo=4, routed)           0.849     0.990    design_2_i/top_onn_system_wrapp_0/inst/riya/onn_1/matcher_inst/start_match
    SLICE_X71Y18         LUT3 (Prop_lut3_I1_O)        0.045     1.035 r  design_2_i/top_onn_system_wrapp_0/inst/riya/onn_1/matcher_inst/index_rep[0]_i_1/O
                         net (fo=8, routed)           0.269     1.304    design_2_i/top_onn_system_wrapp_0/inst/riya/onn_1/matcher_inst/index_rep[0]_i_1_n_0
    SLICE_X71Y15         FDCE                                         r  design_2_i/top_onn_system_wrapp_0/inst/riya/onn_1/matcher_inst/index_reg_rep[3]/CE
  -------------------------------------------------------------------    -------------------

                         (clock clk_fpga_0 rise edge)
                                                      0.000     0.000 r  
    PS7_X0Y0             PS7                          0.000     0.000 r  design_2_i/processing_system7_0/inst/PS7_i/FCLKCLK[0]
                         net (fo=1, routed)           0.337     0.337    design_2_i/processing_system7_0/inst/FCLK_CLK_unbuffered[0]
    BUFGCTRL_X0Y16       BUFG (Prop_bufg_I_O)         0.029     0.366 r  design_2_i/processing_system7_0/inst/buffer_fclk_clk_0.FCLK_CLK_0_BUFG/O
                         net (fo=2094, routed)        0.848     1.214    design_2_i/top_onn_system_wrapp_0/inst/riya/onn_1/matcher_inst/clk
    SLICE_X71Y15         FDCE                                         r  design_2_i/top_onn_system_wrapp_0/inst/riya/onn_1/matcher_inst/index_reg_rep[3]/C





